Datetime,Close,High,Low,Open,Volume
2023-09-19 09:30:00-04:00,7.880000114440918,7.960000038146973,7.84499979019165,7.880000114440918,67702
2023-09-19 10:30:00-04:00,7.914999961853027,7.960000038146973,7.860000133514404,7.875,57884
2023-09-19 11:30:00-04:00,7.914999961853027,7.925000190734863,7.894999980926514,7.914999961853027,28662
2023-09-19 12:30:00-04:00,7.945000171661377,7.960000038146973,7.900000095367432,7.909999847412109,41310
2023-09-19 13:30:00-04:00,7.960000038146973,8.005000114440918,7.940000057220459,7.945000171661377,59555
2023-09-19 14:30:00-04:00,7.989999771118164,8.010000228881836,7.960000038146973,7.965000152587891,70482
2023-09-19 15:30:00-04:00,8.0,8.010000228881836,7.954999923706055,7.980000019073486,158011
2023-09-20 09:30:00-04:00,8.270000457763672,8.279999732971191,8.0,8.0600004196167,159835
2023-09-20 10:30:00-04:00,8.239999771118164,8.279999732971191,8.1899995803833,8.274999618530273,91662
2023-09-20 11:30:00-04:00,8.210000038146973,8.300000190734863,8.210000038146973,8.244999885559082,107528
2023-09-20 12:30:00-04:00,8.229999542236328,8.265000343322754,8.164999961853027,8.210000038146973,82931
2023-09-20 13:30:00-04:00,8.239999771118164,8.255000114440918,8.140000343322754,8.229999542236328,104363
2023-09-20 14:30:00-04:00,8.175000190734863,8.25,8.149999618530273,8.234999656677246,131929
2023-09-20 15:30:00-04:00,8.0600004196167,8.180000305175781,8.050000190734863,8.180000305175781,215876
2023-09-21 09:30:00-04:00,7.800000190734863,7.980000019073486,7.695000171661377,7.949999809265137,77054
2023-09-21 10:30:00-04:00,7.659999847412109,7.800000190734863,7.659999847412109,7.795000076293945,44541
2023-09-21 11:30:00-04:00,7.5920000076293945,7.730000019073486,7.590000152587891,7.664999961853027,47830
2023-09-21 12:30:00-04:00,7.639999866485596,7.639999866485596,7.570000171661377,7.59499979019165,29162
2023-09-21 13:30:00-04:00,7.590000152587891,7.670000076293945,7.570000171661377,7.650000095367432,59223
2023-09-21 14:30:00-04:00,7.574999809265137,7.6097002029418945,7.559999942779541,7.590000152587891,60544
2023-09-21 15:30:00-04:00,7.559999942779541,7.579999923706055,7.539999961853027,7.574999809265137,144199
2023-09-22 09:30:00-04:00,7.690000057220459,7.71999979019165,7.550000190734863,7.610000133514404,62877
2023-09-22 10:30:00-04:00,7.755000114440918,7.784999847412109,7.695000171661377,7.695000171661377,56603
2023-09-22 11:30:00-04:00,7.809999942779541,7.809999942779541,7.75,7.75,69390
2023-09-22 12:30:00-04:00,7.800000190734863,7.889999866485596,7.800000190734863,7.809999942779541,100083
2023-09-22 13:30:00-04:00,7.800000190734863,7.840000152587891,7.78000020980835,7.804999828338623,64482
2023-09-22 14:30:00-04:00,7.919000148773193,7.949999809265137,7.784999847412109,7.789999961853027,146435
2023-09-22 15:30:00-04:00,7.864999771118164,7.929999828338623,7.860000133514404,7.920000076293945,245827
2023-09-25 09:30:00-04:00,7.829999923706055,7.869999885559082,7.644999980926514,7.739999771118164,70095
2023-09-25 10:30:00-04:00,7.900000095367432,7.900000095367432,7.804999828338623,7.835000038146973,56550
2023-09-25 11:30:00-04:00,7.934999942779541,7.940000057220459,7.880000114440918,7.900000095367432,38964
2023-09-25 12:30:00-04:00,7.840000152587891,7.940000057220459,7.829999923706055,7.940000057220459,56549
2023-09-25 13:30:00-04:00,7.795000076293945,7.885000228881836,7.784999847412109,7.849999904632568,67919
2023-09-25 14:30:00-04:00,7.795000076293945,7.800000190734863,7.71999979019165,7.789999961853027,108203
2023-09-25 15:30:00-04:00,7.800000190734863,7.815000057220459,7.739999771118164,7.800000190734863,156016
2023-09-26 09:30:00-04:00,7.697500228881836,7.829999923706055,7.630000114440918,7.630000114440918,78168
2023-09-26 10:30:00-04:00,7.78000020980835,7.804999828338623,7.644999980926514,7.695000171661377,93529
2023-09-26 11:30:00-04:00,7.744999885559082,7.800000190734863,7.71999979019165,7.775000095367432,62616
2023-09-26 12:30:00-04:00,7.860000133514404,7.869999885559082,7.744999885559082,7.744999885559082,111501
2023-09-26 13:30:00-04:00,7.96999979019165,8.020000457763672,7.815000057220459,7.849999904632568,292426
2023-09-26 14:30:00-04:00,7.925000190734863,7.96999979019165,7.885000228881836,7.96999979019165,220731
2023-09-26 15:30:00-04:00,7.920000076293945,7.949999809265137,7.860000133514404,7.925000190734863,316555
2023-09-27 09:30:00-04:00,8.039999961853027,8.180000305175781,8.010000228881836,8.069999694824219,90210
2023-09-27 10:30:00-04:00,8.220000267028809,8.239999771118164,8.03499984741211,8.03499984741211,140173
2023-09-27 11:30:00-04:00,8.149999618530273,8.220000267028809,8.119999885559082,8.220000267028809,124088
2023-09-27 12:30:00-04:00,8.039999961853027,8.149999618530273,8.020000457763672,8.145000457763672,222022
2023-09-27 13:30:00-04:00,8.03499984741211,8.050000190734863,7.989999771118164,8.039999961853027,99012
2023-09-27 14:30:00-04:00,7.96999979019165,8.100000381469727,7.960000038146973,8.039999961853027,287822
2023-09-27 15:30:00-04:00,8.010000228881836,8.020000457763672,7.949999809265137,7.96999979019165,182142
2023-09-28 09:30:00-04:00,8.005000114440918,8.260000228881836,7.989999771118164,8.260000228881836,728891
2023-09-28 10:30:00-04:00,8.09000015258789,8.109999656677246,7.889999866485596,8.005000114440918,131673
2023-09-28 11:30:00-04:00,8.130000114440918,8.154999732971191,8.0600004196167,8.100000381469727,94487
2023-09-28 12:30:00-04:00,8.149999618530273,8.1899995803833,8.109999656677246,8.130000114440918,95649
2023-09-28 13:30:00-04:00,8.125,8.149999618530273,8.09000015258789,8.149999618530273,121363
2023-09-28 14:30:00-04:00,8.114999771118164,8.154999732971191,8.100000381469727,8.125,141128
2023-09-28 15:30:00-04:00,8.039999961853027,8.130000114440918,8.039999961853027,8.114999771118164,290895
2023-09-29 09:30:00-04:00,8.079999923706055,8.170000076293945,7.98799991607666,8.140000343322754,129023
2023-09-29 10:30:00-04:00,8.145000457763672,8.210000038146973,8.09000015258789,8.09000015258789,136842
2023-09-29 11:30:00-04:00,8.15999984741211,8.170000076293945,8.135000228881836,8.149999618530273,95740
2023-09-29 12:30:00-04:00,8.194999694824219,8.225000381469727,8.149999618530273,8.164999961853027,116853
2023-09-29 13:30:00-04:00,8.237299919128418,8.260000228881836,8.180000305175781,8.194999694824219,108644
2023-09-29 14:30:00-04:00,8.305000305175781,8.350000381469727,8.225000381469727,8.239999771118164,180310
2023-09-29 15:30:00-04:00,8.359999656677246,8.369999885559082,8.274999618530273,8.305000305175781,506135
2023-10-02 09:30:00-04:00,8.109999656677246,8.3100004196167,8.109999656677246,8.3100004196167,99191
2023-10-02 10:30:00-04:00,8.130000114440918,8.149999618530273,8.039999961853027,8.100000381469727,120632
2023-10-02 11:30:00-04:00,8.079999923706055,8.14900016784668,8.074999809265137,8.130000114440918,79965
2023-10-02 12:30:00-04:00,8.149999618530273,8.154999732971191,8.069999694824219,8.079999923706055,93726
2023-10-02 13:30:00-04:00,8.140000343322754,8.180000305175781,8.130000114440918,8.154999732971191,60278
2023-10-02 14:30:00-04:00,8.154999732971191,8.170000076293945,8.09000015258789,8.140000343322754,127554
2023-10-02 15:30:00-04:00,8.130000114440918,8.15999984741211,8.100000381469727,8.149999618530273,167551
2023-10-03 09:30:00-04:00,8.085000038146973,8.210000038146973,8.029999732971191,8.069999694824219,80664
2023-10-03 10:30:00-04:00,8.09000015258789,8.104999542236328,8.03499984741211,8.084199905395508,146407
2023-10-03 11:30:00-04:00,8.015000343322754,8.100000381469727,7.989999771118164,8.09000015258789,163468
2023-10-03 12:30:00-04:00,8.005000114440918,8.069999694824219,8.005000114440918,8.015000343322754,93656
2023-10-03 13:30:00-04:00,8.015000343322754,8.015000343322754,7.96999979019165,8.010000228881836,153453
2023-10-03 14:30:00-04:00,7.994999885559082,8.0600004196167,7.945000171661377,8.015000343322754,136830
2023-10-03 15:30:00-04:00,8.020000457763672,8.020000457763672,7.96999979019165,7.994999885559082,303791
2023-10-04 09:30:00-04:00,7.901199817657471,8.140000343322754,7.900000095367432,8.0600004196167,105354
2023-10-04 10:30:00-04:00,7.980000019073486,8.015000343322754,7.889999866485596,7.90500020980835,60046
2023-10-04 11:30:00-04:00,8.0,8.010000228881836,7.954999923706055,7.974999904632568,105946
2023-10-04 12:30:00-04:00,7.980000019073486,8.0,7.945000171661377,7.994999885559082,82733
2023-10-04 13:30:00-04:00,7.994999885559082,8.0,7.949999809265137,7.980000019073486,65654
2023-10-04 14:30:00-04:00,8.039999961853027,8.050000190734863,7.96999979019165,7.994999885559082,144850
2023-10-04 15:30:00-04:00,8.104999542236328,8.119999885559082,8.039999961853027,8.039999961853027,200565
2023-10-05 09:30:00-04:00,8.104999542236328,8.15999984741211,8.029999732971191,8.0600004196167,73231
2023-10-05 10:30:00-04:00,8.100000381469727,8.119999885559082,8.069999694824219,8.104999542236328,36374
2023-10-05 11:30:00-04:00,8.164999961853027,8.170000076293945,8.09000015258789,8.095000267028809,44134
2023-10-05 12:30:00-04:00,8.145000457763672,8.170000076293945,8.109999656677246,8.15999984741211,35526
2023-10-05 13:30:00-04:00,8.225000381469727,8.239999771118164,8.13010025024414,8.140000343322754,72122
2023-10-05 14:30:00-04:00,8.3100004196167,8.329999923706055,8.225000381469727,8.229999542236328,88982
2023-10-05 15:30:00-04:00,8.380000114440918,8.399999618530273,8.300000190734863,8.305000305175781,421024
2023-10-06 09:30:00-04:00,8.364999771118164,8.369999885559082,8.170000076293945,8.270000457763672,231391
2023-10-06 10:30:00-04:00,8.470000267028809,8.470000267028809,8.364999771118164,8.369999885559082,72933
2023-10-06 11:30:00-04:00,8.5649995803833,8.569999694824219,8.479999542236328,8.484999656677246,75210
2023-10-06 12:30:00-04:00,8.444999694824219,8.5649995803833,8.40999984741211,8.5649995803833,112558
2023-10-06 13:30:00-04:00,8.420000076293945,8.479999542236328,8.380000114440918,8.444999694824219,91473
2023-10-06 14:30:00-04:00,8.515000343322754,8.53499984741211,8.420000076293945,8.420000076293945,181235
2023-10-06 15:30:00-04:00,8.5,8.524999618530273,8.470000267028809,8.515000343322754,321210
2023-10-09 09:30:00-04:00,8.604999542236328,8.625,8.279999732971191,8.369999885559082,112812
2023-10-09 10:30:00-04:00,8.600000381469727,8.619999885559082,8.490099906921387,8.600000381469727,98125
2023-10-09 11:30:00-04:00,8.664999961853027,8.675000190734863,8.571000099182129,8.600000381469727,262787
2023-10-09 12:30:00-04:00,8.725000381469727,8.729999542236328,8.595000267028809,8.664999961853027,85854
2023-10-09 13:30:00-04:00,8.694999694824219,8.75,8.6899995803833,8.725000381469727,91129
2023-10-09 14:30:00-04:00,8.755000114440918,8.78499984741211,8.699999809265137,8.699999809265137,109647
2023-10-09 15:30:00-04:00,8.75,8.8100004196167,8.729999542236328,8.755000114440918,375987
2023-10-10 09:30:00-04:00,8.805000305175781,8.920000076293945,8.65999984741211,8.739999771118164,104161
2023-10-10 10:30:00-04:00,8.8149995803833,8.899999618530273,8.800000190734863,8.800000190734863,76333
2023-10-10 11:30:00-04:00,8.694999694824219,8.819999694824219,8.681500434875488,8.8149995803833,99652
2023-10-10 12:30:00-04:00,8.710000038146973,8.71500015258789,8.675000190734863,8.694999694824219,78404
2023-10-10 13:30:00-04:00,8.694999694824219,8.734999656677246,8.694999694824219,8.704999923706055,122887
2023-10-10 14:30:00-04:00,8.71500015258789,8.720000267028809,8.6850004196167,8.694999694824219,127558
2023-10-10 15:30:00-04:00,8.770000457763672,8.779999732971191,8.712499618530273,8.71500015258789,381691
2023-10-11 09:30:00-04:00,8.6899995803833,8.84000015258789,8.670000076293945,8.75,96096
2023-10-11 10:30:00-04:00,8.704999923706055,8.720000267028809,8.65999984741211,8.680000305175781,66592
2023-10-11 11:30:00-04:00,8.704999923706055,8.720000267028809,8.6899995803833,8.699999809265137,88556
2023-10-11 12:30:00-04:00,8.640000343322754,8.710000038146973,8.630000114440918,8.704999923706055,94223
2023-10-11 13:30:00-04:00,8.694999694824219,8.70989990234375,8.630000114440918,8.635000228881836,88408
2023-10-11 14:30:00-04:00,8.71500015258789,8.720000267028809,8.6899995803833,8.6899995803833,96344
2023-10-11 15:30:00-04:00,8.739999771118164,8.75100040435791,8.704999923706055,8.71500015258789,260330
2023-10-12 09:30:00-04:00,8.720000267028809,8.765000343322754,8.619999885559082,8.729999542236328,119861
2023-10-12 10:30:00-04:00,8.739999771118164,8.75,8.6850004196167,8.71500015258789,137523
2023-10-12 11:30:00-04:00,8.795000076293945,8.819999694824219,8.729999542236328,8.739999771118164,36925
2023-10-12 12:30:00-04:00,8.720000267028809,8.795000076293945,8.6850004196167,8.795000076293945,60322
2023-10-12 13:30:00-04:00,8.675000190734863,8.729999542236328,8.625,8.71500015258789,130275
2023-10-12 14:30:00-04:00,8.6850004196167,8.710000038146973,8.635000228881836,8.675000190734863,265565
2023-10-12 15:30:00-04:00,8.720000267028809,8.729999542236328,8.670000076293945,8.6850004196167,229573
2023-10-13 09:30:00-04:00,8.569999694824219,8.699999809265137,8.524999618530273,8.699999809265137,0
2023-10-13 10:30:00-04:00,8.5,8.600000381469727,8.475000381469727,8.5649995803833,150364
2023-10-13 11:30:00-04:00,8.539999961853027,8.539999961853027,8.46500015258789,8.5,91623
2023-10-13 12:30:00-04:00,8.454999923706055,8.5649995803833,8.444999694824219,8.53499984741211,303760
2023-10-13 13:30:00-04:00,8.484999656677246,8.510000228881836,8.4350004196167,8.454999923706055,204254
2023-10-13 14:30:00-04:00,8.550000190734863,8.555000305175781,8.479999542236328,8.489999771118164,118227
2023-10-13 15:30:00-04:00,8.550000190734863,8.5600004196167,8.510000228881836,8.545000076293945,300329
2023-10-16 09:30:00-04:00,8.744999885559082,8.75,8.579999923706055,8.619999885559082,71906
2023-10-16 10:30:00-04:00,8.75,8.770000457763672,8.670000076293945,8.744999885559082,77027
2023-10-16 11:30:00-04:00,8.795000076293945,8.800000190734863,8.739999771118164,8.75,41814
2023-10-16 12:30:00-04:00,8.800000190734863,8.829999923706055,8.770000457763672,8.795000076293945,105456
2023-10-16 13:30:00-04:00,8.8100004196167,8.869999885559082,8.805000305175781,8.805000305175781,84247
2023-10-16 14:30:00-04:00,8.819999694824219,8.829999923706055,8.795000076293945,8.8100004196167,82032
2023-10-16 15:30:00-04:00,8.770000457763672,8.824999809265137,8.744999885559082,8.819999694824219,331457
2023-10-17 09:30:00-04:00,8.774999618530273,8.805000305175781,8.569999694824219,8.65999984741211,81511
2023-10-17 10:30:00-04:00,8.824999809265137,8.859999656677246,8.744999885559082,8.770000457763672,102653
2023-10-17 11:30:00-04:00,8.824999809265137,8.84000015258789,8.8149995803833,8.824999809265137,46799
2023-10-17 12:30:00-04:00,8.880000114440918,8.949999809265137,8.819999694824219,8.824999809265137,188090
2023-10-17 13:30:00-04:00,8.885000228881836,8.890000343322754,8.8149995803833,8.875,80745
2023-10-17 14:30:00-04:00,8.975000381469727,8.979999542236328,8.85949993133545,8.885000228881836,191625
2023-10-17 15:30:00-04:00,9.0,9.020000457763672,8.970000267028809,8.975000381469727,550137
2023-10-18 09:30:00-04:00,8.890000343322754,8.949999809265137,8.850000381469727,8.930000305175781,67038
2023-10-18 10:30:00-04:00,8.890000343322754,8.914999961853027,8.845000267028809,8.890000343322754,57883
2023-10-18 11:30:00-04:00,8.904999732971191,8.9350004196167,8.869999885559082,8.890000343322754,70728
2023-10-18 12:30:00-04:00,8.914999961853027,8.9350004196167,8.869999885559082,8.899999618530273,62113
2023-10-18 13:30:00-04:00,8.944999694824219,8.960000038146973,8.899999618530273,8.914999961853027,66139
2023-10-18 14:30:00-04:00,8.914999961853027,8.970000267028809,8.914999961853027,8.949999809265137,113903
2023-10-18 15:30:00-04:00,8.789999961853027,8.9399995803833,8.789999961853027,8.914999961853027,847712
2023-10-19 09:30:00-04:00,8.670000076293945,8.829999923706055,8.640000343322754,8.829999923706055,665900
2023-10-19 10:30:00-04:00,8.614999771118164,8.720000267028809,8.539999961853027,8.670000076293945,121253
2023-10-19 11:30:00-04:00,8.6850004196167,8.720000267028809,8.614999771118164,8.614999771118164,147525
2023-10-19 12:30:00-04:00,8.84000015258789,8.84000015258789,8.640000343322754,8.6850004196167,168022
2023-10-19 13:30:00-04:00,8.725000381469727,8.829999923706055,8.720000267028809,8.829999923706055,107903
2023-10-19 14:30:00-04:00,8.704999923706055,8.770000457763672,8.694999694824219,8.725000381469727,137184
2023-10-19 15:30:00-04:00,8.75,8.760000228881836,8.699999809265137,8.704999923706055,323244
2023-10-20 09:30:00-04:00,8.489999771118164,8.6899995803833,8.420000076293945,8.6899995803833,0
2023-10-20 10:30:00-04:00,8.454999923706055,8.505000114440918,8.369999885559082,8.494999885559082,279408
2023-10-20 11:30:00-04:00,8.420000076293945,8.494999885559082,8.364999771118164,8.449999809265137,119377
2023-10-20 12:30:00-04:00,8.479999542236328,8.484999656677246,8.399999618530273,8.420000076293945,99736
2023-10-20 13:30:00-04:00,8.460000038146973,8.515000343322754,8.4399995803833,8.479999542236328,89597
2023-10-20 14:30:00-04:00,8.420000076293945,8.460000038146973,8.390000343322754,8.459500312805176,193072
2023-10-20 15:30:00-04:00,8.369999885559082,8.4399995803833,8.369999885559082,8.425000190734863,363442
2023-10-23 09:30:00-04:00,7.894999980926514,8.262700080871582,7.869999885559082,8.260000228881836,278799
2023-10-23 10:30:00-04:00,7.945000171661377,7.96999979019165,7.84499979019165,7.894999980926514,182768
2023-10-23 11:30:00-04:00,7.909999847412109,7.949999809265137,7.869999885559082,7.945000171661377,76229
2023-10-23 12:30:00-04:00,7.900000095367432,8.010000228881836,7.900000095367432,7.920000076293945,128383
2023-10-23 13:30:00-04:00,7.864999771118164,7.909999847412109,7.84499979019165,7.900000095367432,88286
2023-10-23 14:30:00-04:00,7.840000152587891,7.929999828338623,7.840000152587891,7.864999771118164,166059
2023-10-23 15:30:00-04:00,7.815000057220459,7.869999885559082,7.809999942779541,7.840000152587891,296777
2023-10-24 09:30:00-04:00,8.029999732971191,8.029999732971191,7.855000019073486,7.920000076293945,233818
2023-10-24 10:30:00-04:00,8.050000190734863,8.069999694824219,8.029999732971191,8.039999961853027,224111
2023-10-24 11:30:00-04:00,8.055000305175781,8.135000228881836,8.045000076293945,8.050000190734863,161403
2023-10-24 12:30:00-04:00,8.09000015258789,8.095000267028809,7.998000144958496,8.055000305175781,207014
2023-10-24 13:30:00-04:00,8.109999656677246,8.119999885559082,8.069999694824219,8.09000015258789,130577
2023-10-24 14:30:00-04:00,8.114999771118164,8.149999618530273,8.100000381469727,8.119999885559082,202740
2023-10-24 15:30:00-04:00,8.140000343322754,8.15999984741211,8.100000381469727,8.114999771118164,211837
2023-10-25 09:30:00-04:00,8.020000457763672,8.109999656677246,8.0,8.020000457763672,0
2023-10-25 10:30:00-04:00,8.050000190734863,8.055000305175781,8.010000228881836,8.020000457763672,45011
2023-10-25 11:30:00-04:00,7.960000038146973,8.047499656677246,7.960000038146973,8.039999961853027,174480
2023-10-25 12:30:00-04:00,7.804999828338623,7.955999851226807,7.804999828338623,7.949999809265137,72117
2023-10-25 13:30:00-04:00,7.690000057220459,7.809999942779541,7.690000057220459,7.800000190734863,134363
2023-10-25 14:30:00-04:00,7.65500020980835,7.707499980926514,7.650000095367432,7.691999912261963,97497
2023-10-25 15:30:00-04:00,7.599999904632568,7.675000190734863,7.599999904632568,7.659999847412109,273929
2023-10-26 09:30:00-04:00,7.53000020980835,7.724999904632568,7.449999809265137,7.619999885559082,151369
2023-10-26 10:30:00-04:00,7.610000133514404,7.670000076293945,7.460000038146973,7.519999980926514,194722
2023-10-26 11:30:00-04:00,7.539999961853027,7.710000038146973,7.53000020980835,7.605000019073486,79336
2023-10-26 12:30:00-04:00,7.525000095367432,7.570000171661377,7.485000133514404,7.542500019073486,82310
2023-10-26 13:30:00-04:00,7.675000190734863,7.730000019073486,7.525000095367432,7.525000095367432,199319
2023-10-26 14:30:00-04:00,7.710000038146973,7.755000114440918,7.664999961853027,7.675000190734863,147863
2023-10-26 15:30:00-04:00,7.659999847412109,7.75,7.630000114440918,7.704999923706055,289189
2023-10-27 09:30:00-04:00,7.800000190734863,7.909999847412109,7.789999961853027,7.800000190734863,326822
2023-10-27 10:30:00-04:00,7.829999923706055,7.829999923706055,7.65500020980835,7.804999828338623,79946
2023-10-27 11:30:00-04:00,7.679999828338623,7.824999809265137,7.664999961853027,7.820199966430664,58278
2023-10-27 12:30:00-04:00,7.639999866485596,7.699999809265137,7.599999904632568,7.679999828338623,48592
2023-10-27 13:30:00-04:00,7.630000114440918,7.659999847412109,7.625,7.630000114440918,52349
2023-10-27 14:30:00-04:00,7.644999980926514,7.670000076293945,7.619999885559082,7.635000228881836,72210
2023-10-27 15:30:00-04:00,7.65500020980835,7.670000076293945,7.630000114440918,7.644999980926514,130108
2023-10-30 09:30:00-04:00,7.570000171661377,7.769999980926514,7.559999942779541,7.75,70404
2023-10-30 10:30:00-04:00,7.574999809265137,7.610000133514404,7.519999980926514,7.570000171661377,52976
2023-10-30 11:30:00-04:00,7.46999979019165,7.59499979019165,7.460000038146973,7.585000038146973,90900
2023-10-30 12:30:00-04:00,7.400000095367432,7.474999904632568,7.375,7.460000038146973,97668
2023-10-30 13:30:00-04:00,7.474999904632568,7.480000019073486,7.389999866485596,7.400000095367432,165145
2023-10-30 14:30:00-04:00,7.494999885559082,7.579999923706055,7.474999904632568,7.474999904632568,224362
2023-10-30 15:30:00-04:00,7.579999923706055,7.579999923706055,7.485000133514404,7.494999885559082,519021
2023-10-31 09:30:00-04:00,7.590000152587891,7.650000095367432,7.5,7.599999904632568,0
2023-10-31 10:30:00-04:00,7.585000038146973,7.659999847412109,7.579999923706055,7.59499979019165,93155
2023-10-31 11:30:00-04:00,7.619999885559082,7.630000114440918,7.550000190734863,7.590000152587891,68577
2023-10-31 12:30:00-04:00,7.679999828338623,7.690000057220459,7.625,7.625,133466
2023-10-31 13:30:00-04:00,7.71999979019165,7.730000019073486,7.670000076293945,7.684999942779541,86575
2023-10-31 14:30:00-04:00,7.739999771118164,7.769999980926514,7.715000152587891,7.71999979019165,140671
2023-10-31 15:30:00-04:00,7.800000190734863,7.809999942779541,7.739999771118164,7.744999885559082,445665
2023-11-01 09:30:00-04:00,7.760000228881836,7.784999847412109,7.670000076293945,7.730000019073486,223178
2023-11-01 10:30:00-04:00,7.635000228881836,7.764999866485596,7.635000228881836,7.755000114440918,181818
2023-11-01 11:30:00-04:00,7.724999904632568,7.739999771118164,7.630000114440918,7.630000114440918,117374
2023-11-01 12:30:00-04:00,7.75,7.75,7.690000057220459,7.724999904632568,108853
2023-11-01 13:30:00-04:00,7.670000076293945,7.75,7.670000076293945,7.744999885559082,100673
2023-11-01 14:30:00-04:00,7.704999923706055,7.715000152587891,7.579999923706055,7.670000076293945,196398
2023-11-01 15:30:00-04:00,7.71999979019165,7.735000133514404,7.684999942779541,7.704999923706055,334204
2023-11-02 09:30:00-04:00,7.815000057220459,8.180000305175781,7.630000114440918,8.029999732971191,535031
2023-11-02 10:30:00-04:00,7.795000076293945,7.849999904632568,7.75,7.809999942779541,338776
2023-11-02 11:30:00-04:00,7.809999942779541,7.820000171661377,7.71999979019165,7.795000076293945,421371
2023-11-02 12:30:00-04:00,7.804999828338623,7.829999923706055,7.739999771118164,7.809999942779541,327664
2023-11-02 13:30:00-04:00,7.900000095367432,7.920000076293945,7.800000190734863,7.804999828338623,308407
2023-11-02 14:30:00-04:00,7.949999809265137,7.960000038146973,7.875,7.90500020980835,333696
2023-11-02 15:30:00-04:00,8.100000381469727,8.109999656677246,7.929999828338623,7.954999923706055,866705
2023-11-03 09:30:00-04:00,8.34000015258789,8.524999618530273,8.0600004196167,8.149999618530273,317943
2023-11-03 10:30:00-04:00,8.364999771118164,8.444999694824219,8.329999923706055,8.345000267028809,161998
2023-11-03 11:30:00-04:00,8.390000343322754,8.414999961853027,8.364999771118164,8.364999771118164,120047
2023-11-03 12:30:00-04:00,8.390000343322754,8.470000267028809,8.350000381469727,8.399999618530273,150385
2023-11-03 13:30:00-04:00,8.364999771118164,8.40999984741211,8.34000015258789,8.390000343322754,151603
2023-11-03 14:30:00-04:00,8.470000267028809,8.470000267028809,8.354999542236328,8.364999771118164,192357
2023-11-03 15:30:00-04:00,8.430000305175781,8.5,8.404999732971191,8.470000267028809,439773
2023-11-06 09:30:00-05:00,8.170000076293945,8.319999694824219,8.09000015258789,8.319999694824219,139616
2023-11-06 10:30:00-05:00,8.125,8.21500015258789,8.109999656677246,8.164999961853027,61025
2023-11-06 11:30:00-05:00,8.109999656677246,8.180000305175781,8.100000381469727,8.125,57234
2023-11-06 12:30:00-05:00,8.069999694824219,8.164999961853027,8.050000190734863,8.114999771118164,92532
2023-11-06 13:30:00-05:00,8.100000381469727,8.119999885559082,8.069999694824219,8.069999694824219,95500
2023-11-06 14:30:00-05:00,8.109999656677246,8.130000114440918,8.09000015258789,8.100000381469727,94906
2023-11-06 15:30:00-05:00,8.130000114440918,8.154999732971191,8.100000381469727,8.104999542236328,248281
2023-11-07 09:30:00-05:00,8.53499984741211,8.585000038146973,8.0600004196167,8.239999771118164,227645
2023-11-07 10:30:00-05:00,8.562000274658203,8.680000305175781,8.520000457763672,8.53499984741211,114713
2023-11-07 11:30:00-05:00,8.529999732971191,8.630000114440918,8.524999618530273,8.5600004196167,86775
2023-11-07 12:30:00-05:00,8.5,8.550000190734863,8.5,8.529999732971191,84018
2023-11-07 13:30:00-05:00,8.4350004196167,8.5,8.430000305175781,8.5,99767
2023-11-07 14:30:00-05:00,8.4350004196167,8.460000038146973,8.420000076293945,8.4350004196167,133636
2023-11-07 15:30:00-05:00,8.4399995803833,8.460000038146973,8.430000305175781,8.4350004196167,292715
2023-11-08 09:30:00-05:00,8.399999618530273,8.494999885559082,8.359999656677246,8.470000267028809,113477
2023-11-08 10:30:00-05:00,8.404999732971191,8.4399995803833,8.345000267028809,8.404999732971191,77497
2023-11-08 11:30:00-05:00,8.354999542236328,8.414999961853027,8.350000381469727,8.399999618530273,69400
2023-11-08 12:30:00-05:00,8.399999618530273,8.4399995803833,8.350000381469727,8.354999542236328,75941
2023-11-08 13:30:00-05:00,8.414999961853027,8.425000190734863,8.399999618530273,8.409000396728516,57198
2023-11-08 14:30:00-05:00,8.40999984741211,8.430000305175781,8.385000228881836,8.420000076293945,78283
2023-11-08 15:30:00-05:00,8.420000076293945,8.430000305175781,8.390000343322754,8.414999961853027,219853
2023-11-09 09:30:00-05:00,8.329999923706055,8.529999732971191,8.3100004196167,8.520000457763672,69491
2023-11-09 10:30:00-05:00,8.40999984741211,8.420000076293945,8.335000038146973,8.34000015258789,31903
2023-11-09 11:30:00-05:00,8.335000038146973,8.428799629211426,8.335000038146973,8.414999961853027,35914
2023-11-09 12:30:00-05:00,8.25,8.369999885559082,8.234999656677246,8.335000038146973,87480
2023-11-09 13:30:00-05:00,8.220000267028809,8.244999885559082,8.1899995803833,8.244999885559082,42578
2023-11-09 14:30:00-05:00,8.225000381469727,8.25,8.199999809265137,8.220000267028809,74722
2023-11-09 15:30:00-05:00,8.15999984741211,8.229999542236328,8.125,8.225000381469727,234501
2023-11-10 09:30:00-05:00,8.140000343322754,8.239999771118164,8.100000381469727,8.239999771118164,93700
2023-11-10 10:30:00-05:00,8.180000305175781,8.199999809265137,8.095000267028809,8.130000114440918,52732
2023-11-10 11:30:00-05:00,8.15999984741211,8.1899995803833,8.100000381469727,8.170000076293945,58565
2023-11-10 12:30:00-05:00,8.270000457763672,8.270000457763672,8.149999618530273,8.154999732971191,72922
2023-11-10 13:30:00-05:00,8.34000015258789,8.34000015258789,8.265000343322754,8.270000457763672,63587
2023-11-10 14:30:00-05:00,8.270000457763672,8.34000015258789,8.270000457763672,8.34000015258789,64061
2023-11-10 15:30:00-05:00,8.239999771118164,8.300000190734863,8.229999542236328,8.274999618530273,196051
2023-11-13 09:30:00-05:00,8.109999656677246,8.255000114440918,8.029999732971191,8.170000076293945,0
2023-11-13 10:30:00-05:00,8.170000076293945,8.1850004196167,8.109999656677246,8.114999771118164,170416
2023-11-13 11:30:00-05:00,8.180000305175781,8.225000381469727,8.154999732971191,8.175000190734863,50908
2023-11-13 12:30:00-05:00,8.225000381469727,8.25,8.175000190734863,8.1850004196167,54859
2023-11-13 13:30:00-05:00,8.234999656677246,8.270000457763672,8.220000267028809,8.225000381469727,57370
2023-11-13 14:30:00-05:00,8.145000457763672,8.239999771118164,8.140000343322754,8.234999656677246,103125
2023-11-13 15:30:00-05:00,8.168999671936035,8.180000305175781,8.135000228881836,8.140000343322754,109635
2023-11-14 09:30:00-05:00,8.505000114440918,8.539999961853027,8.359999656677246,8.4399995803833,163591
2023-11-14 10:30:00-05:00,8.555000305175781,8.579999923706055,8.5,8.510000228881836,118874
2023-11-14 11:30:00-05:00,8.460000038146973,8.550000190734863,8.430000305175781,8.550000190734863,167855
2023-11-14 12:30:00-05:00,8.494999885559082,8.520000457763672,8.454999923706055,8.460000038146973,66039
2023-11-14 13:30:00-05:00,8.468000411987305,8.5,8.4399995803833,8.5,102939
2023-11-14 14:30:00-05:00,8.566300392150879,8.609999656677246,8.46500015258789,8.46500015258789,179373
2023-11-14 15:30:00-05:00,8.550000190734863,8.600000381469727,8.520000457763672,8.569999694824219,246917
2023-11-15 09:30:00-05:00,8.795000076293945,8.84000015258789,8.529999732971191,8.5600004196167,196105
2023-11-15 10:30:00-05:00,8.824999809265137,8.899999618530273,8.789999961853027,8.800000190734863,220015
2023-11-15 11:30:00-05:00,8.604999542236328,8.84000015258789,8.59000015258789,8.819999694824219,203668
2023-11-15 12:30:00-05:00,8.645000457763672,8.744999885559082,8.585000038146973,8.614999771118164,178382
2023-11-15 13:30:00-05:00,8.704999923706055,8.710000038146973,8.609999656677246,8.645000457763672,182485
2023-11-15 14:30:00-05:00,8.654999732971191,8.760000228881836,8.649999618530273,8.704999923706055,189502
2023-11-15 15:30:00-05:00,8.710000038146973,8.739999771118164,8.649999618530273,8.654999732971191,432304
2023-11-16 09:30:00-05:00,8.489999771118164,8.649999618530273,8.46090030670166,8.640000343322754,73309
2023-11-16 10:30:00-05:00,8.380000114440918,8.515000343322754,8.364999771118164,8.489999771118164,54003
2023-11-16 11:30:00-05:00,8.430000305175781,8.4399995803833,8.34000015258789,8.380000114440918,44669
2023-11-16 12:30:00-05:00,8.460000038146973,8.520000457763672,8.420000076293945,8.425000190734863,54183
2023-11-16 13:30:00-05:00,8.46500015258789,8.479999542236328,8.444999694824219,8.454999923706055,47319
2023-11-16 14:30:00-05:00,8.494999885559082,8.539999961853027,8.46500015258789,8.46500015258789,68546
2023-11-16 15:30:00-05:00,8.430000305175781,8.489999771118164,8.430000305175781,8.489999771118164,190973
2023-11-17 09:30:00-05:00,8.484999656677246,8.484999656677246,8.359999656677246,8.430000305175781,145210
2023-11-17 10:30:00-05:00,8.404999732971191,8.489999771118164,8.380000114440918,8.484999656677246,41269
2023-11-17 11:30:00-05:00,8.454999923706055,8.475000381469727,8.380000114440918,8.40839958190918,49366
2023-11-17 12:30:00-05:00,8.505000114440918,8.510000228881836,8.440099716186523,8.454999923706055,27016
2023-11-17 13:30:00-05:00,8.489999771118164,8.539999961853027,8.489999771118164,8.5,59888
2023-11-17 14:30:00-05:00,8.484999656677246,8.539999961853027,8.470000267028809,8.489999771118164,84861
2023-11-17 15:30:00-05:00,8.475000381469727,8.489999771118164,8.430000305175781,8.489999771118164,222897
2023-11-20 09:30:00-05:00,8.555000305175781,8.65999984741211,8.420000076293945,8.4399995803833,94938
2023-11-20 10:30:00-05:00,8.670000076293945,8.699999809265137,8.545000076293945,8.555000305175781,74172
2023-11-20 11:30:00-05:00,8.675000190734863,8.710000038146973,8.654999732971191,8.675000190734863,42546
2023-11-20 12:30:00-05:00,8.699999809265137,8.699999809265137,8.65999984741211,8.670000076293945,31642
2023-11-20 13:30:00-05:00,8.654999732971191,8.699999809265137,8.645000457763672,8.694999694824219,42787
2023-11-20 14:30:00-05:00,8.635000228881836,8.699999809265137,8.635000228881836,8.649999618530273,135628
2023-11-20 15:30:00-05:00,8.588000297546387,8.645000457763672,8.5649995803833,8.640000343322754,247188
2023-11-21 09:30:00-05:00,8.359999656677246,8.543600082397461,8.354999542236328,8.489999771118164,81776
2023-11-21 10:30:00-05:00,8.438799858093262,8.4399995803833,8.332500457763672,8.360699653625488,121315
2023-11-21 11:30:00-05:00,8.510000228881836,8.53499984741211,8.420000076293945,8.4350004196167,41227
2023-11-21 12:30:00-05:00,8.489999771118164,8.520000457763672,8.470000267028809,8.510000228881836,49934
2023-11-21 13:30:00-05:00,8.520000457763672,8.524999618530273,8.484999656677246,8.489999771118164,48068
2023-11-21 14:30:00-05:00,8.515000343322754,8.550000190734863,8.505000114440918,8.515000343322754,63067
2023-11-21 15:30:00-05:00,8.539999961853027,8.539999961853027,8.489999771118164,8.515000343322754,175390
2023-11-22 09:30:00-05:00,8.635000228881836,8.680000305175781,8.550000190734863,8.619999885559082,0
2023-11-22 10:30:00-05:00,8.664999961853027,8.664999961853027,8.619999885559082,8.649999618530273,45209
2023-11-22 11:30:00-05:00,8.640000343322754,8.670000076293945,8.59000015258789,8.664999961853027,93633
2023-11-22 12:30:00-05:00,8.649999618530273,8.654999732971191,8.614999771118164,8.640000343322754,46982
2023-11-22 13:30:00-05:00,8.645000457763672,8.65999984741211,8.609999656677246,8.654999732971191,57588
2023-11-22 14:30:00-05:00,8.65999984741211,8.670000076293945,8.604999542236328,8.645000457763672,174785
2023-11-22 15:30:00-05:00,8.65999984741211,8.670000076293945,8.640000343322754,8.654999732971191,249491
2023-11-24 09:30:00-05:00,8.670000076293945,8.699999809265137,8.529999732971191,8.609999656677246,85450
2023-11-24 10:30:00-05:00,8.654999732971191,8.704999923706055,8.635000228881836,8.664999961853027,95250
2023-11-24 11:30:00-05:00,8.649999618530273,8.670000076293945,8.640000343322754,8.65999984741211,47634
2023-11-27 09:30:00-05:00,8.654999732971191,8.680000305175781,8.579999923706055,8.619999885559082,117610
2023-11-27 10:30:00-05:00,8.625,8.680000305175781,8.609999656677246,8.656000137329102,68408
2023-11-27 11:30:00-05:00,8.664999961853027,8.670000076293945,8.609999656677246,8.630000114440918,127709
2023-11-27 12:30:00-05:00,8.664999961853027,8.6899995803833,8.645000457763672,8.664999961853027,144260
2023-11-27 13:30:00-05:00,8.694999694824219,8.699999809265137,8.649999618530273,8.664999961853027,208789
2023-11-27 14:30:00-05:00,8.654999732971191,8.699999809265137,8.630000114440918,8.694999694824219,167712
2023-11-27 15:30:00-05:00,8.654999732971191,8.65999984741211,8.59000015258789,8.654999732971191,562753
2023-11-28 09:30:00-05:00,8.829999923706055,8.850000381469727,8.550000190734863,8.59000015258789,0
2023-11-28 10:30:00-05:00,8.664999961853027,8.835000038146973,8.642499923706055,8.835000038146973,132662
2023-11-28 11:30:00-05:00,8.630000114440918,8.699999809265137,8.619999885559082,8.65999984741211,393149
2023-11-28 12:30:00-05:00,8.5649995803833,8.640000343322754,8.555000305175781,8.630000114440918,138729
2023-11-28 13:30:00-05:00,8.59000015258789,8.604999542236328,8.5649995803833,8.5649995803833,84466
2023-11-28 14:30:00-05:00,8.569999694824219,8.619999885559082,8.569999694824219,8.59000015258789,166518
2023-11-28 15:30:00-05:00,8.529999732971191,8.579999923706055,8.529999732971191,8.5600004196167,239897
2023-11-29 09:30:00-05:00,8.505000114440918,8.680000305175781,8.505000114440918,8.5600004196167,144145
2023-11-29 10:30:00-05:00,8.375,8.505000114440918,8.375,8.5,65690
2023-11-29 11:30:00-05:00,8.430899620056152,8.449999809265137,8.350000381469727,8.375,120666
2023-11-29 12:30:00-05:00,8.375,8.4350004196167,8.369999885559082,8.4350004196167,46713
2023-11-29 13:30:00-05:00,8.34000015258789,8.385000228881836,8.329999923706055,8.380000114440918,183007
2023-11-29 14:30:00-05:00,8.260000228881836,8.354999542236328,8.255000114440918,8.335000038146973,174564
2023-11-29 15:30:00-05:00,8.25,8.270000457763672,8.1899995803833,8.260000228881836,539189
2023-11-30 09:30:00-05:00,8.145000457763672,8.399999618530273,8.145000457763672,8.350000381469727,231983
2023-11-30 10:30:00-05:00,8.09000015258789,8.15999984741211,8.020000457763672,8.145000457763672,98372
2023-11-30 11:30:00-05:00,8.050000190734863,8.095000267028809,8.029999732971191,8.09000015258789,59500
2023-11-30 12:30:00-05:00,8.095000267028809,8.119999885559082,8.050000190734863,8.055000305175781,58962
2023-11-30 13:30:00-05:00,8.119999885559082,8.149999618530273,8.0600004196167,8.095000267028809,76052
2023-11-30 14:30:00-05:00,8.140000343322754,8.145000457763672,8.104999542236328,8.119999885559082,83825
2023-11-30 15:30:00-05:00,8.17199993133545,8.180000305175781,8.130000114440918,8.145000457763672,176087
2023-12-01 09:30:00-05:00,8.125,8.23900032043457,8.010000228881836,8.149999618530273,185910
2023-12-01 10:30:00-05:00,8.399999618530273,8.420000076293945,8.114999771118164,8.125,134974
2023-12-01 11:30:00-05:00,8.4350004196167,8.4399995803833,8.364999771118164,8.399999618530273,153200
2023-12-01 12:30:00-05:00,8.520000457763672,8.529999732971191,8.4350004196167,8.4350004196167,187228
2023-12-01 13:30:00-05:00,8.460000038146973,8.524999618530273,8.430000305175781,8.515000343322754,323000
2023-12-01 14:30:00-05:00,8.510000228881836,8.53499984741211,8.454999923706055,8.460000038146973,347360
2023-12-01 15:30:00-05:00,8.420000076293945,8.520000457763672,8.420000076293945,8.515000343322754,517603
2023-12-04 09:30:00-05:00,8.420000076293945,8.470000267028809,8.260000228881836,8.369999885559082,163211
2023-12-04 10:30:00-05:00,8.449000358581543,8.454999923706055,8.399999618530273,8.430000305175781,138460
2023-12-04 11:30:00-05:00,8.53499984741211,8.59000015258789,8.430000305175781,8.4399995803833,275970
2023-12-04 12:30:00-05:00,8.420000076293945,8.529999732971191,8.420000076293945,8.529999732971191,152328
2023-12-04 13:30:00-05:00,8.444999694824219,8.484999656677246,8.420000076293945,8.430000305175781,141600
2023-12-04 14:30:00-05:00,8.444999694824219,8.470000267028809,8.430000305175781,8.444999694824219,150610
2023-12-04 15:30:00-05:00,8.40999984741211,8.475000381469727,8.399999618530273,8.444999694824219,244693
2023-12-05 09:30:00-05:00,8.354999542236328,8.380000114440918,8.154999732971191,8.300000190734863,150990
2023-12-05 10:30:00-05:00,8.295000076293945,8.404999732971191,8.279999732971191,8.354999542236328,78514
2023-12-05 11:30:00-05:00,8.319999694824219,8.34000015258789,8.25,8.295000076293945,83736
2023-12-05 12:30:00-05:00,8.395000457763672,8.404999732971191,8.3149995803833,8.319999694824219,194354
2023-12-05 13:30:00-05:00,8.399999618530273,8.40999984741211,8.369999885559082,8.399999618530273,145504
2023-12-05 14:30:00-05:00,8.364999771118164,8.430000305175781,8.354999542236328,8.399999618530273,158601
2023-12-05 15:30:00-05:00,8.34000015258789,8.364999771118164,8.319999694824219,8.359999656677246,183629
2023-12-06 09:30:00-05:00,8.255000114440918,8.430000305175781,8.210000038146973,8.390000343322754,0
2023-12-06 10:30:00-05:00,8.234999656677246,8.300000190734863,8.234999656677246,8.255000114440918,93689
2023-12-06 11:30:00-05:00,8.25,8.3100004196167,8.234999656677246,8.234999656677246,70055
2023-12-06 12:30:00-05:00,8.204999923706055,8.279999732971191,8.1899995803833,8.260000228881836,43292
2023-12-06 13:30:00-05:00,8.170000076293945,8.220000267028809,8.170000076293945,8.199999809265137,51748
2023-12-06 14:30:00-05:00,8.114999771118164,8.210000038146973,8.104999542236328,8.170000076293945,94565
2023-12-06 15:30:00-05:00,8.079999923706055,8.119999885559082,8.079999923706055,8.114999771118164,201326
2023-12-07 09:30:00-05:00,7.909999847412109,8.100000381469727,7.885000228881836,8.100000381469727,135239
2023-12-07 10:30:00-05:00,7.789999961853027,7.945000171661377,7.755000114440918,7.909999847412109,148311
2023-12-07 11:30:00-05:00,7.715000152587891,7.820000171661377,7.679999828338623,7.789999961853027,124474
2023-12-07 12:30:00-05:00,7.695000171661377,7.772500038146973,7.679999828338623,7.710000038146973,126616
2023-12-07 13:30:00-05:00,7.739999771118164,7.764999866485596,7.650000095367432,7.695000171661377,141387
2023-12-07 14:30:00-05:00,7.772500038146973,7.78000020980835,7.71999979019165,7.739999771118164,135139
2023-12-07 15:30:00-05:00,7.829999923706055,7.829999923706055,7.769999980926514,7.771299839019775,213559
2023-12-08 09:30:00-05:00,7.869999885559082,7.925000190734863,7.760000228881836,7.78000020980835,208654
2023-12-08 10:30:00-05:00,7.840000152587891,7.880000114440918,7.809999942779541,7.869999885559082,208191
2023-12-08 11:30:00-05:00,7.864999771118164,7.869999885559082,7.809999942779541,7.84499979019165,73757
2023-12-08 12:30:00-05:00,7.90500020980835,7.909999847412109,7.849999904632568,7.864999771118164,84816
2023-12-08 13:30:00-05:00,7.894999980926514,7.909999847412109,7.880000114440918,7.90500020980835,86474
2023-12-08 14:30:00-05:00,7.869999885559082,7.90500020980835,7.869999885559082,7.894999980926514,145009
2023-12-08 15:30:00-05:00,7.90500020980835,7.914999961853027,7.869999885559082,7.869999885559082,228238
2023-12-11 09:30:00-05:00,7.730000019073486,7.900000095367432,7.724999904632568,7.889999866485596,158015
2023-12-11 10:30:00-05:00,7.715000152587891,7.78000020980835,7.684999942779541,7.730000019073486,109941
2023-12-11 11:30:00-05:00,7.724999904632568,7.760000228881836,7.690000057220459,7.715000152587891,120715
2023-12-11 12:30:00-05:00,7.670000076293945,7.730000019073486,7.670000076293945,7.724999904632568,101834
2023-12-11 13:30:00-05:00,7.71999979019165,7.755000114440918,7.670000076293945,7.670000076293945,133798
2023-12-11 14:30:00-05:00,7.775000095367432,7.78000020980835,7.710000038146973,7.7210001945495605,154089
2023-12-11 15:30:00-05:00,7.760000228881836,7.800000190734863,7.75,7.78000020980835,246455
2023-12-12 09:30:00-05:00,7.675000190734863,7.75,7.664999961853027,7.75,97263
2023-12-12 10:30:00-05:00,7.679999828338623,7.71999979019165,7.675000190734863,7.675000190734863,95376
2023-12-12 11:30:00-05:00,7.764999866485596,7.769999980926514,7.650000095367432,7.684999942779541,126728
2023-12-12 12:30:00-05:00,7.960000038146973,7.960000038146973,7.764999866485596,7.764999866485596,441099
2023-12-12 13:30:00-05:00,7.934999942779541,8.010000228881836,7.909999847412109,7.960000038146973,547507
2023-12-12 14:30:00-05:00,7.994999885559082,8.020000457763672,7.934999942779541,7.934999942779541,207664
2023-12-12 15:30:00-05:00,8.069000244140625,8.069999694824219,7.989999771118164,7.994999885559082,449600
2023-12-13 09:30:00-05:00,8.095000267028809,8.140000343322754,8.029999732971191,8.100000381469727,233732
2023-12-13 10:30:00-05:00,8.170000076293945,8.1899995803833,8.0600004196167,8.095000267028809,193120
2023-12-13 11:30:00-05:00,8.25,8.260000228881836,8.149999618530273,8.170000076293945,397187
2023-12-13 12:30:00-05:00,8.255000114440918,8.279999732971191,8.229999542236328,8.244999885559082,240998
2023-12-13 13:30:00-05:00,8.460000038146973,8.475000381469727,8.1899995803833,8.255000114440918,586964
2023-12-13 14:30:00-05:00,8.614999771118164,8.869999885559082,8.454999923706055,8.460000038146973,1461100
2023-12-13 15:30:00-05:00,8.59000015258789,8.649999618530273,8.520000457763672,8.614999771118164,576010
2023-12-14 09:30:00-05:00,8.765000343322754,8.949999809265137,8.539999961853027,8.710000038146973,902683
2023-12-14 10:30:00-05:00,8.869999885559082,8.875,8.75,8.760000228881836,302159
2023-12-14 11:30:00-05:00,8.845000267028809,8.920000076293945,8.84000015258789,8.864999771118164,213094
2023-12-14 12:30:00-05:00,8.734999656677246,8.869999885559082,8.729999542236328,8.845000267028809,230062
2023-12-14 13:30:00-05:00,8.595000267028809,8.760000228881836,8.53499984741211,8.734999656677246,129391
2023-12-14 14:30:00-05:00,8.574999809265137,8.680000305175781,8.569999694824219,8.595000267028809,233942
2023-12-14 15:30:00-05:00,8.59000015258789,8.609999656677246,8.545000076293945,8.574999809265137,499036
2023-12-15 09:30:00-05:00,8.725000381469727,8.774999618530273,8.559900283813477,8.59000015258789,719638
2023-12-15 10:30:00-05:00,8.675000190734863,8.779999732971191,8.675000190734863,8.729999542236328,152569
2023-12-15 11:30:00-05:00,8.614999771118164,8.680000305175781,8.600000381469727,8.670000076293945,1120986
2023-12-15 12:30:00-05:00,8.600000381469727,8.619999885559082,8.585000038146973,8.614999771118164,291358
2023-12-15 13:30:00-05:00,8.547499656677246,8.609999656677246,8.529999732971191,8.604999542236328,438748
2023-12-15 14:30:00-05:00,8.505000114440918,8.555000305175781,8.475000381469727,8.539999961853027,561439
2023-12-15 15:30:00-05:00,8.539999961853027,8.579999923706055,8.449999809265137,8.505000114440918,501495
2023-12-18 09:30:00-05:00,8.421699523925781,8.592499732971191,8.399999618530273,8.5,215944
2023-12-18 10:30:00-05:00,8.460000038146973,8.470000267028809,8.34000015258789,8.425000190734863,152510
2023-12-18 11:30:00-05:00,8.550000190734863,8.569999694824219,8.4399995803833,8.460000038146973,91811
2023-12-18 12:30:00-05:00,8.5600004196167,8.59000015258789,8.510000228881836,8.555000305175781,73661
2023-12-18 13:30:00-05:00,8.479999542236328,8.579999923706055,8.460000038146973,8.550000190734863,110178
2023-12-18 14:30:00-05:00,8.515000343322754,8.520000457763672,8.460000038146973,8.475000381469727,238074
2023-12-18 15:30:00-05:00,8.569999694824219,8.569999694824219,8.489999771118164,8.510000228881836,373176
2023-12-19 09:30:00-05:00,9.029899597167969,9.050000190734863,8.550000190734863,8.65999984741211,476212
2023-12-19 10:30:00-05:00,9.095000267028809,9.114999771118164,8.9350004196167,9.029999732971191,291465
2023-12-19 11:30:00-05:00,9.1850004196167,9.1899995803833,9.069999694824219,9.095000267028809,197288
2023-12-19 12:30:00-05:00,9.194999694824219,9.239999771118164,9.119999885559082,9.1850004196167,408398
2023-12-19 13:30:00-05:00,9.15999984741211,9.239999771118164,9.135000228881836,9.199999809265137,268483
2023-12-19 14:30:00-05:00,9.055000305175781,9.180000305175781,9.039999961853027,9.164999961853027,416729
2023-12-19 15:30:00-05:00,8.970000267028809,9.109999656677246,8.970000267028809,9.050000190734863,791681
2023-12-20 09:30:00-05:00,8.835000038146973,8.970000267028809,8.699999809265137,8.930000305175781,139338
2023-12-20 10:30:00-05:00,8.925000190734863,8.949999809265137,8.835000038146973,8.835000038146973,78667
2023-12-20 11:30:00-05:00,8.930000305175781,8.984999656677246,8.90999984741211,8.930000305175781,86308
2023-12-20 12:30:00-05:00,8.930000305175781,8.949999809265137,8.890000343322754,8.930000305175781,82368
2023-12-20 13:30:00-05:00,8.914999961853027,9.0,8.90999984741211,8.930000305175781,64087
2023-12-20 14:30:00-05:00,8.710000038146973,8.920000076293945,8.694999694824219,8.90999984741211,133768
2023-12-20 15:30:00-05:00,8.630000114440918,8.720000267028809,8.619999885559082,8.710000038146973,293858
2023-12-21 09:30:00-05:00,8.625,8.819999694824219,8.550000190734863,8.75,218407
2023-12-21 10:30:00-05:00,8.600000381469727,8.649999618530273,8.515000343322754,8.625,206901
2023-12-21 11:30:00-05:00,8.609999656677246,8.635000228881836,8.585000038146973,8.604999542236328,77916
2023-12-21 12:30:00-05:00,8.609999656677246,8.649999618530273,8.579999923706055,8.614999771118164,109786
2023-12-21 13:30:00-05:00,8.600000381469727,8.635000228881836,8.5600004196167,8.614999771118164,116452
2023-12-21 14:30:00-05:00,8.710000038146973,8.710000038146973,8.579999923706055,8.600000381469727,163983
2023-12-21 15:30:00-05:00,8.710000038146973,8.739999771118164,8.670000076293945,8.710000038146973,299089
2023-12-22 09:30:00-05:00,8.854999542236328,9.0,8.739999771118164,8.789999961853027,151775
2023-12-22 10:30:00-05:00,8.8149995803833,8.864999771118164,8.789999961853027,8.859999656677246,109418
2023-12-22 11:30:00-05:00,8.864999771118164,8.880000114440918,8.8149995803833,8.8149995803833,94102
2023-12-22 12:30:00-05:00,8.949999809265137,8.960000038146973,8.864999771118164,8.864999771118164,78422
2023-12-22 13:30:00-05:00,8.925000190734863,9.0,8.904999732971191,8.949999809265137,211018
2023-12-22 14:30:00-05:00,8.904999732971191,8.9399995803833,8.869999885559082,8.930000305175781,128714
2023-12-22 15:30:00-05:00,8.954999923706055,8.96500015258789,8.899999618530273,8.90999984741211,218274
2023-12-26 09:30:00-05:00,8.925000190734863,8.970000267028809,8.850000381469727,8.970000267028809,53245
2023-12-26 10:30:00-05:00,8.920000076293945,8.96500015258789,8.904999732971191,8.930000305175781,46908
2023-12-26 11:30:00-05:00,8.899999618530273,8.930000305175781,8.885000228881836,8.914999961853027,34347
2023-12-26 12:30:00-05:00,8.944999694824219,8.944999694824219,8.890000343322754,8.904999732971191,31891
2023-12-26 13:30:00-05:00,8.989999771118164,8.989999771118164,8.9350004196167,8.944999694824219,44676
2023-12-26 14:30:00-05:00,8.994999885559082,9.005000114440918,8.949999809265137,8.984999656677246,242871
2023-12-26 15:30:00-05:00,8.989999771118164,9.005000114440918,8.975000381469727,9.0,324801
2023-12-27 09:30:00-05:00,9.0,9.010000228881836,8.960000038146973,9.010000228881836,247015
2023-12-27 10:30:00-05:00,8.949999809265137,9.0,8.914999961853027,9.0,60355
2023-12-27 11:30:00-05:00,8.984999656677246,9.0,8.944999694824219,8.954999923706055,65615
2023-12-27 12:30:00-05:00,8.984999656677246,9.010000228881836,8.979999542236328,8.984999656677246,249963
2023-12-27 13:30:00-05:00,8.929900169372559,9.0,8.925000190734863,8.984999656677246,90384
2023-12-27 14:30:00-05:00,8.9350004196167,8.954999923706055,8.920000076293945,8.930000305175781,83025
2023-12-27 15:30:00-05:00,8.944999694824219,8.960000038146973,8.920000076293945,8.9350004196167,120729
2023-12-28 09:30:00-05:00,8.914999961853027,9.0,8.899999618530273,8.899999618530273,119493
2023-12-28 10:30:00-05:00,8.8774995803833,8.920000076293945,8.854999542236328,8.914999961853027,87403
2023-12-28 11:30:00-05:00,8.864999771118164,8.899999618530273,8.845000267028809,8.875,54913
2023-12-28 12:30:00-05:00,8.864999771118164,8.899999618530273,8.845000267028809,8.864999771118164,49905
2023-12-28 13:30:00-05:00,8.850000381469727,8.869999885559082,8.819999694824219,8.864999771118164,54353
2023-12-28 14:30:00-05:00,8.824999809265137,8.850000381469727,8.819999694824219,8.850000381469727,87215
2023-12-28 15:30:00-05:00,8.864999771118164,8.899999618530273,8.824999809265137,8.824999809265137,159276
2023-12-29 09:30:00-05:00,8.9350004196167,8.960000038146973,8.859999656677246,8.859999656677246,171594
2023-12-29 10:30:00-05:00,8.819999694824219,8.9350004196167,8.805000305175781,8.9350004196167,107165
2023-12-29 11:30:00-05:00,8.8149995803833,8.854999542236328,8.805000305175781,8.8100004196167,46262
2023-12-29 12:30:00-05:00,8.9350004196167,8.954999923706055,8.8100004196167,8.8149995803833,109516
2023-12-29 13:30:00-05:00,8.920000076293945,8.958900451660156,8.920000076293945,8.9350004196167,69231
2023-12-29 14:30:00-05:00,8.9350004196167,8.949999809265137,8.904999732971191,8.930000305175781,95865
2023-12-29 15:30:00-05:00,8.824999809265137,8.9350004196167,8.819999694824219,8.9350004196167,229371
2024-01-02 09:30:00-05:00,8.449999809265137,8.640000343322754,8.449999809265137,8.600000381469727,1027300
2024-01-02 10:30:00-05:00,8.350000381469727,8.430000305175781,8.260000228881836,8.430000305175781,192493
2024-01-02 11:30:00-05:00,8.444999694824219,8.470000267028809,8.335000038146973,8.359999656677246,157958
2024-01-02 12:30:00-05:00,8.375,8.470000267028809,8.354999542236328,8.444999694824219,138613
2024-01-02 13:30:00-05:00,8.444999694824219,8.444999694824219,8.3100004196167,8.375,156404
2024-01-02 14:30:00-05:00,8.359999656677246,8.460000038146973,8.335000038146973,8.449999809265137,197588
2024-01-02 15:30:00-05:00,8.399999618530273,8.40999984741211,8.34000015258789,8.364999771118164,343638
2024-01-03 09:30:00-05:00,8.210000038146973,8.3100004196167,8.149999618530273,8.260000228881836,134861
2024-01-03 10:30:00-05:00,8.0600004196167,8.199999809265137,8.0600004196167,8.199999809265137,104217
2024-01-03 11:30:00-05:00,8.050000190734863,8.100000381469727,8.029999732971191,8.0600004196167,81538
2024-01-03 12:30:00-05:00,8.024999618530273,8.0600004196167,7.989999771118164,8.050000190734863,94317
2024-01-03 13:30:00-05:00,8.005000114440918,8.020000457763672,7.889999866485596,8.020000457763672,147835
2024-01-03 14:30:00-05:00,7.929999828338623,8.029999732971191,7.929999828338623,8.010000228881836,229260
2024-01-03 15:30:00-05:00,7.954999923706055,7.994999885559082,7.920000076293945,7.934999942779541,275874
2024-01-04 09:30:00-05:00,8.0,8.024999618530273,7.840000152587891,8.0,143131
2024-01-04 10:30:00-05:00,8.079999923706055,8.09000015258789,7.994999885559082,8.010000228881836,82291
2024-01-04 11:30:00-05:00,8.095000267028809,8.100000381469727,8.050000190734863,8.069999694824219,57080
2024-01-04 12:30:00-05:00,8.055000305175781,8.104999542236328,8.050000190734863,8.095000267028809,47685
2024-01-04 13:30:00-05:00,8.09000015258789,8.114999771118164,8.055000305175781,8.055000305175781,56389
2024-01-04 14:30:00-05:00,8.045000076293945,8.085000038146973,8.020000457763672,8.079999923706055,87987
2024-01-04 15:30:00-05:00,8.039999961853027,8.048100471496582,7.989999771118164,8.039999961853027,140220
2024-01-05 09:30:00-05:00,7.994999885559082,8.029999732971191,7.920000076293945,7.949999809265137,0
2024-01-05 10:30:00-05:00,7.96999979019165,8.015000343322754,7.96999979019165,7.989999771118164,44746
2024-01-05 11:30:00-05:00,7.980000019073486,8.020000457763672,7.949999809265137,7.974999904632568,51950
2024-01-05 12:30:00-05:00,7.949999809265137,8.0,7.920000076293945,7.980000019073486,54795
2024-01-05 13:30:00-05:00,8.024999618530273,8.039899826049805,7.949999809265137,7.954999923706055,81208
2024-01-05 14:30:00-05:00,8.069999694824219,8.09000015258789,8.010000228881836,8.029999732971191,171196
2024-01-05 15:30:00-05:00,8.130000114440918,8.149999618530273,8.0600004196167,8.069999694824219,494113
2024-01-08 09:30:00-05:00,8.550000190734863,8.569999694824219,8.145000457763672,8.199999809265137,179653
2024-01-08 10:30:00-05:00,8.595000267028809,8.649999618530273,8.555000305175781,8.5600004196167,140031
2024-01-08 11:30:00-05:00,8.574999809265137,8.630000114440918,8.550000190734863,8.59000015258789,106017
2024-01-08 12:30:00-05:00,8.555000305175781,8.600000381469727,8.545000076293945,8.579999923706055,121368
2024-01-08 13:30:00-05:00,8.574999809265137,8.640000343322754,8.545000076293945,8.555000305175781,111137
2024-01-08 14:30:00-05:00,8.595000267028809,8.619999885559082,8.574999809265137,8.574999809265137,136190
2024-01-08 15:30:00-05:00,8.630000114440918,8.630000114440918,8.59000015258789,8.595000267028809,242649
2024-01-09 09:30:00-05:00,8.635000228881836,8.664999961853027,8.46500015258789,8.489999771118164,112018
2024-01-09 10:30:00-05:00,8.670000076293945,8.71500015258789,8.630000114440918,8.640000343322754,59093
2024-01-09 11:30:00-05:00,8.675000190734863,8.699999809265137,8.65999984741211,8.675000190734863,49481
2024-01-09 12:30:00-05:00,8.645000457763672,8.707500457763672,8.640000343322754,8.675000190734863,104900
2024-01-09 13:30:00-05:00,8.694999694824219,8.710000038146973,8.640000343322754,8.645000457763672,115940
2024-01-09 14:30:00-05:00,8.595000267028809,8.707500457763672,8.574999809265137,8.694999694824219,113261
2024-01-09 15:30:00-05:00,8.539999961853027,8.609999656677246,8.529999732971191,8.595000267028809,212564
2024-01-10 09:30:00-05:00,8.667499542236328,8.670000076293945,8.489999771118164,8.569999694824219,88550
2024-01-10 10:30:00-05:00,8.65999984741211,8.744999885559082,8.654999732971191,8.668999671936035,132355
2024-01-10 11:30:00-05:00,8.699999809265137,8.720000267028809,8.649999618530273,8.654999732971191,92340
2024-01-10 12:30:00-05:00,8.8149995803833,8.8149995803833,8.697999954223633,8.697999954223633,237747
2024-01-10 13:30:00-05:00,8.899999618530273,8.90999984741211,8.819999694824219,8.819999694824219,93914
2024-01-10 14:30:00-05:00,9.119999885559082,9.119999885559082,8.880000114440918,8.895000457763672,721350
2024-01-10 15:30:00-05:00,9.140000343322754,9.15999984741211,9.069999694824219,9.119999885559082,472361
2024-01-11 09:30:00-05:00,9.210000038146973,9.270000457763672,9.0802001953125,9.180000305175781,426393
2024-01-11 10:30:00-05:00,9.210000038146973,9.25,9.180000305175781,9.204000473022461,137022
2024-01-11 11:30:00-05:00,9.164999961853027,9.218000411987305,9.119999885559082,9.199999809265137,105662
2024-01-11 12:30:00-05:00,9.260000228881836,9.3149995803833,9.145000457763672,9.170000076293945,160887
2024-01-11 13:30:00-05:00,9.21500015258789,9.270000457763672,9.1899995803833,9.260000228881836,165141
2024-01-11 14:30:00-05:00,9.289999961853027,9.300000190734863,9.199999809265137,9.21500015258789,243972
2024-01-11 15:30:00-05:00,9.279999732971191,9.300000190734863,9.260000228881836,9.28499984741211,240912
2024-01-12 09:30:00-05:00,9.354999542236328,9.5,9.279999732971191,9.34000015258789,356507
2024-01-12 10:30:00-05:00,9.484999656677246,9.5,9.354999542236328,9.354999542236328,285339
2024-01-12 11:30:00-05:00,9.470000267028809,9.5,9.4350004196167,9.484999656677246,152764
2024-01-12 12:30:00-05:00,9.574999809265137,9.574999809265137,9.449999809265137,9.470000267028809,271956
2024-01-12 13:30:00-05:00,9.6850004196167,9.720000267028809,9.579999923706055,9.579999923706055,333150
2024-01-12 14:30:00-05:00,9.675000190734863,9.704999923706055,9.619999885559082,9.6850004196167,375989
2024-01-12 15:30:00-05:00,9.649999618530273,9.699999809265137,9.630000114440918,9.675000190734863,352379
2024-01-16 09:30:00-05:00,9.460000038146973,9.569899559020996,9.345000267028809,9.460000038146973,240373
2024-01-16 10:30:00-05:00,9.295000076293945,9.5,9.274999618530273,9.470000267028809,194520
2024-01-16 11:30:00-05:00,9.25,9.364999771118164,9.244999885559082,9.295000076293945,96178
2024-01-16 12:30:00-05:00,9.295000076293945,9.295000076293945,9.25,9.253800392150879,70288
2024-01-16 13:30:00-05:00,9.244999885559082,9.319999694824219,9.180000305175781,9.300000190734863,121065
2024-01-16 14:30:00-05:00,9.335000038146973,9.359999656677246,9.234999656677246,9.239999771118164,124168
2024-01-16 15:30:00-05:00,9.359999656677246,9.399999618530273,9.324999809265137,9.335000038146973,306784
2024-01-17 09:30:00-05:00,8.899999618530273,9.15999984741211,8.859999656677246,9.119999885559082,147224
2024-01-17 10:30:00-05:00,8.890000343322754,8.9399995803833,8.8100004196167,8.895000457763672,145026
2024-01-17 11:30:00-05:00,8.805000305175781,8.914999961853027,8.789999961853027,8.899900436401367,107236
2024-01-17 12:30:00-05:00,8.810500144958496,8.850000381469727,8.760000228881836,8.805000305175781,123987
2024-01-17 13:30:00-05:00,9.024999618530273,9.039999961853027,8.789999961853027,8.8100004196167,180148
2024-01-17 14:30:00-05:00,8.994999885559082,9.069999694824219,8.984999656677246,9.029999732971191,168568
2024-01-17 15:30:00-05:00,9.100000381469727,9.130000114440918,8.989999771118164,8.994999885559082,258028
2024-01-18 09:30:00-05:00,9.460000038146973,9.545000076293945,9.225000381469727,9.229999542236328,286881
2024-01-18 10:30:00-05:00,9.600000381469727,9.600000381469727,9.449999809265137,9.46500015258789,216146
2024-01-18 11:30:00-05:00,9.489999771118164,9.619999885559082,9.449999809265137,9.599300384521484,200759
2024-01-18 12:30:00-05:00,9.484999656677246,9.529999732971191,9.475000381469727,9.484999656677246,101182
2024-01-18 13:30:00-05:00,9.569999694824219,9.574999809265137,9.484999656677246,9.489999771118164,63462
2024-01-18 14:30:00-05:00,9.59000015258789,9.637900352478027,9.555000305175781,9.5649995803833,186435
2024-01-18 15:30:00-05:00,9.65999984741211,9.6899995803833,9.574999809265137,9.595000267028809,388584
2024-01-19 09:30:00-05:00,9.489999771118164,9.779999732971191,9.449999809265137,9.779999732971191,181957
2024-01-19 10:30:00-05:00,9.53499984741211,9.579999923706055,9.470000267028809,9.489999771118164,113702
2024-01-19 11:30:00-05:00,9.579999923706055,9.579999923706055,9.475000381469727,9.53499984741211,136822
2024-01-19 12:30:00-05:00,9.75,9.755000114440918,9.579999923706055,9.579999923706055,143979
2024-01-19 13:30:00-05:00,9.805000305175781,9.819999694824219,9.729999542236328,9.765000343322754,179694
2024-01-19 14:30:00-05:00,9.755000114440918,9.805000305175781,9.720000267028809,9.805000305175781,195798
2024-01-19 15:30:00-05:00,9.760000228881836,9.800000190734863,9.75,9.755000114440918,229042
2024-01-22 09:30:00-05:00,9.904999732971191,10.050000190734863,9.854999542236328,9.854999542236328,315917
2024-01-22 10:30:00-05:00,9.904999732971191,9.90999984741211,9.817500114440918,9.899999618530273,196349
2024-01-22 11:30:00-05:00,9.824999809265137,9.90999984741211,9.805000305175781,9.904999732971191,56326
2024-01-22 12:30:00-05:00,9.795000076293945,9.859999656677246,9.779999732971191,9.824999809265137,118479
2024-01-22 13:30:00-05:00,9.845000267028809,9.875,9.795000076293945,9.800000190734863,84264
2024-01-22 14:30:00-05:00,9.78499984741211,9.859999656677246,9.765000343322754,9.845000267028809,153370
2024-01-22 15:30:00-05:00,9.829999923706055,9.829999923706055,9.720999717712402,9.779999732971191,349181
2024-01-23 09:30:00-05:00,9.9350004196167,10.010000228881836,9.729999542236328,9.90999984741211,195667
2024-01-23 10:30:00-05:00,9.904999732971191,9.944999694824219,9.859999656677246,9.9350004196167,149888
2024-01-23 11:30:00-05:00,9.979999542236328,10.010000228881836,9.880000114440918,9.90999984741211,151168
2024-01-23 12:30:00-05:00,9.949999809265137,9.979999542236328,9.899999618530273,9.975000381469727,92972
2024-01-23 13:30:00-05:00,9.949999809265137,9.96500015258789,9.895000457763672,9.944999694824219,85383
2024-01-23 14:30:00-05:00,9.960000038146973,10.029999732971191,9.949999809265137,9.957500457763672,142416
2024-01-23 15:30:00-05:00,9.970000267028809,10.020000457763672,9.930000305175781,9.96500015258789,273090
2024-01-24 09:30:00-05:00,9.984999656677246,10.119999885559082,9.880000114440918,10.100000381469727,135621
2024-01-24 10:30:00-05:00,9.930000305175781,10.03499984741211,9.864999771118164,9.989999771118164,87763
2024-01-24 11:30:00-05:00,9.984999656677246,9.994999885559082,9.932499885559082,9.932499885559082,60645
2024-01-24 12:30:00-05:00,9.914999961853027,10.020000457763672,9.890000343322754,9.979999542236328,114639
2024-01-24 13:30:00-05:00,9.885000228881836,9.944999694824219,9.862500190734863,9.914999961853027,81511
2024-01-24 14:30:00-05:00,9.850000381469727,9.920000076293945,9.835000038146973,9.885000228881836,60762
2024-01-24 15:30:00-05:00,9.869999885559082,9.869999885559082,9.819999694824219,9.845000267028809,106706
2024-01-25 09:30:00-05:00,10.015000343322754,10.149999618530273,9.994999885559082,10.029999732971191,120925
2024-01-25 10:30:00-05:00,9.914999961853027,10.029999732971191,9.90999984741211,10.015000343322754,85230
2024-01-25 11:30:00-05:00,9.880000114440918,9.949999809265137,9.869999885559082,9.90999984741211,108850
2024-01-25 12:30:00-05:00,9.845000267028809,9.880000114440918,9.8149995803833,9.880000114440918,67686
2024-01-25 13:30:00-05:00,9.829999923706055,9.84000015258789,9.755000114440918,9.84000015258789,63949
2024-01-25 14:30:00-05:00,9.824999809265137,9.859999656677246,9.8100004196167,9.824999809265137,62505
2024-01-25 15:30:00-05:00,9.880000114440918,9.880000114440918,9.8100004196167,9.824999809265137,110372
2024-01-26 09:30:00-05:00,9.960000038146973,10.079999923706055,9.859999656677246,9.859999656677246,158388
2024-01-26 10:30:00-05:00,9.951000213623047,10.010000228881836,9.930000305175781,9.960000038146973,96571
2024-01-26 11:30:00-05:00,9.970000267028809,10.050000190734863,9.890000343322754,9.949999809265137,88974
2024-01-26 12:30:00-05:00,10.005000114440918,10.024999618530273,9.954999923706055,9.970000267028809,113430
2024-01-26 13:30:00-05:00,10.0,10.020000457763672,9.975000381469727,10.005000114440918,77599
2024-01-26 14:30:00-05:00,9.944999694824219,10.020000457763672,9.944999694824219,10.0,123016
2024-01-26 15:30:00-05:00,9.930000305175781,9.957500457763672,9.920000076293945,9.944999694824219,159097
2024-01-29 09:30:00-05:00,9.994999885559082,10.0,9.890000343322754,9.9399995803833,67864
2024-01-29 10:30:00-05:00,9.9350004196167,10.039999961853027,9.9350004196167,10.0,45198
2024-01-29 11:30:00-05:00,9.96500015258789,9.999199867248535,9.930000305175781,9.9350004196167,31136
2024-01-29 12:30:00-05:00,9.895000457763672,9.96500015258789,9.890000343322754,9.96500015258789,37650
2024-01-29 13:30:00-05:00,9.904999732971191,9.90999984741211,9.859999656677246,9.895000457763672,25972
2024-01-29 14:30:00-05:00,9.994999885559082,10.0,9.895000457763672,9.90999984741211,97367
2024-01-29 15:30:00-05:00,10.0,10.0,9.970000267028809,10.0,107297
2024-01-30 09:30:00-05:00,9.9399995803833,10.0,9.869999885559082,10.0,62297
2024-01-30 10:30:00-05:00,9.960000038146973,9.960000038146973,9.90999984741211,9.9399995803833,59608
2024-01-30 11:30:00-05:00,9.9350004196167,9.984999656677246,9.930000305175781,9.960000038146973,47414
2024-01-30 12:30:00-05:00,9.944999694824219,9.949999809265137,9.914999961853027,9.930000305175781,58340
2024-01-30 13:30:00-05:00,9.944999694824219,9.960000038146973,9.920000076293945,9.949999809265137,46453
2024-01-30 14:30:00-05:00,9.975000381469727,9.989999771118164,9.914999961853027,9.949999809265137,118979
2024-01-30 15:30:00-05:00,9.9350004196167,9.979999542236328,9.920000076293945,9.975000381469727,213958
2024-01-31 09:30:00-05:00,9.829999923706055,9.904999732971191,9.755000114440918,9.869999885559082,83536
2024-01-31 10:30:00-05:00,9.779999732971191,9.84000015258789,9.75,9.84000015258789,84259
2024-01-31 11:30:00-05:00,9.824999809265137,9.829999923706055,9.744999885559082,9.770000457763672,54580
2024-01-31 12:30:00-05:00,9.835000038146973,9.885000228881836,9.795000076293945,9.824999809265137,55253
2024-01-31 13:30:00-05:00,9.765000343322754,9.845000267028809,9.75,9.835000038146973,77559
2024-01-31 14:30:00-05:00,9.789999961853027,9.954999923706055,9.710000038146973,9.765000343322754,146159
2024-01-31 15:30:00-05:00,9.670000076293945,9.789999961853027,9.670000076293945,9.789999961853027,268210
2024-02-01 09:30:00-05:00,9.989999771118164,9.989999771118164,9.78499984741211,9.90999984741211,112530
2024-02-01 10:30:00-05:00,9.670000076293945,9.989999771118164,9.635000228881836,9.989999771118164,104253
2024-02-01 11:30:00-05:00,9.725000381469727,9.805000305175781,9.664999961853027,9.664999961853027,57052
2024-02-01 12:30:00-05:00,9.845000267028809,9.845000267028809,9.720000267028809,9.729999542236328,70079
2024-02-01 13:30:00-05:00,9.899999618530273,9.925000190734863,9.8149995803833,9.845000267028809,104855
2024-02-01 14:30:00-05:00,9.895000457763672,9.9350004196167,9.869999885559082,9.895000457763672,107066
2024-02-01 15:30:00-05:00,9.949999809265137,9.960000038146973,9.859999656677246,9.895000457763672,228260
2024-02-02 09:30:00-05:00,9.835000038146973,9.880000114440918,9.6850004196167,9.75,186261
2024-02-02 10:30:00-05:00,9.895000457763672,9.96500015258789,9.795000076293945,9.845000267028809,123278
2024-02-02 11:30:00-05:00,9.854999542236328,9.930000305175781,9.800000190734863,9.899999618530273,85478
2024-02-02 12:30:00-05:00,9.805000305175781,9.875,9.760000228881836,9.854999542236328,107369
2024-02-02 13:30:00-05:00,9.854999542236328,9.880999565124512,9.774999618530273,9.805000305175781,94346
2024-02-02 14:30:00-05:00,9.875,9.899999618530273,9.829999923706055,9.854999542236328,114908
2024-02-02 15:30:00-05:00,9.869999885559082,9.899999618530273,9.845000267028809,9.880000114440918,167865
2024-02-05 09:30:00-05:00,9.680000305175781,9.850000381469727,9.635000228881836,9.75,88045
2024-02-05 10:30:00-05:00,9.680000305175781,9.710000038146973,9.635000228881836,9.680000305175781,43286
2024-02-05 11:30:00-05:00,9.654999732971191,9.6899995803833,9.619999885559082,9.6850004196167,36322
2024-02-05 12:30:00-05:00,9.635000228881836,9.6850004196167,9.600000381469727,9.65999984741211,46576
2024-02-05 13:30:00-05:00,9.65999984741211,9.675000190734863,9.630000114440918,9.640000343322754,62740
2024-02-05 14:30:00-05:00,9.647500038146973,9.6850004196167,9.609999656677246,9.664999961853027,56099
2024-02-05 15:30:00-05:00,9.630000114440918,9.65999984741211,9.609999656677246,9.645000457763672,133265
2024-02-06 09:30:00-05:00,9.71500015258789,9.725000381469727,9.609999656677246,9.649999618530273,44818
2024-02-06 10:30:00-05:00,9.734999656677246,9.734999656677246,9.65999984741211,9.710000038146973,43495
2024-02-06 11:30:00-05:00,9.71500015258789,9.739899635314941,9.645000457763672,9.734999656677246,54939
2024-02-06 12:30:00-05:00,9.729999542236328,9.729999542236328,9.664999961853027,9.720000267028809,33307
2024-02-06 13:30:00-05:00,9.720000267028809,9.779999732971191,9.699999809265137,9.729999542236328,50462
2024-02-06 14:30:00-05:00,9.744999885559082,9.779999732971191,9.699999809265137,9.720000267028809,59644
2024-02-06 15:30:00-05:00,9.729999542236328,9.755000114440918,9.71500015258789,9.739999771118164,108823
2024-02-07 09:30:00-05:00,9.600000381469727,9.800000190734863,9.489999771118164,9.789999961853027,87053
2024-02-07 10:30:00-05:00,9.541999816894531,9.609999656677246,9.524999618530273,9.609999656677246,40487
2024-02-07 11:30:00-05:00,9.520000457763672,9.555000305175781,9.494999885559082,9.539999961853027,51062
2024-02-07 12:30:00-05:00,9.670000076293945,9.670000076293945,9.479999542236328,9.528599739074707,49087
2024-02-07 13:30:00-05:00,9.710000038146973,9.734999656677246,9.675000190734863,9.675000190734863,88716
2024-02-07 14:30:00-05:00,9.729999542236328,9.729999542236328,9.645000457763672,9.710000038146973,109535
2024-02-07 15:30:00-05:00,9.600000381469727,9.725000381469727,9.579999923706055,9.720000267028809,130684
2024-02-08 09:30:00-05:00,9.694999694824219,9.739500045776367,9.529999732971191,9.600000381469727,71920
2024-02-08 10:30:00-05:00,9.71500015258789,9.739999771118164,9.654999732971191,9.699999809265137,50404
2024-02-08 11:30:00-05:00,9.774999618530273,9.779999732971191,9.699999809265137,9.710000038146973,53643
2024-02-08 12:30:00-05:00,9.729999542236328,9.779999732971191,9.710000038146973,9.77810001373291,58179
2024-02-08 13:30:00-05:00,9.854999542236328,9.859999656677246,9.725000381469727,9.739999771118164,158171
2024-02-08 14:30:00-05:00,9.8149995803833,9.869999885559082,9.739999771118164,9.859999656677246,137994
2024-02-08 15:30:00-05:00,9.770000457763672,9.819999694824219,9.75,9.8149995803833,221628
2024-02-09 09:30:00-05:00,10.109999656677246,10.170000076293945,9.920000076293945,9.949999809265137,223016
2024-02-09 10:30:00-05:00,10.204999923706055,10.225000381469727,10.069999694824219,10.109999656677246,154138
2024-02-09 11:30:00-05:00,10.244999885559082,10.260000228881836,10.164999961853027,10.204999923706055,155096
2024-02-09 12:30:00-05:00,10.234999656677246,10.3100004196167,10.164999961853027,10.244999885559082,210197
2024-02-09 13:30:00-05:00,10.0649995803833,10.25,10.029999732971191,10.234999656677246,190556
2024-02-09 14:30:00-05:00,9.994999885559082,10.0649995803833,9.949999809265137,10.0649995803833,160921
2024-02-09 15:30:00-05:00,9.989999771118164,10.0,9.930999755859375,9.994999885559082,230887
2024-02-12 09:30:00-05:00,10.045000076293945,10.119999885559082,9.930000305175781,9.970000267028809,127477
2024-02-12 10:30:00-05:00,10.050000190734863,10.0649995803833,10.005000114440918,10.045000076293945,55766
2024-02-12 11:30:00-05:00,10.095000267028809,10.194999694824219,10.020000457763672,10.039999961853027,142134
2024-02-12 12:30:00-05:00,10.069999694824219,10.104999542236328,10.0649995803833,10.095000267028809,62706
2024-02-12 13:30:00-05:00,10.095000267028809,10.135000228881836,10.055000305175781,10.074999809265137,120491
2024-02-12 14:30:00-05:00,10.21500015258789,10.225000381469727,10.09000015258789,10.095000267028809,138148
2024-02-12 15:30:00-05:00,10.170000076293945,10.229999542236328,10.164999961853027,10.210000038146973,327326
2024-02-13 09:30:00-05:00,9.600000381469727,9.75,9.350000381469727,9.670000076293945,159511
2024-02-13 10:30:00-05:00,9.774999618530273,9.779999732971191,9.545000076293945,9.599900245666504,149626
2024-02-13 11:30:00-05:00,9.829999923706055,9.914999961853027,9.770000457763672,9.779999732971191,158097
2024-02-13 12:30:00-05:00,9.920000076293945,9.944999694824219,9.829999923706055,9.829999923706055,119417
2024-02-13 13:30:00-05:00,9.835000038146973,9.960000038146973,9.770000457763672,9.90999984741211,137397
2024-02-13 14:30:00-05:00,9.744999885559082,9.850000381469727,9.699999809265137,9.835000038146973,159551
2024-02-13 15:30:00-05:00,9.729999542236328,9.744999885559082,9.619999885559082,9.744999885559082,256701
2024-02-14 09:30:00-05:00,9.880000114440918,9.949999809265137,9.75,9.890000343322754,127014
2024-02-14 10:30:00-05:00,9.90999984741211,9.90999984741211,9.8100004196167,9.880000114440918,39965
2024-02-14 11:30:00-05:00,9.90999984741211,9.90999984741211,9.829999923706055,9.90999984741211,31481
2024-02-14 12:30:00-05:00,10.045000076293945,10.145000457763672,9.904999732971191,9.90999984741211,130244
2024-02-14 13:30:00-05:00,10.1899995803833,10.1899995803833,10.050000190734863,10.050000190734863,145803
2024-02-14 14:30:00-05:00,10.225000381469727,10.25,10.164999961853027,10.1850004196167,190790
2024-02-14 15:30:00-05:00,10.204999923706055,10.25,10.15999984741211,10.229999542236328,368538
2024-02-15 09:30:00-05:00,10.225000381469727,10.369999885559082,10.180000305175781,10.350000381469727,193899
2024-02-15 10:30:00-05:00,10.130000114440918,10.244999885559082,10.085000038146973,10.225000381469727,79259
2024-02-15 11:30:00-05:00,10.270000457763672,10.300000190734863,10.109999656677246,10.130000114440918,196239
2024-02-15 12:30:00-05:00,10.305000305175781,10.319999694824219,10.199999809265137,10.260000228881836,187370
2024-02-15 13:30:00-05:00,10.319999694824219,10.335000038146973,10.25,10.305000305175781,115166
2024-02-15 14:30:00-05:00,10.255000114440918,10.335000038146973,10.234999656677246,10.324999809265137,106562
2024-02-15 15:30:00-05:00,10.220999717712402,10.28499984741211,10.210000038146973,10.255000114440918,231823
2024-02-16 09:30:00-05:00,10.239999771118164,10.390000343322754,10.104999542236328,10.239999771118164,358568
2024-02-16 10:30:00-05:00,10.28499984741211,10.292499542236328,10.220000267028809,10.234999656677246,132384
2024-02-16 11:30:00-05:00,10.300000190734863,10.300000190734863,10.239999771118164,10.295000076293945,76001
2024-02-16 12:30:00-05:00,10.289999961853027,10.329999923706055,10.260000228881836,10.300000190734863,49586
2024-02-16 13:30:00-05:00,10.305000305175781,10.345000267028809,10.295000076293945,10.300000190734863,52811
2024-02-16 14:30:00-05:00,10.300000190734863,10.350000381469727,10.289999961853027,10.305000305175781,149947
2024-02-16 15:30:00-05:00,10.329999923706055,10.350000381469727,10.300000190734863,10.305000305175781,183806
2024-02-20 09:30:00-05:00,9.960000038146973,10.220000267028809,9.925000190734863,10.140000343322754,217345
2024-02-20 10:30:00-05:00,10.180000305175781,10.180000305175781,9.9399995803833,9.949999809265137,139111
2024-02-20 11:30:00-05:00,10.109999656677246,10.175000190734863,10.055000305175781,10.175000190734863,74067
2024-02-20 12:30:00-05:00,10.175000190734863,10.194999694824219,10.0649995803833,10.109999656677246,92835
2024-02-20 13:30:00-05:00,10.154999732971191,10.229999542236328,10.100000381469727,10.175000190734863,131507
2024-02-20 14:30:00-05:00,10.204999923706055,10.204999923706055,10.149999618530273,10.154999732971191,103772
2024-02-20 15:30:00-05:00,10.225000381469727,10.229999542236328,10.164999961853027,10.204999923706055,217064
2024-02-21 09:30:00-05:00,10.0649995803833,10.1850004196167,9.979999542236328,10.020000457763672,141444
2024-02-21 10:30:00-05:00,9.96500015258789,10.055000305175781,9.949999809265137,10.055000305175781,120913
2024-02-21 11:30:00-05:00,10.005000114440918,10.020000457763672,9.9350004196167,9.960000038146973,136749
2024-02-21 12:30:00-05:00,10.045000076293945,10.100000381469727,10.0024995803833,10.005000114440918,186851
2024-02-21 13:30:00-05:00,9.994999885559082,10.085000038146973,9.989999771118164,10.050000190734863,110516
2024-02-21 14:30:00-05:00,9.989999771118164,10.010000228881836,9.960000038146973,9.994999885559082,143036
2024-02-21 15:30:00-05:00,10.050000190734863,10.109999656677246,9.989999771118164,9.994999885559082,349225
2024-02-22 09:30:00-05:00,10.295000076293945,10.40999984741211,10.220000267028809,10.300000190734863,312709
2024-02-22 10:30:00-05:00,10.1899995803833,10.305000305175781,10.180000305175781,10.300000190734863,162667
2024-02-22 11:30:00-05:00,10.265000343322754,10.300000190734863,10.180000305175781,10.1850004196167,181922
2024-02-22 12:30:00-05:00,10.28499984741211,10.300000190734863,10.244999885559082,10.265000343322754,149805
2024-02-22 13:30:00-05:00,10.3149995803833,10.345000267028809,10.279999732971191,10.28499984741211,197423
2024-02-22 14:30:00-05:00,10.3149995803833,10.335000038146973,10.289999961853027,10.3149995803833,264111
2024-02-22 15:30:00-05:00,10.359999656677246,10.369999885559082,10.3100004196167,10.319999694824219,375420
2024-02-23 09:30:00-05:00,10.154999732971191,10.329999923706055,10.005000114440918,10.319999694824219,181192
2024-02-23 10:30:00-05:00,10.125,10.234999656677246,10.069999694824219,10.154999732971191,125902
2024-02-23 11:30:00-05:00,10.199999809265137,10.234999656677246,10.074999809265137,10.130000114440918,102628
2024-02-23 12:30:00-05:00,10.25,10.300000190734863,10.175000190734863,10.194999694824219,98361
2024-02-23 13:30:00-05:00,10.244999885559082,10.270000457763672,10.204999923706055,10.244999885559082,123757
2024-02-23 14:30:00-05:00,10.28499984741211,10.319999694824219,10.21500015258789,10.244999885559082,274072
2024-02-23 15:30:00-05:00,10.300000190734863,10.319999694824219,10.274999618530273,10.28499984741211,352578
2024-02-26 09:30:00-05:00,10.345000267028809,10.359999656677246,10.15999984741211,10.220000267028809,116881
2024-02-26 10:30:00-05:00,10.234999656677246,10.350000381469727,10.204999923706055,10.350000381469727,119742
2024-02-26 11:30:00-05:00,10.3149995803833,10.319999694824219,10.210000038146973,10.234999656677246,137439
2024-02-26 12:30:00-05:00,10.225000381469727,10.329999923706055,10.204999923706055,10.3149995803833,112114
2024-02-26 13:30:00-05:00,10.3149995803833,10.319999694824219,10.21500015258789,10.220000267028809,112552
2024-02-26 14:30:00-05:00,10.350000381469727,10.364999771118164,10.300000190734863,10.319999694824219,198475
2024-02-26 15:30:00-05:00,10.329999923706055,10.425000190734863,10.329999923706055,10.345000267028809,542116
2024-02-27 09:30:00-05:00,10.569999694824219,10.850000381469727,10.34000015258789,10.449999809265137,1136283
2024-02-27 10:30:00-05:00,10.765000343322754,10.805000305175781,10.569999694824219,10.574999809265137,479699
2024-02-27 11:30:00-05:00,10.864999771118164,10.880000114440918,10.729999542236328,10.765000343322754,440254
2024-02-27 12:30:00-05:00,10.859999656677246,10.869999885559082,10.824999809265137,10.869999885559082,630924
2024-02-27 13:30:00-05:00,10.829999923706055,10.899999618530273,10.824999809265137,10.859999656677246,366368
2024-02-27 14:30:00-05:00,10.859999656677246,10.899999618530273,10.789999961853027,10.835000038146973,543140
2024-02-27 15:30:00-05:00,10.760000228881836,10.869999885559082,10.739999771118164,10.854999542236328,670731
2024-02-28 09:30:00-05:00,10.729999542236328,10.9399995803833,10.350000381469727,10.760000228881836,659911
2024-02-28 10:30:00-05:00,10.6899995803833,10.739999771118164,10.577500343322754,10.729999542236328,384367
2024-02-28 11:30:00-05:00,10.457500457763672,10.680000305175781,10.430000305175781,10.680000305175781,302210
2024-02-28 12:30:00-05:00,10.609999656677246,10.625,10.449999809265137,10.454999923706055,198608
2024-02-28 13:30:00-05:00,10.520000457763672,10.609999656677246,10.430000305175781,10.609999656677246,340414
2024-02-28 14:30:00-05:00,10.595000267028809,10.614999771118164,10.470000267028809,10.524999618530273,411151
2024-02-28 15:30:00-05:00,10.600000381469727,10.609999656677246,10.542499542236328,10.600000381469727,510178
2024-02-29 09:30:00-05:00,10.539999961853027,10.774999618530273,10.489999771118164,10.729999542236328,153477
2024-02-29 10:30:00-05:00,10.444999694824219,10.5600004196167,10.40999984741211,10.539999961853027,278378
2024-02-29 11:30:00-05:00,10.5,10.505000114440918,10.404999732971191,10.447500228881836,171364
2024-02-29 12:30:00-05:00,10.494999885559082,10.524999618530273,10.449999809265137,10.494999885559082,196956
2024-02-29 13:30:00-05:00,10.46500015258789,10.505000114440918,10.460000038146973,10.494999885559082,134977
2024-02-29 14:30:00-05:00,10.515000343322754,10.539999961853027,10.460000038146973,10.46500015258789,382020
2024-02-29 15:30:00-05:00,10.489999771118164,10.520000457763672,10.40999984741211,10.520000457763672,544825
2024-03-01 09:30:00-05:00,10.449999809265137,10.460000038146973,10.190099716186523,10.300000190734863,427934
2024-03-01 10:30:00-05:00,10.365099906921387,10.5,10.359999656677246,10.460000038146973,297254
2024-03-01 11:30:00-05:00,10.305000305175781,10.385000228881836,10.270000457763672,10.369999885559082,150169
2024-03-01 12:30:00-05:00,10.295000076293945,10.4399995803833,10.260000228881836,10.305000305175781,165017
2024-03-01 13:30:00-05:00,10.324999809265137,10.34000015258789,10.242500305175781,10.289999961853027,183337
2024-03-01 14:30:00-05:00,10.404999732971191,10.40999984741211,10.3149995803833,10.324999809265137,126557
2024-03-01 15:30:00-05:00,10.329999923706055,10.414999961853027,10.319999694824219,10.404999732971191,264521
2024-03-04 09:30:00-05:00,10.255000114440918,10.319999694824219,10.199999809265137,10.25,192392
2024-03-04 10:30:00-05:00,10.345000267028809,10.359999656677246,10.239999771118164,10.260000228881836,150273
2024-03-04 11:30:00-05:00,10.324999809265137,10.359999656677246,10.295000076293945,10.350000381469727,84933
2024-03-04 12:30:00-05:00,10.260000228881836,10.323699951171875,10.244999885559082,10.319999694824219,97578
2024-03-04 13:30:00-05:00,10.255000114440918,10.289999961853027,10.25,10.260000228881836,71019
2024-03-04 14:30:00-05:00,10.239999771118164,10.279999732971191,10.234999656677246,10.25,113733
2024-03-04 15:30:00-05:00,10.3100004196167,10.319999694824219,10.199999809265137,10.244999885559082,311688
2024-03-05 09:30:00-05:00,10.109999656677246,10.329999923706055,10.052499771118164,10.229999542236328,284893
2024-03-05 10:30:00-05:00,10.0649995803833,10.107099533081055,9.989999771118164,10.107099533081055,145964
2024-03-05 11:30:00-05:00,10.0600004196167,10.0649995803833,9.989999771118164,10.0649995803833,95504
2024-03-05 12:30:00-05:00,10.045000076293945,10.0649995803833,10.010000228881836,10.0649995803833,133012
2024-03-05 13:30:00-05:00,10.015000343322754,10.0600004196167,10.0,10.045000076293945,171250
2024-03-05 14:30:00-05:00,9.989999771118164,10.020000457763672,9.96500015258789,10.015000343322754,199104
2024-03-05 15:30:00-05:00,10.039999961853027,10.09000015258789,9.989999771118164,10.0,335760
2024-03-06 09:30:00-05:00,10.119999885559082,10.239999771118164,10.069999694824219,10.229999542236328,87847
2024-03-06 10:30:00-05:00,10.079999923706055,10.125,10.074999809265137,10.109999656677246,87173
2024-03-06 11:30:00-05:00,10.149999618530273,10.149999618530273,10.069999694824219,10.079999923706055,147883
2024-03-06 12:30:00-05:00,10.0649995803833,10.15999984741211,10.0649995803833,10.145000457763672,173351
2024-03-06 13:30:00-05:00,10.074999809265137,10.079999923706055,10.0,10.0649995803833,103631
2024-03-06 14:30:00-05:00,10.03499984741211,10.09000015258789,10.012499809265137,10.074999809265137,138639
2024-03-06 15:30:00-05:00,10.03499984741211,10.039999961853027,10.0,10.03499984741211,191374
2024-03-07 09:30:00-05:00,10.03499984741211,10.130000114440918,9.989999771118164,10.100000381469727,93871
2024-03-07 10:30:00-05:00,10.125,10.140000343322754,10.0,10.029999732971191,80260
2024-03-07 11:30:00-05:00,10.140000343322754,10.164999961853027,10.104999542236328,10.119999885559082,79188
2024-03-07 12:30:00-05:00,10.1850004196167,10.189800262451172,10.145000457763672,10.149999618530273,59573
2024-03-07 13:30:00-05:00,10.1899995803833,10.199999809265137,10.15999984741211,10.1850004196167,72622
2024-03-07 14:30:00-05:00,10.210000038146973,10.22920036315918,10.180000305175781,10.180000305175781,169985
2024-03-07 15:30:00-05:00,10.220000267028809,10.239999771118164,10.180000305175781,10.210000038146973,225255
2024-03-08 09:30:00-05:00,10.369999885559082,10.385000228881836,10.241800308227539,10.300000190734863,196116
2024-03-08 10:30:00-05:00,10.1899995803833,10.369999885559082,10.1899995803833,10.364999771118164,70342
2024-03-08 11:30:00-05:00,10.210000038146973,10.260000228881836,10.1850004196167,10.1899995803833,95377
2024-03-08 12:30:00-05:00,10.1899995803833,10.220000267028809,10.154999732971191,10.21500015258789,76639
2024-03-08 13:30:00-05:00,10.244999885559082,10.260000228881836,10.180000305175781,10.1899995803833,61676
2024-03-08 14:30:00-05:00,10.1899995803833,10.300000190734863,10.1899995803833,10.244999885559082,92849
2024-03-08 15:30:00-05:00,10.199999809265137,10.21500015258789,10.1899995803833,10.1899995803833,111339
2024-03-11 09:30:00-04:00,10.204999923706055,10.220000267028809,10.050000190734863,10.050000190734863,124217
2024-03-11 10:30:00-04:00,10.28499984741211,10.289999961853027,10.204999923706055,10.204999923706055,119795
2024-03-11 11:30:00-04:00,10.305000305175781,10.319999694824219,10.239999771118164,10.28499984741211,147749
2024-03-11 12:30:00-04:00,10.350000381469727,10.369999885559082,10.300000190734863,10.305000305175781,108383
2024-03-11 13:30:00-04:00,10.350000381469727,10.369999885559082,10.305000305175781,10.350000381469727,154175
2024-03-11 14:30:00-04:00,10.350000381469727,10.354999542236328,10.3100004196167,10.354999542236328,144225
2024-03-11 15:30:00-04:00,10.359999656677246,10.40999984741211,10.345000267028809,10.350000381469727,358745
2024-03-12 09:30:00-04:00,10.538000106811523,10.550000190734863,10.34000015258789,10.399999618530273,184542
2024-03-12 10:30:00-04:00,10.506699562072754,10.579999923706055,10.494999885559082,10.539999961853027,127823
2024-03-12 11:30:00-04:00,10.425000190734863,10.510000228881836,10.40999984741211,10.505000114440918,104130
2024-03-12 12:30:00-04:00,10.479999542236328,10.489999771118164,10.420000076293945,10.420000076293945,101612
2024-03-12 13:30:00-04:00,10.484999656677246,10.489999771118164,10.46500015258789,10.479999542236328,80914
2024-03-12 14:30:00-04:00,10.46500015258789,10.510000228881836,10.449999809265137,10.484999656677246,128837
2024-03-12 15:30:00-04:00,10.420000076293945,10.479999542236328,10.40999984741211,10.46500015258789,262348
2024-03-13 09:30:00-04:00,10.390000343322754,10.489999771118164,10.289999961853027,10.399999618530273,245802
2024-03-13 10:30:00-04:00,10.395000457763672,10.425000190734863,10.375,10.390000343322754,68018
2024-03-13 11:30:00-04:00,10.404999732971191,10.460000038146973,10.369999885559082,10.390000343322754,62033
2024-03-13 12:30:00-04:00,10.385000228881836,10.420000076293945,10.385000228881836,10.404999732971191,47993
2024-03-13 13:30:00-04:00,10.345000267028809,10.399999618530273,10.324999809265137,10.385000228881836,187208
2024-03-13 14:30:00-04:00,10.329999923706055,10.420000076293945,10.3100004196167,10.345000267028809,103194
2024-03-13 15:30:00-04:00,10.399999618530273,10.40999984741211,10.329999923706055,10.329999923706055,318528
2024-03-14 09:30:00-04:00,10.305000305175781,10.420000076293945,10.274999618530273,10.420000076293945,116513
2024-03-14 10:30:00-04:00,10.220000267028809,10.34000015258789,10.1899995803833,10.3100004196167,113872
2024-03-14 11:30:00-04:00,10.354999542236328,10.369999885559082,10.225000381469727,10.229999542236328,104059
2024-03-14 12:30:00-04:00,10.345000267028809,10.40999984741211,10.319999694824219,10.354999542236328,87735
2024-03-14 13:30:00-04:00,10.449999809265137,10.449999809265137,10.329999923706055,10.345000267028809,98886
2024-03-14 14:30:00-04:00,10.385000228881836,10.460000038146973,10.354999542236328,10.444999694824219,141303
2024-03-14 15:30:00-04:00,10.470000267028809,10.470000267028809,10.34000015258789,10.380000114440918,218472
2024-03-15 09:30:00-04:00,10.204999923706055,10.4399995803833,10.199999809265137,10.279999732971191,382203
2024-03-15 10:30:00-04:00,10.225000381469727,10.244999885559082,10.180000305175781,10.204999923706055,155205
2024-03-15 11:30:00-04:00,10.239999771118164,10.239999771118164,10.1899995803833,10.220000267028809,125142
2024-03-15 12:30:00-04:00,10.210000038146973,10.279999732971191,10.128999710083008,10.234999656677246,153770
2024-03-15 13:30:00-04:00,10.255000114440918,10.279999732971191,10.204999923706055,10.210000038146973,133555
2024-03-15 14:30:00-04:00,10.295000076293945,10.319999694824219,10.25,10.25,156882
2024-03-15 15:30:00-04:00,10.319999694824219,10.329999923706055,10.255000114440918,10.295000076293945,259073
2024-03-18 09:30:00-04:00,10.460000038146973,10.479999542236328,10.279999732971191,10.359999656677246,142496
2024-03-18 10:30:00-04:00,10.4399995803833,10.489999771118164,10.399999618530273,10.454999923706055,109099
2024-03-18 11:30:00-04:00,10.3149995803833,10.4399995803833,10.290499687194824,10.430000305175781,118105
2024-03-18 12:30:00-04:00,10.395000457763672,10.399999618530273,10.28499984741211,10.319899559020996,78093
2024-03-18 13:30:00-04:00,10.485400199890137,10.515000343322754,10.395000457763672,10.399999618530273,153921
2024-03-18 14:30:00-04:00,10.550000190734863,10.5649995803833,10.470000267028809,10.479999542236328,158959
2024-03-18 15:30:00-04:00,10.5600004196167,10.579999923706055,10.524999618530273,10.550000190734863,200043
2024-03-19 09:30:00-04:00,10.550000190734863,10.579999923706055,10.460000038146973,10.520000457763672,79588
2024-03-19 10:30:00-04:00,10.630000114440918,10.630000114440918,10.520000457763672,10.539999961853027,74842
2024-03-19 11:30:00-04:00,10.729999542236328,10.729999542236328,10.614999771118164,10.625,68305
2024-03-19 12:30:00-04:00,10.774999618530273,10.789999961853027,10.720000267028809,10.729999542236328,115784
2024-03-19 13:30:00-04:00,10.765000343322754,10.805000305175781,10.75,10.779999732971191,192693
2024-03-19 14:30:00-04:00,10.779999732971191,10.800000190734863,10.75,10.765000343322754,186301
2024-03-19 15:30:00-04:00,10.819999694824219,10.819999694824219,10.742500305175781,10.770000457763672,259447
2024-03-20 09:30:00-04:00,10.904999732971191,10.904999732971191,10.779999732971191,10.829999923706055,83536
2024-03-20 10:30:00-04:00,10.960000038146973,10.989999771118164,10.890000343322754,10.904999732971191,136265
2024-03-20 11:30:00-04:00,10.900300025939941,10.949999809265137,10.895000457763672,10.949999809265137,96285
2024-03-20 12:30:00-04:00,10.949999809265137,10.979999542236328,10.904999732971191,10.904999732971191,102563
2024-03-20 13:30:00-04:00,11.114999771118164,11.119999885559082,10.944999694824219,10.949999809265137,354851
2024-03-20 14:30:00-04:00,11.194999694824219,11.220000267028809,11.050000190734863,11.119999885559082,330555
2024-03-20 15:30:00-04:00,11.239999771118164,11.260000228881836,11.194999694824219,11.194999694824219,435753
2024-03-21 09:30:00-04:00,11.305000305175781,11.550000190734863,11.250100135803223,11.350000381469727,780744
2024-03-21 10:30:00-04:00,11.1899995803833,11.335000038146973,11.140000343322754,11.300000190734863,234530
2024-03-21 11:30:00-04:00,11.145000457763672,11.229999542236328,11.119999885559082,11.194999694824219,116924
2024-03-21 12:30:00-04:00,11.204999923706055,11.210000038146973,11.130000114440918,11.149999618530273,95026
2024-03-21 13:30:00-04:00,11.270000457763672,11.279999732971191,11.145000457763672,11.199999809265137,148898
2024-03-21 14:30:00-04:00,11.229999542236328,11.279999732971191,11.154999732971191,11.274999618530273,221869
2024-03-21 15:30:00-04:00,11.119999885559082,11.229999542236328,11.085000038146973,11.229999542236328,497017
2024-03-22 09:30:00-04:00,11.045000076293945,11.220000267028809,10.979999542236328,11.15999984741211,111490
2024-03-22 10:30:00-04:00,10.975000381469727,11.045999526977539,10.9399995803833,11.045999526977539,84368
2024-03-22 11:30:00-04:00,11.045000076293945,11.050000190734863,10.96500015258789,10.970000267028809,54980
2024-03-22 12:30:00-04:00,11.0649995803833,11.095000267028809,11.020000457763672,11.039999961853027,76372
2024-03-22 13:30:00-04:00,11.09000015258789,11.130000114440918,11.0649995803833,11.069999694824219,80991
2024-03-22 14:30:00-04:00,11.114999771118164,11.135000228881836,11.052499771118164,11.095000267028809,305889
2024-03-22 15:30:00-04:00,11.055000305175781,11.135000228881836,11.050000190734863,11.119999885559082,425840
2024-03-25 09:30:00-04:00,11.015000343322754,11.0649995803833,10.90999984741211,10.949999809265137,108150
2024-03-25 10:30:00-04:00,11.0,11.079999923706055,10.984999656677246,11.020000457763672,79912
2024-03-25 11:30:00-04:00,10.984999656677246,11.029999732971191,10.930000305175781,11.005000114440918,88336
2024-03-25 12:30:00-04:00,10.994999885559082,11.010000228881836,10.96500015258789,10.979999542236328,49058
2024-03-25 13:30:00-04:00,11.024999618530273,11.0600004196167,10.979999542236328,10.989999771118164,90254
2024-03-25 14:30:00-04:00,11.024999618530273,11.0600004196167,10.984999656677246,11.024999618530273,85051
2024-03-25 15:30:00-04:00,11.029999732971191,11.039999961853027,10.989999771118164,11.020000457763672,201011
2024-03-26 09:30:00-04:00,10.975000381469727,11.164999961853027,10.970000267028809,11.130000114440918,46939
2024-03-26 10:30:00-04:00,10.9350004196167,10.994999885559082,10.920000076293945,10.96500015258789,50041
2024-03-26 11:30:00-04:00,10.970000267028809,11.0,10.9350004196167,10.9350004196167,56067
2024-03-26 12:30:00-04:00,10.965999603271484,11.0,10.9350004196167,10.970000267028809,46322
2024-03-26 13:30:00-04:00,10.949999809265137,10.979999542236328,10.90999984741211,10.970000267028809,56711
2024-03-26 14:30:00-04:00,10.90999984741211,10.979999542236328,10.90999984741211,10.960000038146973,61154
2024-03-26 15:30:00-04:00,10.819999694824219,10.90999984741211,10.800000190734863,10.904999732971191,278630
2024-03-27 09:30:00-04:00,10.779999732971191,10.989999771118164,10.729999542236328,10.920000076293945,85355
2024-03-27 10:30:00-04:00,10.770000457763672,10.8149995803833,10.75,10.78499984741211,57286
2024-03-27 11:30:00-04:00,10.869999885559082,10.869999885559082,10.760000228881836,10.760000228881836,59362
2024-03-27 12:30:00-04:00,10.795000076293945,10.869999885559082,10.789999961853027,10.869999885559082,82968
2024-03-27 13:30:00-04:00,10.8149995803833,10.819999694824219,10.774999618530273,10.795000076293945,49282
2024-03-27 14:30:00-04:00,10.864999771118164,10.869999885559082,10.800000190734863,10.8149995803833,84943
2024-03-27 15:30:00-04:00,10.930000305175781,10.9399995803833,10.850000381469727,10.869999885559082,258386
2024-03-28 09:30:00-04:00,11.104999542236328,11.109999656677246,10.899999618530273,10.949999809265137,115506
2024-03-28 10:30:00-04:00,11.039999961853027,11.109999656677246,11.010000228881836,11.104999542236328,92331
2024-03-28 11:30:00-04:00,11.0,11.050000190734863,10.989999771118164,11.045000076293945,109105
2024-03-28 12:30:00-04:00,10.925000190734863,11.010000228881836,10.90999984741211,11.0,49212
2024-03-28 13:30:00-04:00,10.895000457763672,10.927499771118164,10.854999542236328,10.927499771118164,71980
2024-03-28 14:30:00-04:00,10.859999656677246,10.914999961853027,10.859999656677246,10.895000457763672,105763
2024-03-28 15:30:00-04:00,10.920000076293945,10.9399995803833,10.8100004196167,10.864999771118164,302477
2024-04-01 09:30:00-04:00,10.8100004196167,10.920000076293945,10.710000038146973,10.920000076293945,162444
2024-04-01 10:30:00-04:00,10.795000076293945,10.859999656677246,10.78499984741211,10.8100004196167,90022
2024-04-01 11:30:00-04:00,10.78950023651123,10.800000190734863,10.712499618530273,10.795000076293945,119071
2024-04-01 12:30:00-04:00,10.765000343322754,10.800000190734863,10.720000267028809,10.78499984741211,77763
2024-04-01 13:30:00-04:00,10.770000457763672,10.800000190734863,10.744999885559082,10.770000457763672,79188
2024-04-01 14:30:00-04:00,10.779999732971191,10.800000190734863,10.730500221252441,10.760000228881836,112697
2024-04-01 15:30:00-04:00,10.800000190734863,10.850000381469727,10.770000457763672,10.789999961853027,351614
2024-04-02 09:30:00-04:00,10.404999732971191,10.649999618530273,10.375,10.649999618530273,227394
2024-04-02 10:30:00-04:00,10.425000190734863,10.505000114440918,10.404999732971191,10.404999732971191,106206
2024-04-02 11:30:00-04:00,10.380000114440918,10.430000305175781,10.34000015258789,10.425000190734863,79507
2024-04-02 12:30:00-04:00,10.324999809265137,10.380000114440918,10.300000190734863,10.380000114440918,80555
2024-04-02 13:30:00-04:00,10.404999732971191,10.40999984741211,10.3149995803833,10.329999923706055,84035
2024-04-02 14:30:00-04:00,10.395000457763672,10.4399995803833,10.359999656677246,10.399999618530273,100683
2024-04-02 15:30:00-04:00,10.430000305175781,10.5,10.385000228881836,10.395000457763672,221125
2024-04-03 09:30:00-04:00,10.630000114440918,10.729999542236328,10.479999542236328,10.529999732971191,215222
2024-04-03 10:30:00-04:00,10.630000114440918,10.699999809265137,10.600000381469727,10.635000228881836,99103
2024-04-03 11:30:00-04:00,10.65999984741211,10.6697998046875,10.604999542236328,10.625,78372
2024-04-03 12:30:00-04:00,10.654999732971191,10.6899995803833,10.619999885559082,10.654999732971191,64585
2024-04-03 13:30:00-04:00,10.614999771118164,10.65999984741211,10.600000381469727,10.649999618530273,78480
2024-04-03 14:30:00-04:00,10.484999656677246,10.619999885559082,10.484999656677246,10.609999656677246,146006
2024-04-03 15:30:00-04:00,10.529999732971191,10.529999732971191,10.470000267028809,10.484999656677246,190675
2024-04-04 09:30:00-04:00,12.180000305175781,12.220100402832031,11.399999618530273,11.694999694824219,1534727
2024-04-04 10:30:00-04:00,12.324999809265137,12.399999618530273,12.074999809265137,12.189900398254395,1113166
2024-04-04 11:30:00-04:00,12.354999542236328,12.364999771118164,12.229999542236328,12.324999809265137,698218
2024-04-04 12:30:00-04:00,12.180000305175781,12.444999694824219,12.164999961853027,12.354999542236328,602606
2024-04-04 13:30:00-04:00,12.131999969482422,12.329999923706055,12.09000015258789,12.170000076293945,574176
2024-04-04 14:30:00-04:00,11.899999618530273,12.170000076293945,11.899999618530273,12.130000114440918,697696
2024-04-04 15:30:00-04:00,11.9399995803833,11.989999771118164,11.859999656677246,11.895000457763672,658452
2024-04-05 09:30:00-04:00,12.029999732971191,12.170000076293945,11.859999656677246,12.170000076293945,506041
2024-04-05 10:30:00-04:00,12.234999656677246,12.270000457763672,11.989999771118164,12.029999732971191,345842
2024-04-05 11:30:00-04:00,12.399999618530273,12.430000305175781,12.234999656677246,12.234999656677246,430233
2024-04-05 12:30:00-04:00,12.350000381469727,12.425000190734863,12.295000076293945,12.404999732971191,493027
2024-04-05 13:30:00-04:00,12.239999771118164,12.390000343322754,12.154999732971191,12.354999542236328,308026
2024-04-05 14:30:00-04:00,12.204999923706055,12.375,12.175000190734863,12.25,342239
2024-04-05 15:30:00-04:00,12.239999771118164,12.239999771118164,12.130000114440918,12.204999923706055,484496
2024-04-08 09:30:00-04:00,12.114999771118164,12.449999809265137,12.029999732971191,12.350000381469727,260684
2024-04-08 10:30:00-04:00,12.069999694824219,12.210000038146973,12.050000190734863,12.109999656677246,193393
2024-04-08 11:30:00-04:00,12.010000228881836,12.119999885559082,12.005000114440918,12.069999694824219,121040
2024-04-08 12:30:00-04:00,12.045000076293945,12.0600004196167,11.979999542236328,12.010000228881836,113419
2024-04-08 13:30:00-04:00,12.074999809265137,12.079999923706055,12.010000228881836,12.045000076293945,97343
2024-04-08 14:30:00-04:00,12.079999923706055,12.095000267028809,12.03499984741211,12.069999694824219,153391
2024-04-08 15:30:00-04:00,12.03499984741211,12.079999923706055,12.0,12.074999809265137,311037
2024-04-09 09:30:00-04:00,12.039999961853027,12.145000457763672,12.010000228881836,12.079999923706055,119226
2024-04-09 10:30:00-04:00,12.045000076293945,12.079999923706055,11.994999885559082,12.039999961853027,124249
2024-04-09 11:30:00-04:00,12.045000076293945,12.079999923706055,12.03499984741211,12.045000076293945,103211
2024-04-09 12:30:00-04:00,12.050000190734863,12.109999656677246,12.029999732971191,12.045999526977539,144753
2024-04-09 13:30:00-04:00,12.045000076293945,12.0600004196167,12.010000228881836,12.055000305175781,137080
2024-04-09 14:30:00-04:00,12.045000076293945,12.0600004196167,12.005000114440918,12.039999961853027,104951
2024-04-09 15:30:00-04:00,12.050000190734863,12.055000305175781,12.03499984741211,12.045000076293945,278448
2024-04-10 09:30:00-04:00,11.989999771118164,12.029999732971191,11.5600004196167,11.6899995803833,156319
2024-04-10 10:30:00-04:00,11.960000038146973,11.989999771118164,11.875,11.989999771118164,95587
2024-04-10 11:30:00-04:00,12.0,12.007499694824219,11.890000343322754,11.960000038146973,73652
2024-04-10 12:30:00-04:00,11.979999542236328,12.0600004196167,11.90999984741211,11.989999771118164,125892
2024-04-10 13:30:00-04:00,11.975000381469727,12.050000190734863,11.949999809265137,11.984999656677246,102895
2024-04-10 14:30:00-04:00,11.975000381469727,12.020000457763672,11.920000076293945,11.96500015258789,230776
2024-04-10 15:30:00-04:00,11.979999542236328,12.0,11.90999984741211,11.970000267028809,246741
2024-04-11 09:30:00-04:00,11.979999542236328,12.149999618530273,11.869999885559082,12.029999732971191,140881
2024-04-11 10:30:00-04:00,11.994999885559082,12.015000343322754,11.970000267028809,11.979999542236328,70365
2024-04-11 11:30:00-04:00,12.170000076293945,12.170000076293945,11.994999885559082,11.994999885559082,339550
2024-04-11 12:30:00-04:00,12.154999732971191,12.199999809265137,12.130000114440918,12.170000076293945,145387
2024-04-11 13:30:00-04:00,12.095000267028809,12.15999984741211,12.0649995803833,12.154999732971191,97581
2024-04-11 14:30:00-04:00,12.114999771118164,12.130000114440918,12.085000038146973,12.095000267028809,215997
2024-04-11 15:30:00-04:00,12.180000305175781,12.199999809265137,12.109999656677246,12.109999656677246,321692
2024-04-12 09:30:00-04:00,12.055000305175781,12.149999618530273,12.0,12.069999694824219,147801
2024-04-12 10:30:00-04:00,12.099900245666504,12.099900245666504,12.029999732971191,12.055000305175781,64965
2024-04-12 11:30:00-04:00,12.069999694824219,12.095000267028809,12.039999961853027,12.095000267028809,75661
2024-04-12 12:30:00-04:00,12.010000228881836,12.069999694824219,11.975000381469727,12.069999694824219,123693
2024-04-12 13:30:00-04:00,12.019800186157227,12.039999961853027,11.975000381469727,12.005000114440918,190970
2024-04-12 14:30:00-04:00,11.930000305175781,12.020000457763672,11.899999618530273,12.010000228881836,140438
2024-04-12 15:30:00-04:00,11.960000038146973,11.995699882507324,11.930000305175781,11.930000305175781,349338
2024-04-15 09:30:00-04:00,11.914999961853027,12.079999923706055,11.895000457763672,11.979999542236328,192996
2024-04-15 10:30:00-04:00,11.78499984741211,11.979999542236328,11.694999694824219,11.914999961853027,274613
2024-04-15 11:30:00-04:00,11.699999809265137,11.824999809265137,11.699999809265137,11.78499984741211,101673
2024-04-15 12:30:00-04:00,11.574999809265137,11.720000267028809,11.569999694824219,11.699999809265137,121655
2024-04-15 13:30:00-04:00,11.395000457763672,11.585000038146973,11.385000228881836,11.569999694824219,142003
2024-04-15 14:30:00-04:00,11.399999618530273,11.425000190734863,11.34000015258789,11.390000343322754,172406
2024-04-15 15:30:00-04:00,11.454999923706055,11.470000267028809,11.369999885559082,11.399999618530273,307136
2024-04-16 09:30:00-04:00,11.515000343322754,11.53499984741211,11.234999656677246,11.350000381469727,110542
2024-04-16 10:30:00-04:00,11.680000305175781,11.720000267028809,11.5,11.515000343322754,147707
2024-04-16 11:30:00-04:00,11.744999885559082,11.760000228881836,11.635000228881836,11.675000190734863,78192
2024-04-16 12:30:00-04:00,11.795000076293945,11.8149995803833,11.744999885559082,11.75,73227
2024-04-16 13:30:00-04:00,11.65999984741211,11.789999961853027,11.65999984741211,11.779999732971191,113799
2024-04-16 14:30:00-04:00,11.670000076293945,11.715700149536133,11.649999618530273,11.670000076293945,146670
2024-04-16 15:30:00-04:00,11.680000305175781,11.6899995803833,11.619999885559082,11.670000076293945,233365
2024-04-17 09:30:00-04:00,11.788999557495117,11.895000457763672,11.6899995803833,11.729999542236328,353940
2024-04-17 10:30:00-04:00,11.800000190734863,11.850000381469727,11.784000396728516,11.789999961853027,129178
2024-04-17 11:30:00-04:00,11.800000190734863,11.845000267028809,11.779999732971191,11.800000190734863,133261
2024-04-17 12:30:00-04:00,11.831000328063965,11.854999542236328,11.755000114440918,11.800000190734863,103075
2024-04-17 13:30:00-04:00,11.8100004196167,11.850000381469727,11.78499984741211,11.84000015258789,104253
2024-04-17 14:30:00-04:00,11.805000305175781,11.850000381469727,11.793999671936035,11.805000305175781,157852
2024-04-17 15:30:00-04:00,11.850000381469727,11.895000457763672,11.805000305175781,11.805000305175781,431077
2024-04-18 09:30:00-04:00,11.78499984741211,11.859999656677246,11.649999618530273,11.800000190734863,325784
2024-04-18 10:30:00-04:00,11.824999809265137,11.850000381469727,11.760000228881836,11.78499984741211,100444
2024-04-18 11:30:00-04:00,11.800000190734863,11.84000015258789,11.739999771118164,11.829999923706055,131961
2024-04-18 12:30:00-04:00,11.760000228881836,11.800000190734863,11.71500015258789,11.795000076293945,128567
2024-04-18 13:30:00-04:00,11.699999809265137,11.779999732971191,11.694999694824219,11.760000228881836,141483
2024-04-18 14:30:00-04:00,11.704999923706055,11.770000457763672,11.65999984741211,11.699999809265137,175122
2024-04-18 15:30:00-04:00,11.649999618530273,11.725000381469727,11.640000343322754,11.704999923706055,380026
2024-04-19 09:30:00-04:00,11.829999923706055,11.84000015258789,11.569999694824219,11.6899995803833,250714
2024-04-19 10:30:00-04:00,11.9350004196167,11.9399995803833,11.795000076293945,11.835000038146973,208252
2024-04-19 11:30:00-04:00,11.859999656677246,11.949999809265137,11.850000381469727,11.9350004196167,209620
2024-04-19 12:30:00-04:00,11.835000038146973,11.895000457763672,11.8149995803833,11.859999656677246,177974
2024-04-19 13:30:00-04:00,11.720000267028809,11.859999656677246,11.710000038146973,11.835000038146973,121805
2024-04-19 14:30:00-04:00,11.65999984741211,11.774999618530273,11.65999984741211,11.725000381469727,208251
2024-04-19 15:30:00-04:00,11.694999694824219,11.699999809265137,11.579999923706055,11.649999618530273,380133
2024-04-22 09:30:00-04:00,11.6850004196167,11.779999732971191,11.670000076293945,11.729999542236328,269551
2024-04-22 10:30:00-04:00,11.640000343322754,11.704999923706055,11.609999656677246,11.684000015258789,107160
2024-04-22 11:30:00-04:00,11.600000381469727,11.710000038146973,11.600000381469727,11.649999618530273,123028
2024-04-22 12:30:00-04:00,11.680000305175781,11.6850004196167,11.569999694824219,11.579999923706055,131520
2024-04-22 13:30:00-04:00,11.75,11.75,11.680000305175781,11.680000305175781,141992
2024-04-22 14:30:00-04:00,11.824999809265137,11.829999923706055,11.699999809265137,11.739999771118164,158021
2024-04-22 15:30:00-04:00,11.869999885559082,11.869999885559082,11.789999961853027,11.824999809265137,278006
2024-04-23 09:30:00-04:00,12.055000305175781,12.0600004196167,11.829999923706055,11.930000305175781,281688
2024-04-23 10:30:00-04:00,11.9350004196167,12.055000305175781,11.890000343322754,12.055000305175781,150014
2024-04-23 11:30:00-04:00,12.074999809265137,12.079999923706055,11.920000076293945,11.9350004196167,147332
2024-04-23 12:30:00-04:00,12.020000457763672,12.140000343322754,12.020000457763672,12.070099830627441,186454
2024-04-23 13:30:00-04:00,12.149999618530273,12.170000076293945,12.020000457763672,12.020000457763672,122612
2024-04-23 14:30:00-04:00,12.154999732971191,12.1899995803833,12.085000038146973,12.154999732971191,185091
2024-04-23 15:30:00-04:00,12.119999885559082,12.1899995803833,12.09000015258789,12.149999618530273,425661
2024-04-24 09:30:00-04:00,12.175000190734863,12.239999771118164,12.0600004196167,12.100000381469727,250530
2024-04-24 10:30:00-04:00,12.1899995803833,12.225000381469727,12.140000343322754,12.175000190734863,229728
2024-04-24 11:30:00-04:00,12.170000076293945,12.199999809265137,12.135000228881836,12.180000305175781,206380
2024-04-24 12:30:00-04:00,12.234999656677246,12.234999656677246,12.055000305175781,12.164999961853027,226396
2024-04-24 13:30:00-04:00,12.194999694824219,12.289999961853027,12.1899995803833,12.239999771118164,220403
2024-04-24 14:30:00-04:00,12.265000343322754,12.274999618530273,12.1850004196167,12.194999694824219,152065
2024-04-24 15:30:00-04:00,12.279999732971191,12.3100004196167,12.239999771118164,12.265000343322754,430273
2024-04-25 09:30:00-04:00,12.149999618530273,12.164999961853027,11.859999656677246,12.010000228881836,249427
2024-04-25 10:30:00-04:00,12.225000381469727,12.225000381469727,12.095000267028809,12.149999618530273,116114
2024-04-25 11:30:00-04:00,12.25,12.265000343322754,12.1899995803833,12.225000381469727,147498
2024-04-25 12:30:00-04:00,12.3100004196167,12.335000038146973,12.239999771118164,12.244999885559082,245464
2024-04-25 13:30:00-04:00,12.375,12.390000343322754,12.302499771118164,12.3100004196167,142057
2024-04-25 14:30:00-04:00,12.420000076293945,12.420000076293945,12.350000381469727,12.375,210435
2024-04-25 15:30:00-04:00,12.449999809265137,12.449999809265137,12.375,12.420000076293945,369179
2024-04-26 09:30:00-04:00,12.859999656677246,12.875,12.40999984741211,12.449999809265137,452423
2024-04-26 10:30:00-04:00,12.710000038146973,12.90999984741211,12.680000305175781,12.857999801635742,296285
2024-04-26 11:30:00-04:00,12.819999694824219,12.819999694824219,12.699999809265137,12.710000038146973,126182
2024-04-26 12:30:00-04:00,12.890000343322754,12.90999984741211,12.789999961853027,12.829999923706055,256078
2024-04-26 13:30:00-04:00,12.800000190734863,12.885000228881836,12.739999771118164,12.885000228881836,161686
2024-04-26 14:30:00-04:00,12.789999961853027,12.8100004196167,12.760000228881836,12.795000076293945,179014
2024-04-26 15:30:00-04:00,12.890000343322754,12.90999984741211,12.779999732971191,12.78499984741211,727807
2024-04-29 09:30:00-04:00,12.880000114440918,12.989999771118164,12.770000457763672,12.920000076293945,374532
2024-04-29 10:30:00-04:00,12.725000381469727,12.914999961853027,12.609999656677246,12.875,744081
2024-04-29 11:30:00-04:00,12.614999771118164,12.729999542236328,12.604999542236328,12.720000267028809,161810
2024-04-29 12:30:00-04:00,12.654999732971191,12.670000076293945,12.582500457763672,12.609999656677246,101828
2024-04-29 13:30:00-04:00,12.600000381469727,12.689800262451172,12.59000015258789,12.654999732971191,130359
2024-04-29 14:30:00-04:00,12.579999923706055,12.609999656677246,12.484999656677246,12.600000381469727,189233
2024-04-29 15:30:00-04:00,12.640000343322754,12.649999618530273,12.550000190734863,12.574999809265137,407182
2024-04-30 09:30:00-04:00,12.4399995803833,12.569999694824219,12.319999694824219,12.5600004196167,151135
2024-04-30 10:30:00-04:00,12.46500015258789,12.475000381469727,12.395000457763672,12.4350004196167,81706
2024-04-30 11:30:00-04:00,12.4350004196167,12.46500015258789,12.40999984741211,12.460000038146973,63872
2024-04-30 12:30:00-04:00,12.404999732971191,12.4350004196167,12.369999885559082,12.4350004196167,96433
2024-04-30 13:30:00-04:00,12.395000457763672,12.460000038146973,12.390000343322754,12.40999984741211,165838
2024-04-30 14:30:00-04:00,12.454999923706055,12.460000038146973,12.390000343322754,12.395000457763672,128170
2024-04-30 15:30:00-04:00,12.369999885559082,12.454999923706055,12.350000381469727,12.454999923706055,236642
2024-05-01 09:30:00-04:00,12.404999732971191,12.4399995803833,12.260000228881836,12.369999885559082,104095
2024-05-01 10:30:00-04:00,12.4399995803833,12.449999809265137,12.395000457763672,12.404999732971191,92317
2024-05-01 11:30:00-04:00,12.425000190734863,12.4399995803833,12.350000381469727,12.4399995803833,114369
2024-05-01 12:30:00-04:00,12.430000305175781,12.4399995803833,12.404999732971191,12.420000076293945,224911
2024-05-01 13:30:00-04:00,12.739999771118164,12.75,12.420000076293945,12.430000305175781,209149
2024-05-01 14:30:00-04:00,12.739999771118164,12.90999984741211,12.609999656677246,12.739999771118164,321975
2024-05-01 15:30:00-04:00,12.609999656677246,12.75,12.569999694824219,12.744999885559082,398617
2024-05-02 09:30:00-04:00,12.399999618530273,12.649999618530273,12.369999885559082,12.600000381469727,221017
2024-05-02 10:30:00-04:00,12.505000114440918,12.529999732971191,12.359999656677246,12.404999732971191,177440
2024-05-02 11:30:00-04:00,12.625,12.645000457763672,12.494999885559082,12.5,255310
2024-05-02 12:30:00-04:00,12.664999961853027,12.680000305175781,12.585000038146973,12.630000114440918,166229
2024-05-02 13:30:00-04:00,12.71500015258789,12.734999656677246,12.654999732971191,12.665399551391602,136613
2024-05-02 14:30:00-04:00,12.704999923706055,12.729999542236328,12.670000076293945,12.71500015258789,181855
2024-05-02 15:30:00-04:00,12.609999656677246,12.704999923706055,12.5600004196167,12.699999809265137,359848
2024-05-03 09:30:00-04:00,12.630000114440918,12.869999885559082,12.574999809265137,12.859999656677246,120604
2024-05-03 10:30:00-04:00,12.649999618530273,12.649999618530273,12.579999923706055,12.635000228881836,100886
2024-05-03 11:30:00-04:00,12.671899795532227,12.704999923706055,12.640000343322754,12.645000457763672,91740
2024-05-03 12:30:00-04:00,12.670000076293945,12.704999923706055,12.65999984741211,12.680000305175781,80445
2024-05-03 13:30:00-04:00,12.809399604797363,12.819999694824219,12.65999984741211,12.65999984741211,112236
2024-05-03 14:30:00-04:00,12.774999618530273,12.8149995803833,12.75,12.805000305175781,108402
2024-05-03 15:30:00-04:00,12.819999694824219,12.84000015258789,12.760000228881836,12.779999732971191,348818
2024-05-06 09:30:00-04:00,13.005000114440918,13.109999656677246,12.914999961853027,12.930000305175781,344844
2024-05-06 10:30:00-04:00,13.074999809265137,13.100000381469727,12.970000267028809,13.005000114440918,309837
2024-05-06 11:30:00-04:00,13.03499984741211,13.079999923706055,12.979999542236328,13.069999694824219,385651
2024-05-06 12:30:00-04:00,13.024999618530273,13.055000305175781,12.960000038146973,13.03499984741211,277574
2024-05-06 13:30:00-04:00,12.975000381469727,13.03499984741211,12.9399995803833,13.024999618530273,285663
2024-05-06 14:30:00-04:00,13.0,13.029999732971191,12.954999923706055,12.975000381469727,282700
2024-05-06 15:30:00-04:00,13.0,13.039999961853027,12.989999771118164,12.994999885559082,538540
2024-05-07 09:30:00-04:00,15.65999984741211,15.899999618530273,14.899999618530273,15.550000190734863,3107892
2024-05-07 10:30:00-04:00,15.09000015258789,15.739999771118164,15.0,15.649999618530273,1780744
2024-05-07 11:30:00-04:00,15.545000076293945,15.550000190734863,15.069999694824219,15.085000038146973,1283023
2024-05-07 12:30:00-04:00,15.475000381469727,15.59000015258789,15.289999961853027,15.54990005493164,619715
2024-05-07 13:30:00-04:00,15.404999732971191,15.545000076293945,15.329999923706055,15.475000381469727,422290
2024-05-07 14:30:00-04:00,15.265000343322754,15.4350004196167,15.114999771118164,15.40999984741211,615903
2024-05-07 15:30:00-04:00,15.390000343322754,15.40999984741211,15.15999984741211,15.265000343322754,966915
2024-05-08 09:30:00-04:00,15.475000381469727,15.529999732971191,15.020000457763672,15.34000015258789,569582
2024-05-08 10:30:00-04:00,15.699999809265137,15.779999732971191,15.4399995803833,15.470000267028809,1028612
2024-05-08 11:30:00-04:00,15.680000305175781,15.725000381469727,15.600000381469727,15.699999809265137,200070
2024-05-08 12:30:00-04:00,15.680000305175781,15.699999809265137,15.600000381469727,15.680000305175781,261144
2024-05-08 13:30:00-04:00,15.625,15.734999656677246,15.604999542236328,15.6850004196167,246522
2024-05-08 14:30:00-04:00,15.600000381469727,15.710000038146973,15.574999809265137,15.625,652026
2024-05-08 15:30:00-04:00,15.55739974975586,15.630000114440918,15.489999771118164,15.595000267028809,479255
2024-05-09 09:30:00-04:00,15.600000381469727,15.696000099182129,15.359999656677246,15.5,493231
2024-05-09 10:30:00-04:00,15.444999694824219,15.619999885559082,15.420000076293945,15.595000267028809,227899
2024-05-09 11:30:00-04:00,15.550000190734863,15.579999923706055,15.34000015258789,15.444999694824219,319074
2024-05-09 12:30:00-04:00,15.630000114440918,15.664999961853027,15.539999961853027,15.550000190734863,399702
2024-05-09 13:30:00-04:00,15.710100173950195,15.889800071716309,15.604999542236328,15.619999885559082,329136
2024-05-09 14:30:00-04:00,15.774999618530273,15.800000190734863,15.520000457763672,15.710000038146973,577216
2024-05-09 15:30:00-04:00,15.789999961853027,15.829999923706055,15.720000267028809,15.774999618530273,741164
2024-05-10 09:30:00-04:00,15.595000267028809,15.829999923706055,15.4399995803833,15.789999961853027,368730
2024-05-10 10:30:00-04:00,15.6850004196167,15.729999542236328,15.579999923706055,15.600000381469727,521760
2024-05-10 11:30:00-04:00,15.729999542236328,15.744999885559082,15.609999656677246,15.694999694824219,164658
2024-05-10 12:30:00-04:00,15.845000267028809,15.920000076293945,15.704999923706055,15.729999542236328,288865
2024-05-10 13:30:00-04:00,15.845000267028809,15.885000228881836,15.729999542236328,15.845000267028809,217560
2024-05-10 14:30:00-04:00,15.729999542236328,15.84000015258789,15.640000343322754,15.84000015258789,236770
2024-05-10 15:30:00-04:00,15.800000190734863,15.850000381469727,15.720000267028809,15.729999542236328,944311
2024-05-13 09:30:00-04:00,15.84000015258789,16.039899826049805,15.729999542236328,15.90999984741211,287405
2024-05-13 10:30:00-04:00,15.944999694824219,15.979999542236328,15.779999732971191,15.845000267028809,194168
2024-05-13 11:30:00-04:00,16.024799346923828,16.09000015258789,15.930000305175781,15.970000267028809,241894
2024-05-13 12:30:00-04:00,15.75,16.059999465942383,15.680000305175781,16.024999618530273,696795
2024-05-13 13:30:00-04:00,15.795000076293945,15.824999809265137,15.640000343322754,15.744999885559082,183127
2024-05-13 14:30:00-04:00,15.795000076293945,15.930000305175781,15.744999885559082,15.795000076293945,230634
2024-05-13 15:30:00-04:00,15.800000190734863,15.800000190734863,15.729999542236328,15.795000076293945,362806
2024-05-14 09:30:00-04:00,16.1387996673584,16.139999389648438,15.899999618530273,15.989999771118164,504055
2024-05-14 10:30:00-04:00,16.260000228881836,16.274999618530273,16.079999923706055,16.137500762939453,359874
2024-05-14 11:30:00-04:00,16.239999771118164,16.520000457763672,16.17289924621582,16.270000457763672,507025
2024-05-14 12:30:00-04:00,16.315000534057617,16.389999389648438,16.190000534057617,16.229999542236328,280076
2024-05-14 13:30:00-04:00,16.190000534057617,16.344999313354492,16.1299991607666,16.315000534057617,361940
2024-05-14 14:30:00-04:00,16.2450008392334,16.260000228881836,16.18000030517578,16.19499969482422,211590
2024-05-14 15:30:00-04:00,16.295000076293945,16.389999389648438,16.209999084472656,16.247499465942383,478453
2024-05-15 09:30:00-04:00,16.84000015258789,16.950000762939453,16.420000076293945,16.56999969482422,633803
2024-05-15 10:30:00-04:00,16.864999771118164,16.899999618530273,16.71500015258789,16.834999084472656,527893
2024-05-15 11:30:00-04:00,16.895000457763672,16.927499771118164,16.8075008392334,16.860000610351562,357002
2024-05-15 12:30:00-04:00,16.967500686645508,17.03820037841797,16.860000610351562,16.895000457763672,355080
2024-05-15 13:30:00-04:00,16.987499237060547,17.010000228881836,16.94499969482422,16.959999084472656,230658
2024-05-15 14:30:00-04:00,16.979999542236328,17.040000915527344,16.8799991607666,16.987499237060547,371445
2024-05-15 15:30:00-04:00,17.030000686645508,17.030000686645508,16.834999084472656,16.975000381469727,839348
2024-05-16 09:30:00-04:00,17.170000076293945,17.209999084472656,16.81999969482422,17.0,483165
2024-05-16 10:30:00-04:00,17.135000228881836,17.239999771118164,17.084999084472656,17.165000915527344,204203
2024-05-16 11:30:00-04:00,17.135000228881836,17.155000686645508,17.094999313354492,17.135000228881836,169681
2024-05-16 12:30:00-04:00,17.075000762939453,17.15999984741211,17.059999465942383,17.135000228881836,345470
2024-05-16 13:30:00-04:00,17.010000228881836,17.09000015258789,16.940000534057617,17.075000762939453,279155
2024-05-16 14:30:00-04:00,17.094999313354492,17.1299991607666,16.950000762939453,17.0,205993
2024-05-16 15:30:00-04:00,17.100000381469727,17.114999771118164,17.059999465942383,17.100000381469727,336863
2024-05-17 09:30:00-04:00,17.225000381469727,17.25,17.1200008392334,17.149999618530273,177952
2024-05-17 10:30:00-04:00,17.274999618530273,17.360000610351562,17.200000762939453,17.229999542236328,231481
2024-05-17 11:30:00-04:00,17.3799991607666,17.389999389648438,17.25,17.274999618530273,138488
2024-05-17 12:30:00-04:00,17.325000762939453,17.42930030822754,17.31999969482422,17.3799991607666,210856
2024-05-17 13:30:00-04:00,17.30500030517578,17.360000610351562,17.25,17.329999923706055,142989
2024-05-17 14:30:00-04:00,17.469999313354492,17.469999313354492,17.290000915527344,17.299999237060547,221722
2024-05-17 15:30:00-04:00,17.420000076293945,17.489999771118164,17.38249969482422,17.469999313354492,395911
2024-05-20 09:30:00-04:00,17.614999771118164,17.6200008392334,17.34000015258789,17.450000762939453,466310
2024-05-20 10:30:00-04:00,17.549999237060547,17.71500015258789,17.4950008392334,17.614999771118164,132429
2024-05-20 11:30:00-04:00,17.59000015258789,17.665000915527344,17.545000076293945,17.54949951171875,144092
2024-05-20 12:30:00-04:00,17.545000076293945,17.649999618530273,17.540000915527344,17.59000015258789,123674
2024-05-20 13:30:00-04:00,17.540000915527344,17.59000015258789,17.5,17.540000915527344,108704
2024-05-20 14:30:00-04:00,17.639999389648438,17.649999618530273,17.510000228881836,17.530000686645508,154050
2024-05-20 15:30:00-04:00,17.614999771118164,17.649999618530273,17.540000915527344,17.649999618530273,280610
2024-05-21 09:30:00-04:00,18.44499969482422,18.5,17.90999984741211,18.329999923706055,805196
2024-05-21 10:30:00-04:00,18.30500030517578,18.469999313354492,18.260000228881836,18.440000534057617,361888
2024-05-21 11:30:00-04:00,18.18000030517578,18.344999313354492,18.18000030517578,18.30500030517578,421674
2024-05-21 12:30:00-04:00,17.969999313354492,18.18000030517578,17.92009925842285,18.18000030517578,738436
2024-05-21 13:30:00-04:00,18.0,18.0049991607666,17.8799991607666,17.979999542236328,246171
2024-05-21 14:30:00-04:00,18.145000457763672,18.209999084472656,17.969999313354492,18.000099182128906,244700
2024-05-21 15:30:00-04:00,18.260000228881836,18.280000686645508,18.139999389648438,18.145000457763672,649040
2024-05-22 09:30:00-04:00,18.469999313354492,18.579999923706055,18.100000381469727,18.110000610351562,401237
2024-05-22 10:30:00-04:00,18.385000228881836,18.459999084472656,18.329999923706055,18.459999084472656,143011
2024-05-22 11:30:00-04:00,18.405000686645508,18.469999313354492,18.34000015258789,18.385000228881836,165128
2024-05-22 12:30:00-04:00,18.395000457763672,18.450000762939453,18.385000228881836,18.405000686645508,98906
2024-05-22 13:30:00-04:00,18.260000228881836,18.395000457763672,18.25200080871582,18.395000457763672,97809
2024-05-22 14:30:00-04:00,18.2450008392334,18.264999389648438,18.135000228881836,18.25,137757
2024-05-22 15:30:00-04:00,18.1299991607666,18.260000228881836,18.110000610351562,18.25,270823
2024-05-23 09:30:00-04:00,17.1299991607666,17.149999618530273,16.389999389648438,16.719999313354492,2366289
2024-05-23 10:30:00-04:00,17.209999084472656,17.299999237060547,17.049999237060547,17.139999389648438,1002797
2024-05-23 11:30:00-04:00,17.40999984741211,17.459999084472656,17.190000534057617,17.209999084472656,578583
2024-05-23 12:30:00-04:00,17.149999618530273,17.40999984741211,17.114999771118164,17.40999984741211,249826
2024-05-23 13:30:00-04:00,16.915000915527344,17.165000915527344,16.889999389648438,17.149999618530273,447016
2024-05-23 14:30:00-04:00,16.8799991607666,16.950000762939453,16.84000015258789,16.90999984741211,521610
2024-05-23 15:30:00-04:00,17.15999984741211,17.170000076293945,16.885000228881836,16.885000228881836,830066
2024-05-24 09:30:00-04:00,17.149999618530273,17.19499969482422,16.940000534057617,17.15999984741211,318509
2024-05-24 10:30:00-04:00,17.2450008392334,17.38990020751953,17.110000610351562,17.15999984741211,227641
2024-05-24 11:30:00-04:00,17.1200008392334,17.260000228881836,17.104999542236328,17.240999221801758,187100
2024-05-24 12:30:00-04:00,17.174999237060547,17.239999771118164,17.084999084472656,17.110000610351562,137011
2024-05-24 13:30:00-04:00,17.09000015258789,17.184999465942383,17.09000015258789,17.170000076293945,141163
2024-05-24 14:30:00-04:00,17.18000030517578,17.190000534057617,17.06060028076172,17.100000381469727,164281
2024-05-24 15:30:00-04:00,17.260000228881836,17.290000915527344,17.170000076293945,17.181299209594727,388878
2024-05-28 09:30:00-04:00,17.690000534057617,17.690000534057617,17.139999389648438,17.350000381469727,286403
2024-05-28 10:30:00-04:00,17.510000228881836,17.690000534057617,17.440000534057617,17.670000076293945,345695
2024-05-28 11:30:00-04:00,17.334999084472656,17.510000228881836,17.31999969482422,17.510000228881836,185844
2024-05-28 12:30:00-04:00,17.31999969482422,17.364999771118164,17.209999084472656,17.34000015258789,162564
2024-05-28 13:30:00-04:00,17.209999084472656,17.309999465942383,17.200000762939453,17.309999465942383,158947
2024-05-28 14:30:00-04:00,16.989999771118164,17.209999084472656,16.950000762939453,17.200000762939453,467651
2024-05-28 15:30:00-04:00,16.999000549316406,17.020000457763672,16.940000534057617,16.989999771118164,780638
2024-05-29 09:30:00-04:00,17.0,17.110000610351562,16.739999771118164,16.860000610351562,213587
2024-05-29 10:30:00-04:00,16.959999084472656,17.014999389648438,16.920000076293945,16.989999771118164,163681
2024-05-29 11:30:00-04:00,17.049999237060547,17.09000015258789,16.940000534057617,16.96500015258789,225866
2024-05-29 12:30:00-04:00,17.18000030517578,17.209999084472656,17.020000457763672,17.059999465942383,150981
2024-05-29 13:30:00-04:00,17.149999618530273,17.200000762939453,17.079999923706055,17.184999465942383,148173
2024-05-29 14:30:00-04:00,17.139999389648438,17.15999984741211,17.059999465942383,17.139999389648438,216511
2024-05-29 15:30:00-04:00,17.1200008392334,17.200000762939453,17.110000610351562,17.139999389648438,323420
2024-05-30 09:30:00-04:00,16.920000076293945,17.1200008392334,16.739999771118164,17.020000457763672,380239
2024-05-30 10:30:00-04:00,16.65999984741211,16.93000030517578,16.6200008392334,16.920000076293945,493361
2024-05-30 11:30:00-04:00,16.649999618530273,16.717599868774414,16.610000610351562,16.65999984741211,275296
2024-05-30 12:30:00-04:00,16.485000610351562,16.674999237060547,16.459999084472656,16.655000686645508,355276
2024-05-30 13:30:00-04:00,16.609500885009766,16.610000610351562,16.290000915527344,16.489999771118164,571860
2024-05-30 14:30:00-04:00,16.434999465942383,16.639999389648438,16.415000915527344,16.600000381469727,285844
2024-05-30 15:30:00-04:00,16.469999313354492,16.469999313354492,16.360000610351562,16.434999465942383,472734
2024-05-31 09:30:00-04:00,16.329999923706055,16.670000076293945,16.329999923706055,16.489999771118164,200966
2024-05-31 10:30:00-04:00,16.25,16.33650016784668,16.190000534057617,16.329999923706055,182547
2024-05-31 11:30:00-04:00,16.270000457763672,16.34000015258789,16.209999084472656,16.25,121848
2024-05-31 12:30:00-04:00,16.184999465942383,16.299999237060547,16.173900604248047,16.280000686645508,148664
2024-05-31 13:30:00-04:00,16.174999237060547,16.25,16.139999389648438,16.190000534057617,136452
2024-05-31 14:30:00-04:00,16.135000228881836,16.204999923706055,16.06999969482422,16.174999237060547,260419
2024-05-31 15:30:00-04:00,16.329999923706055,16.34000015258789,16.114999771118164,16.1299991607666,517374
2024-06-03 09:30:00-04:00,16.200000762939453,16.59000015258789,16.104999542236328,16.520000457763672,321875
2024-06-03 10:30:00-04:00,16.170000076293945,16.329999923706055,16.110000610351562,16.200000762939453,105471
2024-06-03 11:30:00-04:00,15.950799942016602,16.170000076293945,15.9399995803833,16.139999389648438,155072
2024-06-03 12:30:00-04:00,16.010000228881836,16.030000686645508,15.862000465393066,15.949999809265137,223679
2024-06-03 13:30:00-04:00,16.014999389648438,16.079999923706055,15.984999656677246,16.020000457763672,194792
2024-06-03 14:30:00-04:00,15.984999656677246,16.04439926147461,15.90999984741211,16.014999389648438,273951
2024-06-03 15:30:00-04:00,15.960000038146973,16.024999618530273,15.90999984741211,15.984999656677246,465858
2024-06-04 09:30:00-04:00,15.680000305175781,16.010000228881836,15.630000114440918,15.960000038146973,253960
2024-06-04 10:30:00-04:00,15.760000228881836,15.8100004196167,15.65999984741211,15.670000076293945,168216
2024-06-04 11:30:00-04:00,15.699999809265137,15.770000457763672,15.675000190734863,15.760000228881836,146388
2024-06-04 12:30:00-04:00,15.619999885559082,15.704999923706055,15.5649995803833,15.704999923706055,180662
2024-06-04 13:30:00-04:00,15.600000381469727,15.619999885559082,15.520000457763672,15.619999885559082,147865
2024-06-04 14:30:00-04:00,15.5649995803833,15.619999885559082,15.520000457763672,15.600000381469727,211033
2024-06-04 15:30:00-04:00,15.640000343322754,15.670000076293945,15.550000190734863,15.5649995803833,435463
2024-06-05 09:30:00-04:00,15.890000343322754,16.059999465942383,15.8100004196167,15.979999542236328,166679
2024-06-05 10:30:00-04:00,15.962800025939941,15.979999542236328,15.8100004196167,15.899999618530273,141019
2024-06-05 11:30:00-04:00,16.239999771118164,16.299999237060547,15.949999809265137,15.960000038146973,229241
2024-06-05 12:30:00-04:00,16.489999771118164,16.5,16.229999542236328,16.235000610351562,214573
2024-06-05 13:30:00-04:00,16.469999313354492,16.530000686645508,16.34000015258789,16.499900817871094,146154
2024-06-05 14:30:00-04:00,16.420000076293945,16.53499984741211,16.420000076293945,16.469999313354492,159931
2024-06-05 15:30:00-04:00,16.540000915527344,16.6200008392334,16.40999984741211,16.40999984741211,355963
2024-06-06 09:30:00-04:00,16.969999313354492,17.04990005493164,16.520000457763672,16.520000457763672,279147
2024-06-06 10:30:00-04:00,16.860000610351562,16.979999542236328,16.850000381469727,16.9783992767334,121390
2024-06-06 11:30:00-04:00,16.639999389648438,16.864999771118164,16.559999465942383,16.860000610351562,171350
2024-06-06 12:30:00-04:00,16.68000030517578,16.700000762939453,16.610000610351562,16.639999389648438,100314
2024-06-06 13:30:00-04:00,16.645000457763672,16.790000915527344,16.6299991607666,16.690000534057617,164706
2024-06-06 14:30:00-04:00,16.485000610351562,16.649999618530273,16.46500015258789,16.639999389648438,198059
2024-06-06 15:30:00-04:00,16.389999389648438,16.489999771118164,16.3799991607666,16.489999771118164,239014
2024-06-07 09:30:00-04:00,16.58989906311035,16.58989906311035,16.149999618530273,16.34000015258789,250803
2024-06-07 10:30:00-04:00,16.584999084472656,16.780000686645508,16.55500030517578,16.579999923706055,275684
2024-06-07 11:30:00-04:00,16.780000686645508,16.809999465942383,16.59000015258789,16.59000015258789,143360
2024-06-07 12:30:00-04:00,16.899999618530273,16.920000076293945,16.760000228881836,16.790000915527344,240901
2024-06-07 13:30:00-04:00,16.739999771118164,16.899999618530273,16.719999313354492,16.899999618530273,243083
2024-06-07 14:30:00-04:00,16.80500030517578,16.809999465942383,16.735000610351562,16.739999771118164,197697
2024-06-07 15:30:00-04:00,16.739999771118164,16.84000015258789,16.729999542236328,16.80500030517578,354007
2024-06-10 09:30:00-04:00,16.510000228881836,16.725000381469727,16.450000762939453,16.5,278716
2024-06-10 10:30:00-04:00,16.549999237060547,16.65999984741211,16.483999252319336,16.510000228881836,160774
2024-06-10 11:30:00-04:00,16.469999313354492,16.575000762939453,16.43000030517578,16.549999237060547,162641
2024-06-10 12:30:00-04:00,16.43000030517578,16.510000228881836,16.415000915527344,16.475000381469727,173030
2024-06-10 13:30:00-04:00,16.55500030517578,16.687999725341797,16.399999618530273,16.43000030517578,193000
2024-06-10 14:30:00-04:00,16.55500030517578,16.600000381469727,16.545000076293945,16.55500030517578,172847
2024-06-10 15:30:00-04:00,16.3799991607666,16.565000534057617,16.360000610351562,16.55500030517578,347748
2024-06-11 09:30:00-04:00,16.59000015258789,16.59000015258789,16.190000534057617,16.350000381469727,146150
2024-06-11 10:30:00-04:00,16.559999465942383,16.770000457763672,16.540000915527344,16.59000015258789,139252
2024-06-11 11:30:00-04:00,16.450000762939453,16.549999237060547,16.415000915527344,16.549999237060547,78671
2024-06-11 12:30:00-04:00,16.450000762939453,16.479999542236328,16.360000610351562,16.440000534057617,92356
2024-06-11 13:30:00-04:00,16.584999084472656,16.649999618530273,16.459999084472656,16.459999084472656,116015
2024-06-11 14:30:00-04:00,16.565000534057617,16.579999923706055,16.530000686645508,16.579999923706055,96182
2024-06-11 15:30:00-04:00,16.5,16.579999923706055,16.489999771118164,16.565000534057617,210807
2024-06-12 09:30:00-04:00,17.09000015258789,17.149999618530273,16.719999313354492,16.950000762939453,406486
2024-06-12 10:30:00-04:00,17.280000686645508,17.28499984741211,17.010000228881836,17.08989906311035,276719
2024-06-12 11:30:00-04:00,17.514999389648438,17.540000915527344,17.264999389648438,17.289899826049805,459912
2024-06-12 12:30:00-04:00,17.489999771118164,17.579999923706055,17.360000610351562,17.520000457763672,272981
2024-06-12 13:30:00-04:00,17.370100021362305,17.54990005493164,17.290000915527344,17.469999313354492,228398
2024-06-12 14:30:00-04:00,17.3700008392334,17.540000915527344,17.219999313354492,17.3799991607666,266077
2024-06-12 15:30:00-04:00,17.3799991607666,17.530000686645508,17.334999084472656,17.3799991607666,415061
2024-06-13 09:30:00-04:00,17.030000686645508,17.350000381469727,17.020000457763672,17.219999313354492,276262
2024-06-13 10:30:00-04:00,16.829999923706055,17.059999465942383,16.799999237060547,17.030000686645508,210598
2024-06-13 11:30:00-04:00,16.53499984741211,16.864999771118164,16.530000686645508,16.834999084472656,273562
2024-06-13 12:30:00-04:00,16.700000762939453,16.7450008392334,16.485000610351562,16.53499984741211,201427
2024-06-13 13:30:00-04:00,16.684999465942383,16.704999923706055,16.6200008392334,16.700000762939453,146191
2024-06-13 14:30:00-04:00,16.489999771118164,16.698999404907227,16.434999465942383,16.68910026550293,266220
2024-06-13 15:30:00-04:00,16.424999237060547,16.479999542236328,16.420000076293945,16.479999542236328,372221
2024-06-14 09:30:00-04:00,16.34000015258789,16.520000457763672,15.90999984741211,16.239999771118164,331854
2024-06-14 10:30:00-04:00,16.19499969482422,16.344999313354492,16.149999618530273,16.329999923706055,223973
2024-06-14 11:30:00-04:00,16.094999313354492,16.209999084472656,16.079999923706055,16.19499969482422,153213
2024-06-14 12:30:00-04:00,16.190000534057617,16.19499969482422,15.994999885559082,16.09000015258789,203096
2024-06-14 13:30:00-04:00,16.125,16.184999465942383,16.079999923706055,16.184999465942383,161185
2024-06-14 14:30:00-04:00,16.05500030517578,16.125,16.010000228881836,16.125,159950
2024-06-14 15:30:00-04:00,16.040000915527344,16.059999465942383,16.010000228881836,16.059999465942383,377687
2024-06-17 09:30:00-04:00,16.155000686645508,16.354999542236328,16.1299991607666,16.190000534057617,138038
2024-06-17 10:30:00-04:00,16.09000015258789,16.334999084472656,16.020000457763672,16.15999984741211,127351
2024-06-17 11:30:00-04:00,16.1200008392334,16.1200008392334,15.970000267028809,16.079999923706055,98081
2024-06-17 12:30:00-04:00,16.100000381469727,16.139999389648438,16.06999969482422,16.1200008392334,132923
2024-06-17 13:30:00-04:00,16.114999771118164,16.165000915527344,16.06999969482422,16.100000381469727,143367
2024-06-17 14:30:00-04:00,16.094999313354492,16.14900016784668,16.06999969482422,16.114999771118164,253428
2024-06-17 15:30:00-04:00,16.06999969482422,16.100000381469727,16.010000228881836,16.094999313354492,373268
2024-06-18 09:30:00-04:00,15.765000343322754,15.84000015258789,15.449999809265137,15.479999542236328,854939
2024-06-18 10:30:00-04:00,15.720000267028809,15.869999885559082,15.6899995803833,15.765000343322754,280178
2024-06-18 11:30:00-04:00,15.7475004196167,15.819999694824219,15.704999923706055,15.720000267028809,123763
2024-06-18 12:30:00-04:00,15.630000114440918,15.79990005493164,15.59000015258789,15.75,168999
2024-06-18 13:30:00-04:00,15.694999694824219,15.795000076293945,15.619999885559082,15.625,136684
2024-06-18 14:30:00-04:00,15.630000114440918,15.71500015258789,15.595000267028809,15.694999694824219,194309
2024-06-18 15:30:00-04:00,15.609999656677246,15.649999618530273,15.5600004196167,15.630000114440918,381158
2024-06-20 09:30:00-04:00,15.599900245666504,15.6850004196167,15.420000076293945,15.609999656677246,208116
2024-06-20 10:30:00-04:00,15.600000381469727,15.720000267028809,15.585000038146973,15.59000015258789,157168
2024-06-20 11:30:00-04:00,15.350000381469727,15.600000381469727,15.329999923706055,15.595000267028809,210709
2024-06-20 12:30:00-04:00,15.430000305175781,15.470000267028809,15.3100004196167,15.34000015258789,170239
2024-06-20 13:30:00-04:00,15.5,15.53499984741211,15.404999732971191,15.439900398254395,164541
2024-06-20 14:30:00-04:00,15.520000457763672,15.524999618530273,15.420000076293945,15.5,154407
2024-06-20 15:30:00-04:00,15.449999809265137,15.529999732971191,15.40999984741211,15.510000228881836,346693
2024-06-21 09:30:00-04:00,15.359999656677246,15.479999542236328,15.0600004196167,15.380000114440918,468169
2024-06-21 10:30:00-04:00,15.489999771118164,15.520000457763672,15.34000015258789,15.364999771118164,85192
2024-06-21 11:30:00-04:00,15.369999885559082,15.484999656677246,15.364999771118164,15.484999656677246,89745
2024-06-21 12:30:00-04:00,15.399999618530273,15.470000267028809,15.350000381469727,15.359999656677246,99246
2024-06-21 13:30:00-04:00,15.420000076293945,15.430000305175781,15.329999923706055,15.390000343322754,88583
2024-06-21 14:30:00-04:00,15.484999656677246,15.545000076293945,15.34000015258789,15.40999984741211,188953
2024-06-21 15:30:00-04:00,15.619999885559082,15.619999885559082,15.475000381469727,15.489999771118164,481574
2024-06-24 09:30:00-04:00,15.850000381469727,16.1200008392334,15.78499984741211,16.020000457763672,220587
2024-06-24 10:30:00-04:00,15.760000228881836,15.864999771118164,15.6899995803833,15.859999656677246,132066
2024-06-24 11:30:00-04:00,15.710000038146973,15.770000457763672,15.640000343322754,15.760000228881836,91306
2024-06-24 12:30:00-04:00,15.694999694824219,15.760000228881836,15.645000457763672,15.710000038146973,115488
2024-06-24 13:30:00-04:00,15.829999923706055,15.850000381469727,15.675000190734863,15.694999694824219,141716
2024-06-24 14:30:00-04:00,15.904999732971191,15.949999809265137,15.8100004196167,15.824999809265137,177081
2024-06-24 15:30:00-04:00,15.954999923706055,15.979999542236328,15.899999618530273,15.904999732971191,387615
2024-06-25 09:30:00-04:00,16.235000610351562,16.450000762939453,16.110000610351562,16.200000762939453,360468
2024-06-25 10:30:00-04:00,16.104999542236328,16.235000610351562,16.06999969482422,16.235000610351562,123039
2024-06-25 11:30:00-04:00,16.145000457763672,16.156999588012695,16.079999923706055,16.104999542236328,100765
2024-06-25 12:30:00-04:00,16.274999618530273,16.334999084472656,16.110000610351562,16.139999389648438,170990
2024-06-25 13:30:00-04:00,16.30500030517578,16.329999923706055,16.2450008392334,16.274999618530273,119348
2024-06-25 14:30:00-04:00,16.309999465942383,16.31999969482422,16.238000869750977,16.299999237060547,177904
2024-06-25 15:30:00-04:00,16.40999984741211,16.43000030517578,16.260000228881836,16.309999465942383,600802
2024-06-26 09:30:00-04:00,16.709999084472656,16.8799991607666,16.299999237060547,16.3700008392334,984341
2024-06-26 10:30:00-04:00,16.625,16.710100173950195,16.520000457763672,16.710100173950195,179328
2024-06-26 11:30:00-04:00,16.5049991607666,16.704999923706055,16.5049991607666,16.625,252129
2024-06-26 12:30:00-04:00,16.524999618530273,16.540000915527344,16.450000762939453,16.5,147297
2024-06-26 13:30:00-04:00,16.59000015258789,16.59000015258789,16.489999771118164,16.524999618530273,159780
2024-06-26 14:30:00-04:00,16.625,16.65999984741211,16.579999923706055,16.594999313354492,172727
2024-06-26 15:30:00-04:00,16.40999984741211,16.655000686645508,16.350000381469727,16.625,1434649
2024-06-27 09:30:00-04:00,17.06999969482422,17.174999237060547,16.43000030517578,16.43000030517578,777499
2024-06-27 10:30:00-04:00,17.34000015258789,17.469999313354492,16.989999771118164,17.06999969482422,1459887
2024-06-27 11:30:00-04:00,17.405000686645508,17.479999542236328,17.209999084472656,17.34000015258789,417215
2024-06-27 12:30:00-04:00,17.300100326538086,17.5,17.280000686645508,17.40920066833496,268286
2024-06-27 13:30:00-04:00,17.239999771118164,17.329999923706055,17.135000228881836,17.30500030517578,196228
2024-06-27 14:30:00-04:00,17.204999923706055,17.309999465942383,17.200000762939453,17.23900032043457,240053
2024-06-27 15:30:00-04:00,17.309999465942383,17.309999465942383,17.149999618530273,17.204999923706055,475133
2024-06-28 09:30:00-04:00,17.53499984741211,17.549999237060547,17.15999984741211,17.350000381469727,398879
2024-06-28 10:30:00-04:00,17.485000610351562,17.524999618530273,17.389999389648438,17.520000457763672,156338
2024-06-28 11:30:00-04:00,17.545000076293945,17.614999771118164,17.459999084472656,17.489999771118164,195565
2024-06-28 12:30:00-04:00,17.540000915527344,17.559999465942383,17.454999923706055,17.549999237060547,164887
2024-06-28 13:30:00-04:00,17.469999313354492,17.604999542236328,17.469999313354492,17.549999237060547,173634
2024-06-28 14:30:00-04:00,17.53499984741211,17.594999313354492,17.469999313354492,17.469999313354492,215484
2024-06-28 15:30:00-04:00,17.649999618530273,17.690000534057617,17.479999542236328,17.53499984741211,580430
2024-07-01 09:30:00-04:00,17.860000610351562,18.010000228881836,17.600000381469727,17.700000762939453,597899
2024-07-01 10:30:00-04:00,18.030000686645508,18.079999923706055,17.844999313354492,17.864999771118164,379529
2024-07-01 11:30:00-04:00,18.100000381469727,18.1200008392334,17.979999542236328,18.024999618530273,244168
2024-07-01 12:30:00-04:00,18.065000534057617,18.15999984741211,18.030000686645508,18.094999313354492,192031
2024-07-01 13:30:00-04:00,18.155000686645508,18.200000762939453,18.05500030517578,18.059999465942383,225434
2024-07-01 14:30:00-04:00,18.169300079345703,18.170000076293945,18.06999969482422,18.155000686645508,213089
2024-07-01 15:30:00-04:00,18.209999084472656,18.219999313354492,18.1299991607666,18.170000076293945,460661
2024-07-02 09:30:00-04:00,17.684999465942383,18.100000381469727,17.530000686645508,18.100000381469727,397448
2024-07-02 10:30:00-04:00,17.520000457763672,17.739999771118164,17.459999084472656,17.68400001525879,272011
2024-07-02 11:30:00-04:00,17.59000015258789,17.65999984741211,17.489999771118164,17.530000686645508,409439
2024-07-02 12:30:00-04:00,17.645000457763672,17.719999313354492,17.520000457763672,17.59000015258789,380190
2024-07-02 13:30:00-04:00,17.4950008392334,17.645000457763672,17.469999313354492,17.645000457763672,188206
2024-07-02 14:30:00-04:00,17.545000076293945,17.559999465942383,17.459999084472656,17.4950008392334,214770
2024-07-02 15:30:00-04:00,17.440000534057617,17.549999237060547,17.399999618530273,17.545000076293945,444899
2024-07-03 09:30:00-04:00,17.559999465942383,17.70400047302246,17.420000076293945,17.510000228881836,281667
2024-07-03 10:30:00-04:00,17.540000915527344,17.60700035095215,17.469999313354492,17.56999969482422,99348
2024-07-03 11:30:00-04:00,17.440000534057617,17.530000686645508,17.350000381469727,17.530000686645508,269444
2024-07-05 09:30:00-04:00,17.486099243164062,17.639999389648438,17.399999618530273,17.450000762939453,253043
2024-07-05 10:30:00-04:00,17.59000015258789,17.834999084472656,17.486000061035156,17.489999771118164,352507
2024-07-05 11:30:00-04:00,17.604999542236328,17.6200008392334,17.520000457763672,17.59000015258789,228478
2024-07-05 12:30:00-04:00,17.524999618530273,17.610000610351562,17.520000457763672,17.610000610351562,97644
2024-07-05 13:30:00-04:00,17.489700317382812,17.559999465942383,17.479999542236328,17.530000686645508,104695
2024-07-05 14:30:00-04:00,17.459999084472656,17.5,17.3799991607666,17.489999771118164,151777
2024-07-05 15:30:00-04:00,17.399999618530273,17.459999084472656,17.350000381469727,17.459999084472656,299135
2024-07-08 09:30:00-04:00,16.829999923706055,17.299999237060547,16.299999237060547,17.299999237060547,1118234
2024-07-08 10:30:00-04:00,17.149999618530273,17.149999618530273,16.700000762939453,16.850000381469727,384549
2024-07-08 11:30:00-04:00,17.049999237060547,17.18000030517578,16.990100860595703,17.149999618530273,137265
2024-07-08 12:30:00-04:00,17.145000457763672,17.174999237060547,16.979999542236328,17.05069923400879,133156
2024-07-08 13:30:00-04:00,17.1299991607666,17.200000762939453,17.100000381469727,17.149999618530273,122588
2024-07-08 14:30:00-04:00,17.1299991607666,17.139999389648438,17.040000915527344,17.125,189346
2024-07-08 15:30:00-04:00,17.1200008392334,17.18000030517578,17.100000381469727,17.1299991607666,628768
2024-07-09 09:30:00-04:00,17.269800186157227,17.75,17.21500015258789,17.6299991607666,506656
2024-07-09 10:30:00-04:00,17.239999771118164,17.264999389648438,17.079999923706055,17.260000228881836,158874
2024-07-09 11:30:00-04:00,17.145000457763672,17.290000915527344,17.118000030517578,17.25,104766
2024-07-09 12:30:00-04:00,17.006000518798828,17.170000076293945,16.969999313354492,17.139999389648438,130685
2024-07-09 13:30:00-04:00,17.1200008392334,17.149999618530273,16.9950008392334,17.0049991607666,98412
2024-07-09 14:30:00-04:00,17.149999618530273,17.200000762939453,17.110000610351562,17.120100021362305,98290
2024-07-09 15:30:00-04:00,16.950000762939453,17.159799575805664,16.940000534057617,17.139999389648438,334911
2024-07-10 09:30:00-04:00,16.83009910583496,17.147499084472656,16.809999465942383,17.040000915527344,223060
2024-07-10 10:30:00-04:00,16.459999084472656,16.834999084472656,16.40999984741211,16.834999084472656,285954
2024-07-10 11:30:00-04:00,16.649999618530273,16.709999084472656,16.459999084472656,16.459999084472656,227105
2024-07-10 12:30:00-04:00,16.635000228881836,16.674999237060547,16.600000381469727,16.645000457763672,102641
2024-07-10 13:30:00-04:00,16.655000686645508,16.729999542236328,16.6200008392334,16.639999389648438,167260
2024-07-10 14:30:00-04:00,16.584999084472656,16.719999313354492,16.579999923706055,16.65999984741211,129615
2024-07-10 15:30:00-04:00,16.610000610351562,16.700000762939453,16.575000762939453,16.584999084472656,542269
2024-07-11 09:30:00-04:00,16.950000762939453,17.099899291992188,16.790000915527344,16.8799991607666,230309
2024-07-11 10:30:00-04:00,17.110000610351562,17.280000686645508,16.959999084472656,16.959999084472656,225012
2024-07-11 11:30:00-04:00,17.040000915527344,17.110000610351562,16.860000610351562,17.110000610351562,215478
2024-07-11 12:30:00-04:00,17.165000915527344,17.170000076293945,17.010000228881836,17.049999237060547,209823
2024-07-11 13:30:00-04:00,17.100000381469727,17.170000076293945,17.06999969482422,17.165000915527344,192409
2024-07-11 14:30:00-04:00,17.100000381469727,17.15999984741211,17.09000015258789,17.100000381469727,148756
2024-07-11 15:30:00-04:00,17.25,17.260000228881836,17.09000015258789,17.100000381469727,425918
2024-07-12 09:30:00-04:00,17.80500030517578,18.059999465942383,17.360000610351562,17.399999618530273,672328
2024-07-12 10:30:00-04:00,17.84000015258789,17.899999618530273,17.6299991607666,17.80500030517578,287723
2024-07-12 11:30:00-04:00,17.520000457763672,17.844999313354492,17.489999771118164,17.844999313354492,192938
2024-07-12 12:30:00-04:00,17.670000076293945,17.690000534057617,17.440000534057617,17.514999389648438,232485
2024-07-12 13:30:00-04:00,17.684999465942383,17.729999542236328,17.625,17.66010093688965,139079
2024-07-12 14:30:00-04:00,17.80500030517578,17.809999465942383,17.59000015258789,17.68000030517578,194935
2024-07-12 15:30:00-04:00,17.649999618530273,17.799999237060547,17.639999389648438,17.799999237060547,517181
2024-07-15 09:30:00-04:00,18.899999618530273,19.079999923706055,18.329999923706055,18.3700008392334,1345869
2024-07-15 10:30:00-04:00,19.045000076293945,19.174999237060547,18.829999923706055,18.899999618530273,364675
2024-07-15 11:30:00-04:00,19.079999923706055,19.19499969482422,18.81999969482422,19.040000915527344,1117906
2024-07-15 12:30:00-04:00,18.9950008392334,19.110000610351562,18.950000762939453,19.06999969482422,301641
2024-07-15 13:30:00-04:00,19.1200008392334,19.139999389648438,18.969999313354492,18.9950008392334,330305
2024-07-15 14:30:00-04:00,19.18000030517578,19.209999084472656,19.06999969482422,19.122499465942383,672069
2024-07-15 15:30:00-04:00,19.139999389648438,19.190000534057617,19.010000228881836,19.18000030517578,1281452
2024-07-16 09:30:00-04:00,19.559999465942383,19.709999084472656,19.25,19.25,942330
2024-07-16 10:30:00-04:00,19.854999542236328,19.8799991607666,19.540000915527344,19.559999465942383,430505
2024-07-16 11:30:00-04:00,19.639999389648438,19.8700008392334,19.6299991607666,19.854999542236328,296342
2024-07-16 12:30:00-04:00,19.885000228881836,19.899999618530273,19.6200008392334,19.6299991607666,227238
2024-07-16 13:30:00-04:00,19.947500228881836,19.950000762939453,19.780000686645508,19.8799991607666,246882
2024-07-16 14:30:00-04:00,20.05500030517578,20.15999984741211,19.93000030517578,19.950000762939453,552343
2024-07-16 15:30:00-04:00,20.170000076293945,20.18000030517578,20.010000228881836,20.05500030517578,690678
2024-07-17 09:30:00-04:00,20.045000076293945,20.989999771118164,19.610000610351562,20.799999237060547,1188451
2024-07-17 10:30:00-04:00,20.049999237060547,20.149900436401367,19.93000030517578,20.034000396728516,273483
2024-07-17 11:30:00-04:00,19.790000915527344,20.059999465942383,19.739999771118164,20.049999237060547,269605
2024-07-17 12:30:00-04:00,19.9950008392334,20.020000457763672,19.579999923706055,19.790000915527344,363033
2024-07-17 13:30:00-04:00,20.045000076293945,20.100000381469727,19.850000381469727,20.0,311765
2024-07-17 14:30:00-04:00,20.184999465942383,20.270000457763672,20.0,20.045000076293945,333038
2024-07-17 15:30:00-04:00,20.280000686645508,20.385000228881836,20.049999237060547,20.190000534057617,842731
2024-07-18 09:30:00-04:00,20.174999237060547,20.780000686645508,20.040000915527344,20.639999389648438,812280
2024-07-18 10:30:00-04:00,20.050100326538086,20.200000762939453,19.694000244140625,20.170000076293945,644882
2024-07-18 11:30:00-04:00,19.940000534057617,20.079999923706055,19.940000534057617,20.065000534057617,305158
2024-07-18 12:30:00-04:00,20.0049991607666,20.30500030517578,19.94499969482422,19.94499969482422,343094
2024-07-18 13:30:00-04:00,20.065000534057617,20.190000534057617,19.979999542236328,20.020000457763672,277769
2024-07-18 14:30:00-04:00,19.8799991607666,20.075000762939453,19.829999923706055,20.065000534057617,418279
2024-07-18 15:30:00-04:00,20.270000457763672,20.280000686645508,19.770000457763672,19.885000228881836,766266
2024-07-19 09:30:00-04:00,20.639999389648438,20.899999618530273,20.280000686645508,20.450000762939453,595353
2024-07-19 10:30:00-04:00,20.273500442504883,20.67009925842285,20.260799407958984,20.635000228881836,203954
2024-07-19 11:30:00-04:00,20.459999084472656,20.6299991607666,20.20400047302246,20.270000457763672,264809
2024-07-19 12:30:00-04:00,20.461999893188477,20.510000228881836,20.3700008392334,20.459999084472656,218714
2024-07-19 13:30:00-04:00,20.30500030517578,20.475000381469727,20.28499984741211,20.46500015258789,181713
2024-07-19 14:30:00-04:00,20.549999237060547,20.559999465942383,20.309999465942383,20.309999465942383,298633
2024-07-19 15:30:00-04:00,20.540000915527344,20.58609962463379,20.3799991607666,20.559999465942383,485705
2024-07-22 09:30:00-04:00,20.868999481201172,21.076000213623047,20.559999465942383,20.68000030517578,706706
2024-07-22 10:30:00-04:00,20.690000534057617,20.950000762939453,20.690000534057617,20.8799991607666,254307
2024-07-22 11:30:00-04:00,20.610000610351562,20.809900283813477,20.610000610351562,20.68000030517578,215785
2024-07-22 12:30:00-04:00,20.875,20.895000457763672,20.549999237060547,20.610000610351562,241975
2024-07-22 13:30:00-04:00,20.920000076293945,21.0,20.850000381469727,20.8700008392334,440623
2024-07-22 14:30:00-04:00,20.825000762939453,20.915000915527344,20.780000686645508,20.915000915527344,296693
2024-07-22 15:30:00-04:00,21.030000686645508,21.049999237060547,20.825000762939453,20.825000762939453,431332
2024-07-23 09:30:00-04:00,21.475000381469727,21.639999389648438,21.030000686645508,21.100000381469727,829438
2024-07-23 10:30:00-04:00,21.469999313354492,21.610000610351562,21.23189926147461,21.475000381469727,283435
2024-07-23 11:30:00-04:00,21.399999618530273,21.639999389648438,21.3700008392334,21.489999771118164,258896
2024-07-23 12:30:00-04:00,21.360000610351562,21.399999618530273,21.290000915527344,21.399999618530273,164009
2024-07-23 13:30:00-04:00,21.325000762939453,21.375,21.270000457763672,21.350000381469727,292340
2024-07-23 14:30:00-04:00,21.3799991607666,21.469999313354492,21.309999465942383,21.325000762939453,328949
2024-07-23 15:30:00-04:00,21.489999771118164,21.489999771118164,21.329999923706055,21.375,623071
2024-07-24 09:30:00-04:00,21.219999313354492,21.399999618530273,20.8700008392334,21.040000915527344,393831
2024-07-24 10:30:00-04:00,21.19499969482422,21.309999465942383,21.09000015258789,21.219999313354492,210543
2024-07-24 11:30:00-04:00,20.65999984741211,21.260000228881836,20.559999465942383,21.190000534057617,917654
2024-07-24 12:30:00-04:00,20.520000457763672,20.65999984741211,20.34000015258789,20.65999984741211,464332
2024-07-24 13:30:00-04:00,20.25,20.56999969482422,20.170000076293945,20.5,377469
2024-07-24 14:30:00-04:00,20.059999465942383,20.264999389648438,19.809999465942383,20.239999771118164,893465
2024-07-24 15:30:00-04:00,19.69499969482422,20.049999237060547,19.68000030517578,20.049999237060547,933259
2024-07-25 09:30:00-04:00,19.899999618530273,19.93000030517578,19.360000610351562,19.84000015258789,714409
2024-07-25 10:30:00-04:00,20.299999237060547,20.375,19.8700008392334,19.889999389648438,390550
2024-07-25 11:30:00-04:00,20.604999542236328,20.6200008392334,20.21500015258789,20.309999465942383,728973
2024-07-25 12:30:00-04:00,20.43000030517578,20.684999465942383,20.40999984741211,20.610000610351562,179223
2024-07-25 13:30:00-04:00,20.5,20.551000595092773,20.389999389648438,20.440000534057617,252896
2024-07-25 14:30:00-04:00,20.540000915527344,20.58989906311035,20.43000030517578,20.5049991607666,263367
2024-07-25 15:30:00-04:00,20.280000686645508,20.59000015258789,20.270000457763672,20.545000076293945,340785
2024-07-26 09:30:00-04:00,21.190000534057617,21.22949981689453,20.6200008392334,20.68000030517578,383529
2024-07-26 10:30:00-04:00,21.15999984741211,21.34000015258789,20.920000076293945,21.190000534057617,335825
2024-07-26 11:30:00-04:00,21.350000381469727,21.538999557495117,21.1200008392334,21.16990089416504,323335
2024-07-26 12:30:00-04:00,21.350000381469727,21.510000228881836,21.270000457763672,21.350000381469727,250752
2024-07-26 13:30:00-04:00,21.520000457763672,21.579999923706055,21.219999313354492,21.34000015258789,241773
2024-07-26 14:30:00-04:00,21.545000076293945,21.569000244140625,21.350000381469727,21.510000228881836,278213
2024-07-26 15:30:00-04:00,21.389999389648438,21.549999237060547,21.360000610351562,21.549999237060547,437159
2024-07-29 09:30:00-04:00,21.209999084472656,21.639999389648438,21.174999237060547,21.520000457763672,488570
2024-07-29 10:30:00-04:00,20.90999984741211,21.299999237060547,20.864999771118164,21.209999084472656,226857
2024-07-29 11:30:00-04:00,20.90999984741211,20.979900360107422,20.729999542236328,20.90999984741211,308301
2024-07-29 12:30:00-04:00,20.694000244140625,20.969999313354492,20.690000534057617,20.899999618530273,253390
2024-07-29 13:30:00-04:00,20.684999465942383,20.799999237060547,20.614999771118164,20.68000030517578,231356
2024-07-29 14:30:00-04:00,20.850000381469727,20.940000534057617,20.53499984741211,20.68000030517578,287864
2024-07-29 15:30:00-04:00,20.920000076293945,20.959999084472656,20.770000457763672,20.850000381469727,416796
2024-07-30 09:30:00-04:00,21.1200008392334,21.530000686645508,20.979999542236328,21.059999465942383,495543
2024-07-30 10:30:00-04:00,21.05500030517578,21.200000762939453,20.829999923706055,21.1299991607666,231929
2024-07-30 11:30:00-04:00,20.93000030517578,21.094999313354492,20.850099563598633,21.059999465942383,213677
2024-07-30 12:30:00-04:00,20.540000915527344,20.93000030517578,20.40999984741211,20.93000030517578,296853
2024-07-30 13:30:00-04:00,20.829999923706055,20.84000015258789,20.475000381469727,20.53499984741211,194216
2024-07-30 14:30:00-04:00,20.829999923706055,20.854999542236328,20.690000534057617,20.81999969482422,225461
2024-07-30 15:30:00-04:00,20.979999542236328,21.010000228881836,20.815000534057617,20.81999969482422,494324
2024-07-31 09:30:00-04:00,21.31999969482422,21.639999389648438,21.010000228881836,21.420000076293945,642796
2024-07-31 10:30:00-04:00,21.479999542236328,21.55500030517578,21.2450008392334,21.31999969482422,467485
2024-07-31 11:30:00-04:00,21.450000762939453,21.539899826049805,21.31800079345703,21.469999313354492,432364
2024-07-31 12:30:00-04:00,21.43000030517578,21.459999084472656,21.299999237060547,21.44499969482422,457778
2024-07-31 13:30:00-04:00,21.339399337768555,21.43000030517578,21.290000915527344,21.43000030517578,314611
2024-07-31 14:30:00-04:00,21.469999313354492,21.84000015258789,21.350000381469727,21.350000381469727,792501
2024-07-31 15:30:00-04:00,21.469999313354492,21.68000030517578,21.420000076293945,21.459999084472656,1333502
2024-08-01 09:30:00-04:00,24.475000381469727,25.530000686645508,23.229999542236328,23.329999923706055,2969742
2024-08-01 10:30:00-04:00,24.09000015258789,24.739999771118164,23.71500015258789,24.459999084472656,1474329
2024-08-01 11:30:00-04:00,23.8700008392334,24.139999389648438,23.540000915527344,24.09000015258789,1036781
2024-08-01 12:30:00-04:00,23.59000015258789,23.969999313354492,23.220300674438477,23.860000610351562,1340548
2024-08-01 13:30:00-04:00,23.799999237060547,23.915000915527344,23.31999969482422,23.580900192260742,932555
2024-08-01 14:30:00-04:00,23.940000534057617,23.959999084472656,23.559999465942383,23.799999237060547,1029627
2024-08-01 15:30:00-04:00,24.020000457763672,24.200000762939453,23.809999465942383,23.934999465942383,1542780
2024-08-02 09:30:00-04:00,21.905000686645508,22.899999618530273,21.600000381469727,22.329999923706055,1804012
2024-08-02 10:30:00-04:00,22.489999771118164,22.579999923706055,21.885000228881836,21.899999618530273,632873
2024-08-02 11:30:00-04:00,22.959999084472656,22.989999771118164,22.485000610351562,22.489999771118164,604880
2024-08-02 12:30:00-04:00,22.889999389648438,23.104999542236328,22.851999282836914,22.950000762939453,318755
2024-08-02 13:30:00-04:00,22.934999465942383,23.06999969482422,22.729999542236328,22.8799991607666,358861
2024-08-02 14:30:00-04:00,23.139999389648438,23.200000762939453,22.915000915527344,22.93000030517578,601218
2024-08-02 15:30:00-04:00,23.010000228881836,23.200000762939453,23.0,23.149999618530273,921638
2024-08-05 09:30:00-04:00,21.149999618530273,21.940000534057617,19.899999618530273,20.030000686645508,1189305
2024-08-05 10:30:00-04:00,22.25,22.31999969482422,21.139999389648438,21.149200439453125,505814
2024-08-05 11:30:00-04:00,22.290000915527344,22.364999771118164,21.954999923706055,22.2450008392334,348358
2024-08-05 12:30:00-04:00,22.020000457763672,22.290000915527344,21.829999923706055,22.280000686645508,261208
2024-08-05 13:30:00-04:00,21.800100326538086,22.200000762939453,21.75,22.030000686645508,216294
2024-08-05 14:30:00-04:00,21.8700008392334,21.8799991607666,21.649999618530273,21.799999237060547,303994
2024-08-05 15:30:00-04:00,21.940000534057617,21.959999084472656,21.704999923706055,21.8700008392334,501816
2024-08-06 09:30:00-04:00,22.524999618530273,22.610000610351562,21.872699737548828,22.200000762939453,526368
2024-08-06 10:30:00-04:00,22.920000076293945,23.110000610351562,22.389999389648438,22.524999618530273,378041
2024-08-06 11:30:00-04:00,23.104999542236328,23.209999084472656,22.84000015258789,22.920000076293945,263423
2024-08-06 12:30:00-04:00,23.1299991607666,23.290000915527344,23.017799377441406,23.110000610351562,254195
2024-08-06 13:30:00-04:00,23.770000457763672,23.806400299072266,23.110000610351562,23.139999389648438,554028
2024-08-06 14:30:00-04:00,23.459999084472656,23.809999465942383,23.239999771118164,23.780000686645508,471754
2024-08-06 15:30:00-04:00,23.079999923706055,23.46500015258789,23.079999923706055,23.459999084472656,601373
2024-08-07 09:30:00-04:00,23.155000686645508,23.770000457763672,23.040000915527344,23.43000030517578,731990
2024-08-07 10:30:00-04:00,23.5,23.509899139404297,23.040000915527344,23.149999618530273,687702
2024-08-07 11:30:00-04:00,23.298200607299805,23.65999984741211,23.110000610351562,23.5,381983
2024-08-07 12:30:00-04:00,22.770000457763672,23.350000381469727,22.6200008392334,23.289899826049805,269048
2024-08-07 13:30:00-04:00,22.50480079650879,22.989999771118164,22.34000015258789,22.780000686645508,350051
2024-08-07 14:30:00-04:00,22.649999618530273,22.684999465942383,22.40999984741211,22.5,275440
2024-08-07 15:30:00-04:00,22.559999465942383,22.704999923706055,22.5,22.645000457763672,489694
2024-08-08 09:30:00-04:00,23.010000228881836,23.059999465942383,22.600000381469727,22.969999313354492,362957
2024-08-08 10:30:00-04:00,23.290000915527344,23.34000015258789,22.8700008392334,23.010000228881836,307149
2024-08-08 11:30:00-04:00,23.530000686645508,23.549999237060547,23.174999237060547,23.290000915527344,466170
2024-08-08 12:30:00-04:00,23.47599983215332,23.610000610351562,23.270000457763672,23.520000457763672,199797
2024-08-08 13:30:00-04:00,23.709999084472656,23.770000457763672,23.450000762939453,23.475000381469727,166531
2024-08-08 14:30:00-04:00,23.389999389648438,23.849000930786133,23.38050079345703,23.709999084472656,313419
2024-08-08 15:30:00-04:00,23.520000457763672,23.530000686645508,23.34000015258789,23.3799991607666,478877
2024-08-09 09:30:00-04:00,23.579999923706055,23.70400047302246,23.18000030517578,23.43000030517578,645282
2024-08-09 10:30:00-04:00,23.540000915527344,23.950000762939453,23.500999450683594,23.579999923706055,411711
2024-08-09 11:30:00-04:00,23.520000457763672,23.610000610351562,23.469999313354492,23.540000915527344,202108
2024-08-09 12:30:00-04:00,23.739999771118164,23.739999771118164,23.510000228881836,23.530000686645508,157435
2024-08-09 13:30:00-04:00,23.621000289916992,23.75,23.56999969482422,23.739999771118164,183903
2024-08-09 14:30:00-04:00,23.690000534057617,23.719999313354492,23.594999313354492,23.610000610351562,172473
2024-08-09 15:30:00-04:00,23.65999984741211,23.700000762939453,23.520000457763672,23.690000534057617,354127
2024-08-12 09:30:00-04:00,23.049999237060547,23.81999969482422,23.010000228881836,23.579999923706055,259854
2024-08-12 10:30:00-04:00,22.799999237060547,23.2268009185791,22.56999969482422,23.049999237060547,302356
2024-08-12 11:30:00-04:00,22.790000915527344,22.940000534057617,22.700000762939453,22.799999237060547,130111
2024-08-12 12:30:00-04:00,22.829999923706055,22.899999618530273,22.729999542236328,22.780000686645508,142127
2024-08-12 13:30:00-04:00,22.68000030517578,22.979999542236328,22.59000015258789,22.829999923706055,317645
2024-08-12 14:30:00-04:00,22.8799991607666,23.010000228881836,22.65999984741211,22.670000076293945,236214
2024-08-12 15:30:00-04:00,23.020000457763672,23.020000457763672,22.729999542236328,22.885000228881836,355062
2024-08-13 09:30:00-04:00,23.770000457763672,23.844999313354492,23.280000686645508,23.299999237060547,403308
2024-08-13 10:30:00-04:00,23.950000762939453,24.0,23.719999313354492,23.770000457763672,383690
2024-08-13 11:30:00-04:00,23.8799991607666,24.0,23.809999465942383,23.940000534057617,183174
2024-08-13 12:30:00-04:00,23.989999771118164,24.0,23.864999771118164,23.8799991607666,179138
2024-08-13 13:30:00-04:00,23.94029998779297,24.15999984741211,23.780000686645508,23.992599487304688,440788
2024-08-13 14:30:00-04:00,23.920000076293945,24.030000686645508,23.905000686645508,23.940000534057617,201304
2024-08-13 15:30:00-04:00,23.809999465942383,23.940000534057617,23.719999313354492,23.93000030517578,430496
2024-08-14 09:30:00-04:00,24.167299270629883,24.6299991607666,23.75,24.030000686645508,861837
2024-08-14 10:30:00-04:00,24.104999542236328,24.309999465942383,24.059999465942383,24.18000030517578,274324
2024-08-14 11:30:00-04:00,24.010000228881836,24.299999237060547,23.90399932861328,24.104999542236328,317569
2024-08-14 12:30:00-04:00,23.81999969482422,24.030000686645508,23.770000457763672,24.010000228881836,167455
2024-08-14 13:30:00-04:00,23.780000686645508,23.84000015258789,23.65999984741211,23.809999465942383,178705
2024-08-14 14:30:00-04:00,23.739999771118164,23.850000381469727,23.725000381469727,23.764999389648438,152178
2024-08-14 15:30:00-04:00,23.719999313354492,23.809999465942383,23.540000915527344,23.729999542236328,551118
2024-08-15 09:30:00-04:00,23.959999084472656,24.040000915527344,23.549999237060547,23.825000762939453,324835
2024-08-15 10:30:00-04:00,23.920000076293945,24.040000915527344,23.920000076293945,23.959999084472656,194317
2024-08-15 11:30:00-04:00,24.530500411987305,24.59000015258789,23.905000686645508,23.90999984741211,1059628
2024-08-15 12:30:00-04:00,24.3700008392334,24.59000015258789,24.059999465942383,24.540000915527344,664702
2024-08-15 13:30:00-04:00,24.407899856567383,24.5,24.31999969482422,24.385000228881836,346258
2024-08-15 14:30:00-04:00,24.479400634765625,24.610000610351562,24.299999237060547,24.41510009765625,366104
2024-08-15 15:30:00-04:00,24.31999969482422,24.475000381469727,24.239999771118164,24.475000381469727,597329
2024-08-16 09:30:00-04:00,24.445199966430664,24.850000381469727,23.8799991607666,24.3700008392334,794766
2024-08-16 10:30:00-04:00,24.760000228881836,24.764999389648438,24.434999465942383,24.440000534057617,345569
2024-08-16 11:30:00-04:00,24.854999542236328,24.90999984741211,24.6200008392334,24.770000457763672,371952
2024-08-16 12:30:00-04:00,24.635000228881836,24.950000762939453,24.579999923706055,24.855199813842773,416496
2024-08-16 13:30:00-04:00,24.610000610351562,24.649999618530273,24.520000457763672,24.63599967956543,209021
2024-08-16 14:30:00-04:00,24.6200008392334,24.68000030517578,24.440000534057617,24.6200008392334,313041
2024-08-16 15:30:00-04:00,24.68000030517578,24.729999542236328,24.56999969482422,24.610000610351562,392721
2024-08-19 09:30:00-04:00,24.545000076293945,24.700000762939453,24.334999084472656,24.610000610351562,473312
2024-08-19 10:30:00-04:00,24.5,24.649999618530273,24.3700008392334,24.540000915527344,257799
2024-08-19 11:30:00-04:00,24.520000457763672,24.639999389648438,24.420000076293945,24.510000228881836,233548
2024-08-19 12:30:00-04:00,24.350000381469727,24.520000457763672,24.315000534057617,24.520000457763672,266102
2024-08-19 13:30:00-04:00,24.435800552368164,24.459999084472656,24.329999923706055,24.34079933166504,154930
2024-08-19 14:30:00-04:00,24.280000686645508,24.450000762939453,24.229999542236328,24.434999465942383,296494
2024-08-19 15:30:00-04:00,24.239999771118164,24.31999969482422,24.184999465942383,24.280000686645508,432957
2024-08-20 09:30:00-04:00,24.34000015258789,24.770000457763672,24.239999771118164,24.34000015258789,556110
2024-08-20 10:30:00-04:00,24.298500061035156,24.405000686645508,24.18000030517578,24.3700008392334,211780
2024-08-20 11:30:00-04:00,24.329999923706055,24.3799991607666,24.25,24.280000686645508,172038
2024-08-20 12:30:00-04:00,24.21500015258789,24.350000381469727,24.170000076293945,24.31999969482422,151274
2024-08-20 13:30:00-04:00,24.329999923706055,24.34000015258789,24.200000762939453,24.21500015258789,155173
2024-08-20 14:30:00-04:00,24.44499969482422,24.540000915527344,24.328899383544922,24.328899383544922,370449
2024-08-20 15:30:00-04:00,24.43000030517578,24.559999465942383,24.385000228881836,24.44499969482422,340076
2024-08-21 09:30:00-04:00,23.975000381469727,24.440000534057617,23.90999984741211,24.420000076293945,400493
2024-08-21 10:30:00-04:00,23.639999389648438,24.020000457763672,23.3799991607666,23.972000122070312,789905
2024-08-21 11:30:00-04:00,23.600000381469727,23.829999923706055,23.510000228881836,23.655899047851562,288492
2024-08-21 12:30:00-04:00,23.690799713134766,23.69499969482422,23.520000457763672,23.59000015258789,178785
2024-08-21 13:30:00-04:00,23.670000076293945,23.739900588989258,23.56999969482422,23.69700050354004,220098
2024-08-21 14:30:00-04:00,23.790000915527344,23.799299240112305,23.610000610351562,23.68000030517578,243010
2024-08-21 15:30:00-04:00,23.799999237060547,23.8799991607666,23.764999389648438,23.790000915527344,301265
2024-08-22 09:30:00-04:00,23.895000457763672,24.049999237060547,23.788000106811523,23.969999313354492,198260
2024-08-22 10:30:00-04:00,23.8700008392334,23.95989990234375,23.799999237060547,23.8799991607666,158449
2024-08-22 11:30:00-04:00,23.920000076293945,23.94499969482422,23.649999618530273,23.860000610351562,153406
2024-08-22 12:30:00-04:00,23.889999389648438,23.96500015258789,23.84000015258789,23.93000030517578,96573
2024-08-22 13:30:00-04:00,23.90999984741211,23.929000854492188,23.780000686645508,23.889999389648438,133467
2024-08-22 14:30:00-04:00,23.77199935913086,23.950000762939453,23.760000228881836,23.899999618530273,153301
2024-08-22 15:30:00-04:00,23.68000030517578,23.780000686645508,23.6299991607666,23.770000457763672,208177
2024-08-23 09:30:00-04:00,24.149999618530273,24.190000534057617,23.6200008392334,23.829999923706055,352423
2024-08-23 10:30:00-04:00,24.350000381469727,24.389999389648438,23.959999084472656,24.149999618530273,288762
2024-08-23 11:30:00-04:00,24.584999084472656,24.614999771118164,24.219999313354492,24.350000381469727,283318
2024-08-23 12:30:00-04:00,24.989999771118164,25.079999923706055,24.56999969482422,24.59760093688965,320327
2024-08-23 13:30:00-04:00,24.93000030517578,25.040000915527344,24.860000610351562,24.985000610351562,243713
2024-08-23 14:30:00-04:00,24.989999771118164,25.049999237060547,24.889999389648438,24.920000076293945,233915
2024-08-23 15:30:00-04:00,24.985000610351562,25.0,24.809999465942383,24.979999542236328,317322
2024-08-26 09:30:00-04:00,24.739999771118164,25.280000686645508,24.655000686645508,25.190000534057617,494481
2024-08-26 10:30:00-04:00,24.860000610351562,24.969999313354492,24.6200008392334,24.719999313354492,191041
2024-08-26 11:30:00-04:00,24.937400817871094,24.950000762939453,24.709999084472656,24.860000610351562,175650
2024-08-26 12:30:00-04:00,24.769100189208984,25.020000457763672,24.719999313354492,24.940000534057617,220548
2024-08-26 13:30:00-04:00,24.8700008392334,24.8700008392334,24.6200008392334,24.740100860595703,183245
2024-08-26 14:30:00-04:00,24.915000915527344,24.959999084472656,24.790000915527344,24.860000610351562,299976
2024-08-26 15:30:00-04:00,25.100000381469727,25.219999313354492,24.8799991607666,24.90999984741211,459351
2024-08-27 09:30:00-04:00,25.200000762939453,25.34000015258789,24.540599822998047,24.920000076293945,367280
2024-08-27 10:30:00-04:00,25.299999237060547,25.540000915527344,25.1968994140625,25.229999542236328,259801
2024-08-27 11:30:00-04:00,25.31999969482422,25.350000381469727,25.06999969482422,25.28499984741211,121535
2024-08-27 12:30:00-04:00,25.479999542236328,25.496999740600586,25.290000915527344,25.34000015258789,215454
2024-08-27 13:30:00-04:00,25.670000076293945,25.690000534057617,25.472900390625,25.472900390625,191888
2024-08-27 14:30:00-04:00,25.540000915527344,25.709999084472656,25.5,25.670000076293945,198001
2024-08-27 15:30:00-04:00,25.485000610351562,25.55500030517578,25.350000381469727,25.540000915527344,327334
2024-08-28 09:30:00-04:00,25.588199615478516,25.969999313354492,25.273500442504883,25.389999389648438,440130
2024-08-28 10:30:00-04:00,25.010000228881836,25.649999618530273,24.989999771118164,25.584999084472656,220945
2024-08-28 11:30:00-04:00,25.200000762939453,25.25,24.969999313354492,24.989999771118164,182476
2024-08-28 12:30:00-04:00,25.2450008392334,25.3700008392334,25.174999237060547,25.190000534057617,98906
2024-08-28 13:30:00-04:00,25.100000381469727,25.27989959716797,24.979999542236328,25.260000228881836,176090
2024-08-28 14:30:00-04:00,25.450000762939453,25.454999923706055,25.040000915527344,25.100000381469727,212803
2024-08-28 15:30:00-04:00,25.170000076293945,25.44499969482422,25.094999313354492,25.440000534057617,341965
2024-08-29 09:30:00-04:00,25.56999969482422,25.790000915527344,25.295000076293945,25.295000076293945,354067
2024-08-29 10:30:00-04:00,25.780000686645508,25.780000686645508,25.5,25.579999923706055,179647
2024-08-29 11:30:00-04:00,25.809999465942383,25.889999389648438,25.709999084472656,25.780000686645508,133390
2024-08-29 12:30:00-04:00,25.790000915527344,25.8799991607666,25.56999969482422,25.790000915527344,275566
2024-08-29 13:30:00-04:00,25.739999771118164,25.989999771118164,25.729999542236328,25.799999237060547,195314
2024-08-29 14:30:00-04:00,25.80500030517578,25.8700008392334,25.559999465942383,25.719999313354492,275128
2024-08-29 15:30:00-04:00,25.950000762939453,25.975000381469727,25.75,25.81999969482422,576734
2024-08-30 09:30:00-04:00,25.860700607299805,26.314599990844727,25.790000915527344,26.0,671067
2024-08-30 10:30:00-04:00,25.780000686645508,25.954999923706055,25.639999389648438,25.860000610351562,369576
2024-08-30 11:30:00-04:00,25.770000457763672,26.0,25.690000534057617,25.770000457763672,252239
2024-08-30 12:30:00-04:00,26.045000076293945,26.059999465942383,25.700000762939453,25.764999389648438,186371
2024-08-30 13:30:00-04:00,26.059999465942383,26.114999771118164,25.959999084472656,26.03499984741211,186545
2024-08-30 14:30:00-04:00,26.110000610351562,26.18000030517578,26.030000686645508,26.049800872802734,242699
2024-08-30 15:30:00-04:00,26.389999389648438,26.399999618530273,26.049999237060547,26.110000610351562,763484
2024-09-03 09:30:00-04:00,26.350000381469727,26.450000762939453,25.95199966430664,26.450000762939453,572969
2024-09-03 10:30:00-04:00,26.0,26.364999771118164,25.780000686645508,26.329999923706055,402329
2024-09-03 11:30:00-04:00,25.809999465942383,26.020000457763672,25.68000030517578,26.010000228881836,234597
2024-09-03 12:30:00-04:00,26.05500030517578,26.180099487304688,25.729999542236328,25.809999465942383,415612
2024-09-03 13:30:00-04:00,25.440000534057617,26.059999465942383,25.191699981689453,26.05500030517578,448560
2024-09-03 14:30:00-04:00,25.690000534057617,25.829999923706055,25.43000030517578,25.440000534057617,377234
2024-09-03 15:30:00-04:00,25.56999969482422,25.709999084472656,25.549999237060547,25.690000534057617,392226
2024-09-04 09:30:00-04:00,25.440000534057617,25.540000915527344,24.649999618530273,25.350000381469727,366378
2024-09-04 10:30:00-04:00,25.399999618530273,25.6200008392334,25.375,25.450000762939453,130948
2024-09-04 11:30:00-04:00,25.459999084472656,25.469999313354492,25.329999923706055,25.3799991607666,58936
2024-09-04 12:30:00-04:00,25.459800720214844,25.549999237060547,25.420000076293945,25.469999313354492,90309
2024-09-04 13:30:00-04:00,25.18000030517578,25.449899673461914,25.110000610351562,25.44849967956543,76595
2024-09-04 14:30:00-04:00,24.93000030517578,25.190000534057617,24.780000686645508,25.170000076293945,210742
2024-09-04 15:30:00-04:00,24.8700008392334,25.049999237060547,24.860000610351562,24.93000030517578,232552
2024-09-05 09:30:00-04:00,26.809999465942383,26.84000015258789,24.799999237060547,25.100000381469727,4347273
2024-09-05 10:30:00-04:00,26.690000534057617,27.139999389648438,26.510000228881836,26.809999465942383,1722979
2024-09-05 11:30:00-04:00,26.549999237060547,26.770000457763672,26.260000228881836,26.700000762939453,1349667
2024-09-05 12:30:00-04:00,26.780000686645508,27.219999313354492,26.520000457763672,26.549999237060547,805968
2024-09-05 13:30:00-04:00,27.139999389648438,27.389999389648438,26.700000762939453,26.770000457763672,745008
2024-09-05 14:30:00-04:00,26.96500015258789,27.25,26.81999969482422,27.149999618530273,1141621
2024-09-05 15:30:00-04:00,26.860000610351562,27.100000381469727,26.690000534057617,26.960100173950195,1165344
2024-09-06 09:30:00-04:00,26.270000457763672,27.239999771118164,26.270000457763672,27.059999465942383,696074
2024-09-06 10:30:00-04:00,26.049999237060547,26.360000610351562,25.940000534057617,26.264999389648438,565375
2024-09-06 11:30:00-04:00,25.415000915527344,26.190000534057617,25.399999618530273,26.049999237060547,1003270
2024-09-06 12:30:00-04:00,25.100000381469727,25.450000762939453,24.979999542236328,25.43000030517578,602851
2024-09-06 13:30:00-04:00,25.170000076293945,25.200000762939453,25.0,25.094999313354492,376259
2024-09-06 14:30:00-04:00,25.3799991607666,25.459999084472656,25.049999237060547,25.15999984741211,559032
2024-09-06 15:30:00-04:00,25.079999923706055,25.389999389648438,25.040000915527344,25.3700008392334,661383
2024-09-09 09:30:00-04:00,26.100400924682617,26.332000732421875,25.34000015258789,25.420000076293945,692123
2024-09-09 10:30:00-04:00,25.90999984741211,26.139999389648438,25.809999465942383,26.100000381469727,318605
2024-09-09 11:30:00-04:00,26.010000228881836,26.06999969482422,25.8799991607666,25.90999984741211,311884
2024-09-09 12:30:00-04:00,26.059999465942383,26.229999542236328,25.989999771118164,26.010000228881836,335807
2024-09-09 13:30:00-04:00,25.8700008392334,26.06999969482422,25.760000228881836,26.05500030517578,212101
2024-09-09 14:30:00-04:00,25.959999084472656,25.979999542236328,25.700000762939453,25.860000610351562,322125
2024-09-09 15:30:00-04:00,25.719999313354492,25.959999084472656,25.649999618530273,25.95800018310547,538941
2024-09-10 09:30:00-04:00,25.399999618530273,25.905000686645508,25.100000381469727,25.760000228881836,335417
2024-09-10 10:30:00-04:00,25.219999313354492,25.420000076293945,25.200000762939453,25.399999618530273,173135
2024-09-10 11:30:00-04:00,24.799999237060547,25.25,24.600000381469727,25.229999542236328,320414
2024-09-10 12:30:00-04:00,24.790000915527344,24.93600082397461,24.770000457763672,24.80500030517578,257963
2024-09-10 13:30:00-04:00,25.020000457763672,25.059999465942383,24.700000762939453,24.795000076293945,349601
2024-09-10 14:30:00-04:00,25.110000610351562,25.155000686645508,25.010000228881836,25.020000457763672,223404
2024-09-10 15:30:00-04:00,24.975000381469727,25.110000610351562,24.899999618530273,25.110000610351562,399664
2024-09-11 09:30:00-04:00,25.049999237060547,25.229999542236328,24.6200008392334,24.760000228881836,249057
2024-09-11 10:30:00-04:00,25.155000686645508,25.235000610351562,24.850000381469727,25.010000228881836,276487
2024-09-11 11:30:00-04:00,25.68000030517578,25.709999084472656,25.145000457763672,25.15999984741211,300785
2024-09-11 12:30:00-04:00,25.850000381469727,26.0,25.689899444580078,25.69499969482422,262965
2024-09-11 13:30:00-04:00,25.920000076293945,26.030000686645508,25.81999969482422,25.860000610351562,176569
2024-09-11 14:30:00-04:00,26.060199737548828,26.06999969482422,25.860000610351562,25.920000076293945,231432
2024-09-11 15:30:00-04:00,26.200000762939453,26.209999084472656,25.895000457763672,26.049999237060547,514920
2024-09-12 09:30:00-04:00,26.84000015258789,26.920000076293945,26.299999237060547,26.329999923706055,405427
2024-09-12 10:30:00-04:00,26.790000915527344,27.0,26.600000381469727,26.854999542236328,299931
2024-09-12 11:30:00-04:00,26.844999313354492,26.8700008392334,26.670000076293945,26.7549991607666,166257
2024-09-12 12:30:00-04:00,26.770000457763672,26.8799991607666,26.690000534057617,26.84000015258789,106937
2024-09-12 13:30:00-04:00,26.764999389648438,26.934999465942383,26.729999542236328,26.790000915527344,183287
2024-09-12 14:30:00-04:00,26.69059944152832,26.809999465942383,26.600000381469727,26.760000228881836,193954
2024-09-12 15:30:00-04:00,26.969999313354492,27.0,26.674999237060547,26.68000030517578,459419
2024-09-13 09:30:00-04:00,27.260000228881836,27.360000610351562,26.899999618530273,26.989999771118164,332433
2024-09-13 10:30:00-04:00,27.41990089416504,27.440000534057617,27.0,27.280000686645508,397216
2024-09-13 11:30:00-04:00,27.459999084472656,27.610000610351562,27.360000610351562,27.405000686645508,205894
2024-09-13 12:30:00-04:00,27.350000381469727,27.479999542236328,27.299999237060547,27.450000762939453,158160
2024-09-13 13:30:00-04:00,27.245899200439453,27.360000610351562,27.049999237060547,27.34000015258789,291696
2024-09-13 14:30:00-04:00,27.366199493408203,27.479999542236328,27.209999084472656,27.219999313354492,213102
2024-09-13 15:30:00-04:00,27.5,27.549999237060547,27.309999465942383,27.3700008392334,406646
2024-09-16 09:30:00-04:00,27.375,27.729999542236328,27.190000534057617,27.530000686645508,442413
2024-09-16 10:30:00-04:00,27.469999313354492,27.549999237060547,27.25,27.3799991607666,218855
2024-09-16 11:30:00-04:00,27.489999771118164,27.520000457763672,27.31999969482422,27.469999313354492,197806
2024-09-16 12:30:00-04:00,27.530000686645508,27.6200008392334,27.40999984741211,27.489999771118164,193419
2024-09-16 13:30:00-04:00,27.329999923706055,27.610000610351562,27.290000915527344,27.530000686645508,196211
2024-09-16 14:30:00-04:00,27.290000915527344,27.415000915527344,27.270000457763672,27.329999923706055,186130
2024-09-16 15:30:00-04:00,27.25,27.344999313354492,27.170000076293945,27.280000686645508,382170
2024-09-17 09:30:00-04:00,27.170000076293945,27.440000534057617,27.110000610351562,27.31999969482422,276481
2024-09-17 10:30:00-04:00,27.270000457763672,27.309999465942383,27.049999237060547,27.149999618530273,243063
2024-09-17 11:30:00-04:00,27.104999542236328,27.34000015258789,27.020000457763672,27.260000228881836,229013
2024-09-17 12:30:00-04:00,27.18000030517578,27.239999771118164,26.969999313354492,27.09000015258789,222124
2024-09-17 13:30:00-04:00,27.334999084472656,27.3799991607666,27.100000381469727,27.200000762939453,226666
2024-09-17 14:30:00-04:00,27.260000228881836,27.354999542236328,27.19499969482422,27.329999923706055,208092
2024-09-17 15:30:00-04:00,27.440000534057617,27.450000762939453,27.239999771118164,27.260000228881836,322671
2024-09-18 09:30:00-04:00,27.65999984741211,27.770000457763672,27.385000228881836,27.735000610351562,327061
2024-09-18 10:30:00-04:00,27.47640037536621,27.670000076293945,27.360000610351562,27.670000076293945,180618
2024-09-18 11:30:00-04:00,27.690000534057617,27.729400634765625,27.309999465942383,27.450000762939453,132794
2024-09-18 12:30:00-04:00,27.809999465942383,27.8799991607666,27.649999618530273,27.690000534057617,259860
2024-09-18 13:30:00-04:00,27.976699829101562,28.170000076293945,27.6200008392334,27.809999465942383,430908
2024-09-18 14:30:00-04:00,27.940000534057617,28.1299991607666,27.59000015258789,27.96500015258789,458109
2024-09-18 15:30:00-04:00,27.579999923706055,28.0,27.579999923706055,27.969999313354492,350128
2024-09-19 09:30:00-04:00,29.139999389648438,29.209999084472656,28.40999984741211,28.6299991607666,1142401
2024-09-19 10:30:00-04:00,28.719999313354492,29.280000686645508,28.639999389648438,29.155000686645508,462169
2024-09-19 11:30:00-04:00,28.3799991607666,28.82796287536621,28.3700008392334,28.729999542236328,376112
2024-09-19 12:30:00-04:00,28.045000076293945,28.40999984741211,28.0,28.3799991607666,351184
2024-09-19 13:30:00-04:00,28.200000762939453,28.220199584960938,27.979999542236328,28.045000076293945,370120
2024-09-19 14:30:00-04:00,28.329999923706055,28.3799991607666,28.184999465942383,28.200000762939453,324076
2024-09-19 15:30:00-04:00,28.3700008392334,28.5049991607666,28.229999542236328,28.325000762939453,597714
2024-09-20 09:30:00-04:00,28.78969955444336,28.8700008392334,28.100000381469727,28.309999465942383,707024
2024-09-20 10:30:00-04:00,28.704999923706055,28.969999313354492,28.639999389648438,28.770000457763672,366900
2024-09-20 11:30:00-04:00,28.889999389648438,28.93000030517578,28.559999465942383,28.690000534057617,216948
2024-09-20 12:30:00-04:00,28.65999984741211,28.8799991607666,28.50200080871582,28.8799991607666,346974
2024-09-20 13:30:00-04:00,28.700000762939453,28.729999542236328,28.60099983215332,28.649999618530273,176649
2024-09-20 14:30:00-04:00,28.975000381469727,29.02899932861328,28.68000030517578,28.700000762939453,334771
2024-09-20 15:30:00-04:00,28.93000030517578,29.09000015258789,28.920000076293945,28.975000381469727,509789
2024-09-23 09:30:00-04:00,29.610000610351562,29.84000015258789,29.170000076293945,29.399999618530273,995125
2024-09-23 10:30:00-04:00,29.1299991607666,29.649999618530273,28.950000762939453,29.610000610351562,376188
2024-09-23 11:30:00-04:00,29.225000381469727,29.3700008392334,29.06999969482422,29.1299991607666,271108
2024-09-23 12:30:00-04:00,29.360000610351562,29.420000076293945,29.190000534057617,29.233800888061523,213184
2024-09-23 13:30:00-04:00,29.399700164794922,29.45840072631836,29.325000762939453,29.360000610351562,266390
2024-09-23 14:30:00-04:00,29.454999923706055,29.46500015258789,29.25,29.385000228881836,306529
2024-09-23 15:30:00-04:00,29.40999984741211,29.5,29.350000381469727,29.450000762939453,605322
2024-09-24 09:30:00-04:00,29.239999771118164,29.739999771118164,28.983299255371094,29.5,621195
2024-09-24 10:30:00-04:00,29.850000381469727,29.969999313354492,29.219999313354492,29.239999771118164,610396
2024-09-24 11:30:00-04:00,29.959999084472656,30.079999923706055,29.639999389648438,29.850000381469727,399451
2024-09-24 12:30:00-04:00,30.010000228881836,30.040000915527344,29.8700008392334,29.969999313354492,196804
2024-09-24 13:30:00-04:00,29.969999313354492,30.200000762939453,29.920000076293945,30.010000228881836,408566
2024-09-24 14:30:00-04:00,29.864999771118164,29.969999313354492,29.799999237060547,29.969999313354492,579946
2024-09-24 15:30:00-04:00,30.25,30.25,29.84000015258789,29.864999771118164,922352
2024-09-25 09:30:00-04:00,30.43000030517578,30.43000030517578,29.700000762939453,30.020000457763672,692938
2024-09-25 10:30:00-04:00,30.1200008392334,30.469999313354492,30.0,30.469999313354492,353745
2024-09-25 11:30:00-04:00,30.0,30.309999465942383,29.8700008392334,30.127599716186523,368727
2024-09-25 12:30:00-04:00,29.934999465942383,30.110000610351562,29.809999465942383,30.010000228881836,216081
2024-09-25 13:30:00-04:00,29.959999084472656,30.010000228881836,29.820100784301758,29.93000030517578,206501
2024-09-25 14:30:00-04:00,29.93000030517578,29.969999313354492,29.829999923706055,29.96980094909668,211168
2024-09-25 15:30:00-04:00,29.610000610351562,29.924999237060547,29.600000381469727,29.924999237060547,644558
2024-09-26 09:30:00-04:00,29.8799991607666,32.11000061035156,29.75,32.0,1609993
2024-09-26 10:30:00-04:00,29.80780029296875,30.149999618530273,29.43000030517578,29.860000610351562,512046
2024-09-26 11:30:00-04:00,29.8700008392334,30.189899444580078,29.799999237060547,29.799999237060547,276311
2024-09-26 12:30:00-04:00,29.739900588989258,29.889999389648438,29.639999389648438,29.860000610351562,265575
2024-09-26 13:30:00-04:00,29.940000534057617,29.950899124145508,29.719999313354492,29.739999771118164,215553
2024-09-26 14:30:00-04:00,30.020000457763672,30.139999389648438,29.860000610351562,29.940000534057617,355157
2024-09-26 15:30:00-04:00,29.739999771118164,30.09000015258789,29.69499969482422,30.030000686645508,440186
2024-09-27 09:30:00-04:00,29.600000381469727,30.066499710083008,28.912700653076172,29.889999389648438,673277
2024-09-27 10:30:00-04:00,29.3799991607666,29.68000030517578,29.329999923706055,29.600000381469727,325961
2024-09-27 11:30:00-04:00,29.549999237060547,29.760000228881836,29.3799991607666,29.389999389648438,140783
2024-09-27 12:30:00-04:00,29.550100326538086,29.670000076293945,29.531999588012695,29.549999237060547,112650
2024-09-27 13:30:00-04:00,29.440000534057617,29.6299991607666,29.440000534057617,29.559999465942383,138309
2024-09-27 14:30:00-04:00,29.485000610351562,29.5,29.34000015258789,29.440000534057617,201092
2024-09-27 15:30:00-04:00,29.5049991607666,29.610000610351562,29.3700008392334,29.489999771118164,371661
2024-09-30 09:30:00-04:00,29.84000015258789,30.1200008392334,28.899999618530273,29.15999984741211,452788
2024-09-30 10:30:00-04:00,29.940000534057617,29.969999313354492,29.75,29.84000015258789,277075
2024-09-30 11:30:00-04:00,29.850000381469727,29.950000762939453,29.780000686645508,29.940000534057617,156226
2024-09-30 12:30:00-04:00,29.84000015258789,29.954999923706055,29.75,29.850000381469727,138332
2024-09-30 13:30:00-04:00,29.610000610351562,29.860000610351562,29.549999237060547,29.825000762939453,194563
2024-09-30 14:30:00-04:00,29.6299991607666,29.74799919128418,29.56999969482422,29.600000381469727,218278
2024-09-30 15:30:00-04:00,29.829999923706055,29.915000915527344,29.635000228881836,29.649999618530273,351280
2024-10-01 09:30:00-04:00,29.489999771118164,30.200000762939453,29.34000015258789,30.06999969482422,338393
2024-10-01 10:30:00-04:00,29.365999221801758,29.599300384521484,29.18000030517578,29.459999084472656,192072
2024-10-01 11:30:00-04:00,29.540000915527344,29.56999969482422,29.31999969482422,29.34000015258789,174746
2024-10-01 12:30:00-04:00,29.350000381469727,29.555999755859375,29.260000228881836,29.540000915527344,120339
2024-10-01 13:30:00-04:00,29.84000015258789,29.84000015258789,29.309999465942383,29.34000015258789,159840
2024-10-01 14:30:00-04:00,29.774200439453125,29.959999084472656,29.739999771118164,29.850000381469727,189788
2024-10-01 15:30:00-04:00,29.65999984741211,29.760000228881836,29.584999084472656,29.760000228881836,266586
2024-10-02 09:30:00-04:00,29.25,29.530000686645508,28.760000228881836,29.329999923706055,551594
2024-10-02 10:30:00-04:00,29.40999984741211,29.520000457763672,29.239999771118164,29.25,281086
2024-10-02 11:30:00-04:00,29.55500030517578,29.619800567626953,29.260000228881836,29.43000030517578,175761
2024-10-02 12:30:00-04:00,29.549999237060547,29.670000076293945,29.514999389648438,29.559999465942383,133405
2024-10-02 13:30:00-04:00,29.889999389648438,29.899999618530273,29.40999984741211,29.549999237060547,164881
2024-10-02 14:30:00-04:00,30.0049991607666,30.079999923706055,29.889999389648438,29.89539909362793,268061
2024-10-02 15:30:00-04:00,29.790000915527344,30.010000228881836,29.790000915527344,30.0049991607666,356254
2024-10-03 09:30:00-04:00,30.079999923706055,30.519899368286133,29.5,29.59000015258789,1225852
2024-10-03 10:30:00-04:00,30.5049991607666,30.510000228881836,30.049999237060547,30.049999237060547,191395
2024-10-03 11:30:00-04:00,30.299999237060547,30.600000381469727,30.290000915527344,30.514999389648438,202782
2024-10-03 12:30:00-04:00,29.950000762939453,30.299999237060547,29.829999923706055,30.299999237060547,188272
2024-10-03 13:30:00-04:00,29.989999771118164,30.04990005493164,29.860000610351562,29.956899642944336,142345
2024-10-03 14:30:00-04:00,29.81999969482422,29.979999542236328,29.799999237060547,29.979999542236328,107216
2024-10-03 15:30:00-04:00,29.8700008392334,29.989999771118164,29.770000457763672,29.809999465942383,318126
2024-10-04 09:30:00-04:00,30.35759925842285,30.510000228881836,29.889999389648438,30.3700008392334,406803
2024-10-04 10:30:00-04:00,30.1299991607666,30.40999984741211,30.020000457763672,30.329999923706055,181405
2024-10-04 11:30:00-04:00,30.6200008392334,30.6200008392334,30.110000610351562,30.1200008392334,220976
2024-10-04 12:30:00-04:00,30.59000015258789,30.709999084472656,30.5,30.600000381469727,245906
2024-10-04 13:30:00-04:00,30.860000610351562,30.888900756835938,30.584999084472656,30.59000015258789,224496
2024-10-04 14:30:00-04:00,30.934999465942383,30.940000534057617,30.719999313354492,30.864999771118164,220585
2024-10-04 15:30:00-04:00,31.040000915527344,31.059999465942383,30.829999923706055,30.934999465942383,288385
2024-10-07 09:30:00-04:00,30.959999084472656,31.25119972229004,30.559999465942383,31.149999618530273,391617
2024-10-07 10:30:00-04:00,30.84000015258789,30.981199264526367,30.690000534057617,30.940000534057617,174908
2024-10-07 11:30:00-04:00,30.799999237060547,30.860000610351562,30.729999542236328,30.829999923706055,111651
2024-10-07 12:30:00-04:00,30.780000686645508,30.929899215698242,30.722000122070312,30.799999237060547,118282
2024-10-07 13:30:00-04:00,30.6200008392334,30.84000015258789,30.6200008392334,30.770000457763672,149128
2024-10-07 14:30:00-04:00,30.424999237060547,30.65999984741211,30.350000381469727,30.610000610351562,233593
2024-10-07 15:30:00-04:00,30.3799991607666,30.44499969482422,30.260000228881836,30.399999618530273,384599
2024-10-08 09:30:00-04:00,31.073999404907227,31.149999618530273,30.514999389648438,30.809999465942383,403002
2024-10-08 10:30:00-04:00,31.3700008392334,31.420000076293945,31.040000915527344,31.079999923706055,321522
2024-10-08 11:30:00-04:00,31.360000610351562,31.510000228881836,31.209999084472656,31.360000610351562,212629
2024-10-08 12:30:00-04:00,31.389999389648438,31.450000762939453,31.239999771118164,31.35300064086914,146636
2024-10-08 13:30:00-04:00,31.565000534057617,31.59000015258789,31.350000381469727,31.3799991607666,152010
2024-10-08 14:30:00-04:00,31.739999771118164,31.770000457763672,31.510000228881836,31.565000534057617,228684
2024-10-08 15:30:00-04:00,31.83880043029785,31.8700008392334,31.709999084472656,31.729999542236328,490475
2024-10-09 09:30:00-04:00,33.529998779296875,33.70800018310547,32.470001220703125,32.720001220703125,1800325
2024-10-09 10:30:00-04:00,34.040000915527344,34.040000915527344,33.3223991394043,33.529998779296875,659148
2024-10-09 11:30:00-04:00,33.529998779296875,34.13999938964844,33.369998931884766,34.040000915527344,627454
2024-10-09 12:30:00-04:00,33.43000030517578,33.61000061035156,33.349998474121094,33.525299072265625,326925
2024-10-09 13:30:00-04:00,33.06999969482422,33.6150016784668,33.0099983215332,33.43000030517578,653541
2024-10-09 14:30:00-04:00,33.310001373291016,33.32500076293945,33.02000045776367,33.07899856567383,467272
2024-10-09 15:30:00-04:00,33.11000061035156,33.31999969482422,33.11000061035156,33.30500030517578,681931
2024-10-10 09:30:00-04:00,32.29999923706055,32.560001373291016,31.31999969482422,32.11000061035156,1089272
2024-10-10 10:30:00-04:00,31.8700008392334,32.290000915527344,31.719999313354492,32.279998779296875,401962
2024-10-10 11:30:00-04:00,31.920000076293945,32.060001373291016,31.75,31.8700008392334,338093
2024-10-10 12:30:00-04:00,31.63010025024414,31.93000030517578,31.559999465942383,31.92009925842285,341399
2024-10-10 13:30:00-04:00,31.719999313354492,31.75,31.420000076293945,31.639999389648438,495988
2024-10-10 14:30:00-04:00,31.614999771118164,31.719999313354492,31.489999771118164,31.719999313354492,397881
2024-10-10 15:30:00-04:00,31.290000915527344,31.614999771118164,31.219999313354492,31.611000061035156,774660
2024-10-11 09:30:00-04:00,30.020000457763672,30.350000381469727,28.600000381469727,30.0,2647618
2024-10-11 10:30:00-04:00,30.540000915527344,30.649999618530273,30.010000228881836,30.010000228881836,803217
2024-10-11 11:30:00-04:00,31.174999237060547,31.189899444580078,30.53809928894043,30.53809928894043,509484
2024-10-11 12:30:00-04:00,31.065000534057617,31.185100555419922,30.966999053955078,31.174999237060547,378348
2024-10-11 13:30:00-04:00,31.139999389648438,31.21500015258789,30.954999923706055,31.065000534057617,324082
2024-10-11 14:30:00-04:00,31.399999618530273,31.485000610351562,31.100000381469727,31.1200008392334,340759
2024-10-11 15:30:00-04:00,31.65999984741211,31.690000534057617,31.329999923706055,31.389999389648438,407731
2024-10-14 09:30:00-04:00,30.670000076293945,31.84000015258789,30.399999618530273,31.790000915527344,644938
2024-10-14 10:30:00-04:00,30.59000015258789,30.799999237060547,30.510299682617188,30.68000030517578,354143
2024-10-14 11:30:00-04:00,30.610000610351562,30.719600677490234,30.510000228881836,30.56999969482422,174372
2024-10-14 12:30:00-04:00,30.8700008392334,30.989900588989258,30.59000015258789,30.610000610351562,529812
2024-10-14 13:30:00-04:00,30.854999542236328,30.90999984741211,30.799999237060547,30.860000610351562,201583
2024-10-14 14:30:00-04:00,30.999099731445312,31.09000015258789,30.799999237060547,30.859500885009766,304332
2024-10-14 15:30:00-04:00,31.049999237060547,31.114999771118164,30.950000762939453,30.9950008392334,433102
2024-10-15 09:30:00-04:00,31.010000228881836,31.3799991607666,30.709999084472656,31.100000381469727,377713
2024-10-15 10:30:00-04:00,31.719999313354492,31.83799934387207,30.800399780273438,30.989999771118164,431899
2024-10-15 11:30:00-04:00,32.037899017333984,32.130001068115234,31.530000686645508,31.709999084472656,370690
2024-10-15 12:30:00-04:00,31.989999771118164,32.08000183105469,31.790000915527344,32.040000915527344,196439
2024-10-15 13:30:00-04:00,32.2400016784668,32.25,31.950000762939453,31.989999771118164,295907
2024-10-15 14:30:00-04:00,32.28099822998047,32.349998474121094,32.13999938964844,32.25,318497
2024-10-15 15:30:00-04:00,32.13999938964844,32.29999923706055,31.969999313354492,32.290000915527344,628362
2024-10-16 09:30:00-04:00,31.2549991607666,32.15999984741211,30.75,31.93000030517578,626024
2024-10-16 10:30:00-04:00,31.424999237060547,31.520000457763672,31.075000762939453,31.2549991607666,214150
2024-10-16 11:30:00-04:00,31.405000686645508,31.43000030517578,31.18000030517578,31.399999618530273,271562
2024-10-16 12:30:00-04:00,31.024999618530273,31.40999984741211,31.024999618530273,31.409700393676758,205118
2024-10-16 13:30:00-04:00,31.079999923706055,31.1299991607666,30.95009994506836,31.020000457763672,215763
2024-10-16 14:30:00-04:00,31.010000228881836,31.110000610351562,30.86009979248047,31.092500686645508,237759
2024-10-16 15:30:00-04:00,30.950000762939453,31.040000915527344,30.889999389648438,31.010000228881836,383782
2024-10-17 09:30:00-04:00,30.5,31.06999969482422,30.280000686645508,31.059999465942383,520475
2024-10-17 10:30:00-04:00,30.350000381469727,30.549999237060547,30.15999984741211,30.4950008392334,377840
2024-10-17 11:30:00-04:00,30.209999084472656,30.510000228881836,30.18000030517578,30.350000381469727,270075
2024-10-17 12:30:00-04:00,30.209999084472656,30.280000686645508,30.010000228881836,30.209999084472656,244332
2024-10-17 13:30:00-04:00,30.280000686645508,30.329999923706055,30.149999618530273,30.190000534057617,165694
2024-10-17 14:30:00-04:00,30.15999984741211,30.35580062866211,30.15999984741211,30.270000457763672,204723
2024-10-17 15:30:00-04:00,30.010000228881836,30.170000076293945,29.940000534057617,30.15999984741211,393462
2024-10-18 09:30:00-04:00,28.81999969482422,29.343700408935547,28.600000381469727,28.8700008392334,1216061
2024-10-18 10:30:00-04:00,28.174999237060547,28.8799991607666,28.1299991607666,28.81999969482422,974368
2024-10-18 11:30:00-04:00,28.090099334716797,28.200000762939453,27.670000076293945,28.174999237060547,1161748
2024-10-18 12:30:00-04:00,27.989999771118164,28.18000030517578,27.940000534057617,28.100000381469727,408423
2024-10-18 13:30:00-04:00,27.854999542236328,28.024999618530273,27.80109977722168,27.989999771118164,572870
2024-10-18 14:30:00-04:00,27.700000762939453,27.8799991607666,27.6200008392334,27.850000381469727,635221
2024-10-18 15:30:00-04:00,27.899999618530273,28.010000228881836,27.645000457763672,27.700000762939453,1295988
2024-10-21 09:30:00-04:00,26.68000030517578,27.31999969482422,26.329999923706055,26.700000762939453,2020655
2024-10-21 10:30:00-04:00,26.3799991607666,26.90489959716797,26.280399322509766,26.699899673461914,756862
2024-10-21 11:30:00-04:00,26.480899810791016,26.780000686645508,26.329999923706055,26.374000549316406,520923
2024-10-21 12:30:00-04:00,26.799999237060547,26.850000381469727,26.3799991607666,26.5,563992
2024-10-21 13:30:00-04:00,26.80500030517578,26.920000076293945,26.700000762939453,26.799999237060547,358929
2024-10-21 14:30:00-04:00,26.565799713134766,26.81999969482422,26.540000915527344,26.799999237060547,423291
2024-10-21 15:30:00-04:00,26.8700008392334,26.90999984741211,26.549999237060547,26.566499710083008,704356
2024-10-22 09:30:00-04:00,26.540000915527344,27.5,26.5,26.889999389648438,847730
2024-10-22 10:30:00-04:00,26.489999771118164,26.75,26.33009910583496,26.549999237060547,373166
2024-10-22 11:30:00-04:00,26.4950008392334,26.6200008392334,26.44499969482422,26.479999542236328,171120
2024-10-22 12:30:00-04:00,26.59000015258789,26.6299991607666,26.299999237060547,26.489999771118164,369147
2024-10-22 13:30:00-04:00,26.639999389648438,26.770000457763672,26.540000915527344,26.600000381469727,222553
2024-10-22 14:30:00-04:00,26.701000213623047,26.719999313354492,26.6200008392334,26.639999389648438,175060
2024-10-22 15:30:00-04:00,26.399999618530273,26.71619987487793,26.399999618530273,26.704999923706055,414196
2024-10-23 09:30:00-04:00,26.60099983215332,26.799999237060547,26.3700008392334,26.3799991607666,397543
2024-10-23 10:30:00-04:00,26.049999237060547,26.719999313354492,26.010000228881836,26.610000610351562,626248
2024-10-23 11:30:00-04:00,25.96500015258789,26.1299991607666,25.790000915527344,26.045000076293945,630143
2024-10-23 12:30:00-04:00,26.077499389648438,26.09000015258789,25.851999282836914,25.950000762939453,229024
2024-10-23 13:30:00-04:00,26.15999984741211,26.190000534057617,25.93000030517578,26.075000762939453,355010
2024-10-23 14:30:00-04:00,26.01099967956543,26.239999771118164,25.959999084472656,26.15999984741211,345096
2024-10-23 15:30:00-04:00,26.06999969482422,26.094999313354492,25.989999771118164,26.020000457763672,513858
2024-10-24 09:30:00-04:00,26.594999313354492,27.040000915527344,26.1200008392334,26.469999313354492,794793
2024-10-24 10:30:00-04:00,26.389999389648438,26.690000534057617,26.299999237060547,26.59000015258789,202462
2024-10-24 11:30:00-04:00,26.329999923706055,26.43950080871582,26.170000076293945,26.399999618530273,130938
2024-10-24 12:30:00-04:00,26.209999084472656,26.415000915527344,26.149999618530273,26.33880043029785,125096
2024-10-24 13:30:00-04:00,26.299999237060547,26.329999923706055,26.170000076293945,26.222000122070312,161218
2024-10-24 14:30:00-04:00,26.18000030517578,26.309999465942383,26.06999969482422,26.299999237060547,234086
2024-10-24 15:30:00-04:00,26.1200008392334,26.2549991607666,26.1200008392334,26.18000030517578,318678
2024-10-25 09:30:00-04:00,26.790000915527344,26.864999771118164,25.930099487304688,26.190000534057617,454862
2024-10-25 10:30:00-04:00,26.570499420166016,26.850000381469727,26.559999465942383,26.780000686645508,399641
2024-10-25 11:30:00-04:00,26.55500030517578,26.604999542236328,26.479999542236328,26.579999923706055,141988
2024-10-25 12:30:00-04:00,26.389999389648438,26.56999969482422,26.360000610351562,26.55500030517578,130146
2024-10-25 13:30:00-04:00,26.479999542236328,26.56999969482422,26.360000610351562,26.3799991607666,209840
2024-10-25 14:30:00-04:00,26.579999923706055,26.729999542236328,26.420000076293945,26.485000610351562,258659
2024-10-25 15:30:00-04:00,26.729999542236328,26.979999542236328,26.56800079345703,26.59000015258789,1340462
2024-10-28 09:30:00-04:00,27.170000076293945,27.489999771118164,27.06999969482422,27.299999237060547,719883
2024-10-28 10:30:00-04:00,27.295000076293945,27.440000534057617,27.049999237060547,27.177499771118164,455024
2024-10-28 11:30:00-04:00,27.114999771118164,27.309999465942383,27.079999923706055,27.299999237060547,238319
2024-10-28 12:30:00-04:00,27.19969940185547,27.270000457763672,27.079999923706055,27.118040084838867,212006
2024-10-28 13:30:00-04:00,27.144500732421875,27.209999084472656,27.100000381469727,27.200000762939453,267209
2024-10-28 14:30:00-04:00,27.084999084472656,27.31999969482422,27.079999923706055,27.145000457763672,204745
2024-10-28 15:30:00-04:00,27.040000915527344,27.209999084472656,27.010000228881836,27.09000015258789,467302
2024-10-29 09:30:00-04:00,27.219999313354492,27.399999618530273,26.510000228881836,26.950000762939453,433560
2024-10-29 10:30:00-04:00,27.610000610351562,27.670000076293945,27.200000762939453,27.235000610351562,220404
2024-10-29 11:30:00-04:00,27.71500015258789,27.790000915527344,27.5,27.617774963378906,307632
2024-10-29 12:30:00-04:00,27.8700008392334,27.920000076293945,27.65999984741211,27.71500015258789,321949
2024-10-29 13:30:00-04:00,28.251699447631836,28.34000015258789,27.790000915527344,27.8799991607666,425943
2024-10-29 14:30:00-04:00,28.277999877929688,28.299999237060547,28.15999984741211,28.260000228881836,315516
2024-10-29 15:30:00-04:00,28.270000457763672,28.299999237060547,28.125,28.274999618530273,507986
2024-10-30 09:30:00-04:00,28.665000915527344,28.850000381469727,27.979999542236328,28.5,873017
2024-10-30 10:30:00-04:00,28.954999923706055,28.989999771118164,28.559999465942383,28.670000076293945,600776
2024-10-30 11:30:00-04:00,29.219999313354492,29.219999313354492,28.860000610351562,28.954999923706055,355050
2024-10-30 12:30:00-04:00,29.20829963684082,29.309999465942383,29.109899520874023,29.200000762939453,357264
2024-10-30 13:30:00-04:00,29.449499130249023,29.489999771118164,29.170000076293945,29.200000762939453,264525
2024-10-30 14:30:00-04:00,29.395000457763672,29.530000686645508,29.209999084472656,29.44499969482422,535815
2024-10-30 15:30:00-04:00,29.219999313354492,29.3799991607666,29.190000534057617,29.3799991607666,514325
2024-10-31 09:30:00-04:00,28.190000534057617,29.170000076293945,27.860000610351562,28.940000534057617,620255
2024-10-31 10:30:00-04:00,28.059999465942383,28.209999084472656,27.65999984741211,28.139999389648438,399964
2024-10-31 11:30:00-04:00,28.0,28.1299991607666,27.940000534057617,28.049999237060547,155019
2024-10-31 12:30:00-04:00,28.099700927734375,28.21500015258789,27.940000534057617,28.0,141908
2024-10-31 13:30:00-04:00,28.059999465942383,28.135000228881836,27.93000030517578,28.084999084472656,159943
2024-10-31 14:30:00-04:00,27.934999465942383,28.059999465942383,27.899999618530273,28.049999237060547,162642
2024-10-31 15:30:00-04:00,27.639999389648438,27.950000762939453,27.639999389648438,27.934999465942383,494956
2024-11-01 09:30:00-04:00,28.1299991607666,28.360000610351562,27.68000030517578,27.81999969482422,328592
2024-11-01 10:30:00-04:00,28.31999969482422,28.322500228881836,28.059999465942383,28.149999618530273,137936
2024-11-01 11:30:00-04:00,28.129899978637695,28.309999465942383,28.09000015258789,28.309999465942383,155086
2024-11-01 12:30:00-04:00,27.940000534057617,28.139999389648438,27.809999465942383,28.100000381469727,156714
2024-11-01 13:30:00-04:00,27.700000762939453,27.979999542236328,27.670000076293945,27.959999084472656,247623
2024-11-01 14:30:00-04:00,27.93000030517578,28.0,27.690000534057617,27.700000762939453,176353
2024-11-01 15:30:00-04:00,27.8799991607666,28.010000228881836,27.829999923706055,27.93000030517578,307144
2024-11-04 09:30:00-05:00,27.420000076293945,27.979999542236328,27.220199584960938,27.649999618530273,496858
2024-11-04 10:30:00-05:00,27.649999618530273,27.843700408935547,27.43000030517578,27.434999465942383,308659
2024-11-04 11:30:00-05:00,27.639999389648438,27.649999618530273,27.4950008392334,27.649999618530273,173223
2024-11-04 12:30:00-05:00,27.649999618530273,27.739999771118164,27.579999923706055,27.639999389648438,142023
2024-11-04 13:30:00-05:00,27.5049991607666,27.729999542236328,27.480100631713867,27.649999618530273,176998
2024-11-04 14:30:00-05:00,27.31999969482422,27.514999389648438,27.260000228881836,27.489999771118164,280087
2024-11-04 15:30:00-05:00,27.43000030517578,27.510000228881836,27.274999618530273,27.309999465942383,417619
2024-11-05 09:30:00-05:00,28.670000076293945,28.860000610351562,27.559999465942383,27.610000610351562,467391
2024-11-05 10:30:00-05:00,28.8799991607666,29.0,28.6200008392334,28.65999984741211,478393
2024-11-05 11:30:00-05:00,28.799999237060547,28.899999618530273,28.729999542236328,28.875,267353
2024-11-05 12:30:00-05:00,28.81999969482422,28.860000610351562,28.709999084472656,28.795000076293945,236160
2024-11-05 13:30:00-05:00,29.065000534057617,29.1200008392334,28.75,28.809999465942383,339455
2024-11-05 14:30:00-05:00,28.989999771118164,29.264999389648438,28.9335994720459,29.065000534057617,562818
2024-11-05 15:30:00-05:00,29.040000915527344,29.045000076293945,28.90999984741211,28.989999771118164,529250
2024-11-06 09:30:00-05:00,30.879899978637695,31.349899291992188,30.299999237060547,30.729999542236328,1102563
2024-11-06 10:30:00-05:00,30.75,31.124000549316406,30.62030029296875,30.850000381469727,475962
2024-11-06 11:30:00-05:00,30.91990089416504,30.920000076293945,30.6200008392334,30.75,327798
2024-11-06 12:30:00-05:00,31.30500030517578,31.329999923706055,30.889999389648438,30.90999984741211,308660
2024-11-06 13:30:00-05:00,31.610000610351562,31.614999771118164,31.270000457763672,31.31999969482422,305964
2024-11-06 14:30:00-05:00,31.625,31.799999237060547,31.56999969482422,31.610000610351562,455535
2024-11-06 15:30:00-05:00,31.8700008392334,31.8799991607666,31.600000381469727,31.6299991607666,479237
2024-11-07 09:30:00-05:00,32.72999954223633,32.85350036621094,32.25,32.40999984741211,700549
2024-11-07 10:30:00-05:00,32.775001525878906,32.849998474121094,32.41999816894531,32.72999954223633,487291
2024-11-07 11:30:00-05:00,33.15999984741211,33.2400016784668,32.779998779296875,32.779998779296875,673538
2024-11-07 12:30:00-05:00,33.59000015258789,33.59000015258789,33.130001068115234,33.165000915527344,581328
2024-11-07 13:30:00-05:00,33.7599983215332,33.88999938964844,33.56999969482422,33.56999969482422,315501
2024-11-07 14:30:00-05:00,34.31999969482422,34.379798889160156,33.77000045776367,33.77000045776367,492631
2024-11-07 15:30:00-05:00,34.2599983215332,34.470001220703125,34.099998474121094,34.31999969482422,823085
2024-11-08 09:30:00-05:00,35.099998474121094,35.95000076293945,34.97999954223633,35.20000076293945,2074234
2024-11-08 10:30:00-05:00,35.41999816894531,35.56999969482422,34.540000915527344,35.119998931884766,839389
2024-11-08 11:30:00-05:00,35.2599983215332,35.470001220703125,34.93199920654297,35.43000030517578,502082
2024-11-08 12:30:00-05:00,35.119998931884766,35.380001068115234,35.084999084472656,35.25,624423
2024-11-08 13:30:00-05:00,35.26789855957031,35.29499816894531,34.880001068115234,35.119998931884766,453426
2024-11-08 14:30:00-05:00,35.630001068115234,35.709999084472656,35.220001220703125,35.2599983215332,447359
2024-11-08 15:30:00-05:00,35.58000183105469,35.84000015258789,35.58000183105469,35.630001068115234,839235
2024-11-11 09:30:00-05:00,37.55720138549805,38.20000076293945,36.209999084472656,37.599998474121094,2160787
2024-11-11 10:30:00-05:00,37.243099212646484,37.900001525878906,37.18000030517578,37.599998474121094,818215
2024-11-11 11:30:00-05:00,37.06999969482422,37.2599983215332,36.959999084472656,37.220001220703125,568285
2024-11-11 12:30:00-05:00,36.67499923706055,37.130001068115234,36.529998779296875,37.08000183105469,463690
2024-11-11 13:30:00-05:00,36.68000030517578,36.86000061035156,36.5099983215332,36.68000030517578,561541
2024-11-11 14:30:00-05:00,36.709999084472656,36.90999984741211,36.33000183105469,36.68000030517578,831415
2024-11-11 15:30:00-05:00,36.77000045776367,37.09000015258789,36.63999938964844,36.709999084472656,1400694
2024-11-12 09:30:00-05:00,30.96500015258789,34.20000076293945,30.440000534057617,33.29999923706055,5203632
2024-11-12 10:30:00-05:00,30.405000686645508,31.3700008392334,30.200000762939453,30.96500015258789,2426535
2024-11-12 11:30:00-05:00,29.479999542236328,30.610000610351562,29.375,30.405000686645508,3029667
2024-11-12 12:30:00-05:00,29.114999771118164,29.5,28.75,29.479999542236328,1522441
2024-11-12 13:30:00-05:00,29.149999618530273,29.329999923706055,28.850000381469727,29.1200008392334,1506327
2024-11-12 14:30:00-05:00,28.334999084472656,29.389999389648438,28.266799926757812,29.139999389648438,1760691
2024-11-12 15:30:00-05:00,28.219999313354492,28.440000534057617,27.920000076293945,28.334999084472656,2968488
2024-11-13 09:30:00-05:00,27.18000030517578,28.510000228881836,26.709999084472656,28.350000381469727,4299430
2024-11-13 10:30:00-05:00,26.549999237060547,27.184999465942383,26.17840003967285,27.170000076293945,1739775
2024-11-13 11:30:00-05:00,26.219999313354492,26.719999313354492,25.719999313354492,26.549999237060547,1823013
2024-11-13 12:30:00-05:00,25.520000457763672,26.329999923706055,25.280000686645508,26.190000534057617,1562855
2024-11-13 13:30:00-05:00,22.079999923706055,25.969999313354492,22.0,25.520000457763672,8839481
2024-11-13 14:30:00-05:00,20.7450008392334,22.190000534057617,18.399999618530273,22.100000381469727,15280060
2024-11-13 15:30:00-05:00,17.739999771118164,20.760000228881836,17.190000534057617,20.75979995727539,9804845
2024-11-14 09:30:00-05:00,17.649999618530273,19.1200008392334,16.155000686645508,19.1200008392334,14340884
2024-11-14 10:30:00-05:00,17.749900817871094,18.329999923706055,17.139999389648438,17.68000030517578,4382349
2024-11-14 11:30:00-05:00,17.40999984741211,17.856000900268555,17.270000457763672,17.739999771118164,2528534
2024-11-14 12:30:00-05:00,16.989999771118164,17.549999237060547,16.799999237060547,17.40999984741211,2601211
2024-11-14 13:30:00-05:00,17.139999389648438,17.299999237060547,16.940000534057617,16.985000610351562,1841174
2024-11-14 14:30:00-05:00,17.08209991455078,17.149999618530273,16.709999084472656,17.139999389648438,3149788
2024-11-14 15:30:00-05:00,17.389999389648438,17.739999771118164,16.8799991607666,17.0851993560791,4296173
2024-11-15 09:30:00-05:00,17.104999542236328,20.020000457763672,16.65999984741211,20.020000457763672,10804285
2024-11-15 10:30:00-05:00,17.65999984741211,17.670000076293945,16.890100479125977,17.100000381469727,2046312
2024-11-15 11:30:00-05:00,17.59000015258789,18.020000457763672,17.469999313354492,17.649999618530273,2295371
2024-11-15 12:30:00-05:00,17.46500015258789,17.81999969482422,17.219999313354492,17.59000015258789,1587266
2024-11-15 13:30:00-05:00,17.149999618530273,17.489999771118164,17.0,17.459999084472656,1478760
2024-11-15 14:30:00-05:00,17.219999313354492,17.43000030517578,17.100000381469727,17.1299991607666,1499737
2024-11-15 15:30:00-05:00,17.600000381469727,17.77989959716797,17.1299991607666,17.229999542236328,3586907
2024-11-18 09:30:00-05:00,18.549999237060547,19.440000534057617,18.280000686645508,18.600000381469727,6158964
2024-11-18 10:30:00-05:00,19.415000915527344,19.469999313354492,18.549999237060547,18.549999237060547,2218349
2024-11-18 11:30:00-05:00,20.029699325561523,20.1200008392334,19.270000457763672,19.420000076293945,3952948
2024-11-18 12:30:00-05:00,19.795000076293945,20.049999237060547,19.65999984741211,20.026599884033203,1329291
2024-11-18 13:30:00-05:00,19.420000076293945,19.90999984741211,19.40999984741211,19.799999237060547,1196308
2024-11-18 14:30:00-05:00,19.59869956970215,19.739999771118164,19.3799991607666,19.420000076293945,971338
2024-11-18 15:30:00-05:00,19.559999465942383,19.957700729370117,19.43000030517578,19.59000015258789,2083362
2024-11-19 09:30:00-05:00,20.209999084472656,20.920000076293945,19.649999618530273,20.059999465942383,4590433
2024-11-19 10:30:00-05:00,20.12929916381836,20.350000381469727,19.655000686645508,20.200000762939453,1839057
2024-11-19 11:30:00-05:00,20.71500015258789,20.735000610351562,19.959999084472656,20.124300003051758,1234714
2024-11-19 12:30:00-05:00,20.700000762939453,20.899999618530273,20.59000015258789,20.709999084472656,1066696
2024-11-19 13:30:00-05:00,21.059999465942383,21.1299991607666,20.48240089416504,20.700000762939453,1232609
2024-11-19 14:30:00-05:00,21.690099716186523,21.700000762939453,20.950000762939453,21.059999465942383,1785130
2024-11-19 15:30:00-05:00,22.04990005493164,22.079999923706055,21.5,21.690000534057617,2103491
2024-11-20 09:30:00-05:00,23.59000015258789,25.5,22.450000762939453,23.229999542236328,8376207
2024-11-20 10:30:00-05:00,22.764999389648438,24.520000457763672,22.709999084472656,23.579999923706055,2887144
2024-11-20 11:30:00-05:00,23.559999465942383,23.780000686645508,22.760000228881836,22.764999389648438,2080783
2024-11-20 12:30:00-05:00,23.614999771118164,23.780000686645508,23.329999923706055,23.559999465942383,1070607
2024-11-20 13:30:00-05:00,24.0,24.270000457763672,23.5,23.625,1421242
2024-11-20 14:30:00-05:00,24.399999618530273,25.700000762939453,23.5,24.0,4467911
2024-11-20 15:30:00-05:00,23.100000381469727,24.399999618530273,22.959999084472656,24.3700008392334,3748952
2024-11-21 09:30:00-05:00,21.6299991607666,23.259899139404297,21.219999313354492,23.06999969482422,5265151
2024-11-21 10:30:00-05:00,22.260000228881836,22.298799514770508,21.43000030517578,21.6200008392334,1649060
2024-11-21 11:30:00-05:00,22.299999237060547,22.440000534057617,21.940000534057617,22.25,853682
2024-11-21 12:30:00-05:00,22.1299991607666,22.429899215698242,22.030000686645508,22.299999237060547,772481
2024-11-21 13:30:00-05:00,21.899999618530273,22.200000762939453,21.84000015258789,22.125,684012
2024-11-21 14:30:00-05:00,22.040000915527344,22.18000030517578,21.640100479125977,21.898799896240234,904280
2024-11-21 15:30:00-05:00,21.71500015258789,22.06999969482422,21.670000076293945,22.040000915527344,1090585
2024-11-22 09:30:00-05:00,21.25,21.962099075317383,20.670000076293945,20.84000015258789,4526162
2024-11-22 10:30:00-05:00,21.729999542236328,21.889999389648438,21.200000762939453,21.270000457763672,1102937
2024-11-22 11:30:00-05:00,21.8700008392334,21.989999771118164,21.690000534057617,21.709999084472656,668702
2024-11-22 12:30:00-05:00,22.25,22.5,21.766000747680664,21.854999542236328,1061900
2024-11-22 13:30:00-05:00,22.395000457763672,22.469999313354492,22.1200008392334,22.25,577595
2024-11-22 14:30:00-05:00,22.190000534057617,22.469999313354492,22.040000915527344,22.399999618530273,803137
2024-11-22 15:30:00-05:00,22.390199661254883,22.459999084472656,22.03499984741211,22.18000030517578,1329951
2024-11-25 09:30:00-05:00,21.889999389648438,22.979999542236328,20.93000030517578,22.90999984741211,3817320
2024-11-25 10:30:00-05:00,22.15999984741211,22.40999984741211,21.749900817871094,21.889999389648438,1204886
2024-11-25 11:30:00-05:00,21.510000228881836,22.489999771118164,21.489999771118164,22.170000076293945,785875
2024-11-25 12:30:00-05:00,21.790000915527344,21.889999389648438,21.510000228881836,21.510000228881836,548980
2024-11-25 13:30:00-05:00,21.440000534057617,21.78499984741211,21.43000030517578,21.780000686645508,543405
2024-11-25 14:30:00-05:00,20.90999984741211,21.440000534057617,20.905000686645508,21.440000534057617,987983
2024-11-25 15:30:00-05:00,21.25,21.31999969482422,20.8799991607666,20.920000076293945,1479715
2024-11-26 09:30:00-05:00,21.344999313354492,21.850000381469727,21.100000381469727,21.200000762939453,1493560
2024-11-26 10:30:00-05:00,21.219999313354492,21.59000015258789,21.149999618530273,21.34000015258789,583527
2024-11-26 11:30:00-05:00,21.170000076293945,21.229999542236328,20.950000762939453,21.225000381469727,736576
2024-11-26 12:30:00-05:00,21.059999465942383,21.270000457763672,21.045000076293945,21.165000915527344,361258
2024-11-26 13:30:00-05:00,20.790000915527344,21.06999969482422,20.639999389648438,21.049999237060547,1160857
2024-11-26 14:30:00-05:00,20.360000610351562,20.80500030517578,20.360000610351562,20.790000915527344,1392201
2024-11-26 15:30:00-05:00,20.06999969482422,20.415000915527344,19.979999542236328,20.360000610351562,2724443
2024-11-27 09:30:00-05:00,20.0,20.569900512695312,19.829999923706055,20.139999389648438,1549282
2024-11-27 10:30:00-05:00,19.790000915527344,20.274900436401367,19.719999313354492,19.9950008392334,1022208
2024-11-27 11:30:00-05:00,19.739999771118164,19.8799991607666,19.65999984741211,19.790000915527344,870761
2024-11-27 12:30:00-05:00,19.655000686645508,19.770000457763672,19.610000610351562,19.739999771118164,961572
2024-11-27 13:30:00-05:00,20.155000686645508,20.239700317382812,19.639999389648438,19.655000686645508,819671
2024-11-27 14:30:00-05:00,20.270000457763672,20.450000762939453,20.120100021362305,20.145000457763672,823992
2024-11-27 15:30:00-05:00,20.200000762939453,20.399999618530273,20.190000534057617,20.270000457763672,1492350
2024-11-29 09:30:00-05:00,21.309999465942383,21.729999542236328,20.709999084472656,20.739999771118164,2637846
2024-11-29 10:30:00-05:00,21.399999618530273,21.700000762939453,21.213499069213867,21.334999084472656,833070
2024-11-29 11:30:00-05:00,21.239999771118164,21.420000076293945,20.920000076293945,21.389999389648438,1044699
2024-12-02 09:30:00-05:00,24.219999313354492,24.559999465942383,21.1299991607666,21.299999237060547,5465609
2024-12-02 10:30:00-05:00,24.510000228881836,24.649999618530273,23.780000686645508,24.209999084472656,2304897
2024-12-02 11:30:00-05:00,24.709999084472656,24.860000610351562,24.479999542236328,24.520000457763672,1302413
2024-12-02 12:30:00-05:00,24.440000534057617,24.780000686645508,24.420000076293945,24.700000762939453,1358894
2024-12-02 13:30:00-05:00,24.190000534057617,24.549999237060547,24.1200008392334,24.440000534057617,1150965
2024-12-02 14:30:00-05:00,24.1200008392334,24.299999237060547,23.8700008392334,24.190000534057617,1341284
2024-12-02 15:30:00-05:00,24.014999389648438,24.350000381469727,24.010000228881836,24.1200008392334,1765459
2024-12-03 09:30:00-05:00,25.553600311279297,25.959999084472656,23.020000457763672,23.239999771118164,4771141
2024-12-03 10:30:00-05:00,25.139999389648438,25.799999237060547,24.850000381469727,25.565000534057617,1695194
2024-12-03 11:30:00-05:00,24.434999465942383,25.15999984741211,24.309999465942383,25.1299991607666,1433529
2024-12-03 12:30:00-05:00,24.309999465942383,24.489999771118164,24.219999313354492,24.43000030517578,607061
2024-12-03 13:30:00-05:00,24.100000381469727,24.43000030517578,24.020000457763672,24.309999465942383,514852
2024-12-03 14:30:00-05:00,23.979999542236328,24.15999984741211,23.8799991607666,24.094999313354492,597935
2024-12-03 15:30:00-05:00,23.940000534057617,24.148000717163086,23.899999618530273,23.985000610351562,1352304
2024-12-04 09:30:00-05:00,27.079999923706055,27.790000915527344,24.229999542236328,24.239999771118164,5874576
2024-12-04 10:30:00-05:00,26.6200008392334,27.280000686645508,25.799999237060547,27.042699813842773,2079687
2024-12-04 11:30:00-05:00,26.040000915527344,26.989999771118164,26.010000228881836,26.6200008392334,1302304
2024-12-04 12:30:00-05:00,25.8700008392334,26.059999465942383,25.6299991607666,26.030000686645508,699676
2024-12-04 13:30:00-05:00,26.420000076293945,26.429500579833984,25.729999542236328,25.87660026550293,742378
2024-12-04 14:30:00-05:00,26.44499969482422,26.559999465942383,26.200000762939453,26.43000030517578,850501
2024-12-04 15:30:00-05:00,26.290000915527344,26.539899826049805,26.274999618530273,26.44499969482422,1108442
2024-12-05 09:30:00-05:00,26.549999237060547,26.690000534057617,25.149999618530273,26.329999923706055,3630291
2024-12-05 10:30:00-05:00,25.96109962463379,26.600000381469727,25.8799991607666,26.490100860595703,882504
2024-12-05 11:30:00-05:00,26.11319923400879,26.379899978637695,25.809999465942383,25.950000762939453,640058
2024-12-05 12:30:00-05:00,25.84000015258789,26.11989974975586,25.799999237060547,26.112199783325195,456444
2024-12-05 13:30:00-05:00,25.84000015258789,25.906999588012695,25.555500030517578,25.844999313354492,533857
2024-12-05 14:30:00-05:00,25.739999771118164,25.860000610351562,25.55500030517578,25.84000015258789,541622
2024-12-05 15:30:00-05:00,25.799999237060547,26.139999389648438,25.59000015258789,25.7450008392334,1135776
2024-12-06 09:30:00-05:00,26.28499984741211,26.469999313354492,25.450000762939453,25.940000534057617,1700155
2024-12-06 10:30:00-05:00,26.31999969482422,26.940000534057617,26.15999984741211,26.299999237060547,1062959
2024-12-06 11:30:00-05:00,26.780000686645508,26.8700008392334,26.260000228881836,26.31999969482422,451026
2024-12-06 12:30:00-05:00,26.579999923706055,26.790000915527344,26.25,26.786500930786133,456721
2024-12-06 13:30:00-05:00,26.03499984741211,26.559999465942383,25.809999465942383,26.559999465942383,548153
2024-12-06 14:30:00-05:00,26.040000915527344,26.065000534057617,25.739999771118164,26.040000915527344,569378
2024-12-06 15:30:00-05:00,26.170000076293945,26.219999313354492,25.8799991607666,26.03499984741211,817229
2024-12-09 09:30:00-05:00,24.350000381469727,26.1200008392334,23.81999969482422,26.100000381469727,3182759
2024-12-09 10:30:00-05:00,24.113500595092773,24.53529930114746,23.75,24.34000015258789,1920978
2024-12-09 11:30:00-05:00,23.947900772094727,24.139999389648438,23.670000076293945,24.114999771118164,1390488
2024-12-09 12:30:00-05:00,23.899999618530273,24.09000015258789,23.799999237060547,23.947599411010742,613819
2024-12-09 13:30:00-05:00,23.290000915527344,24.040000915527344,23.25,23.90999984741211,1401963
2024-12-09 14:30:00-05:00,22.989999771118164,23.489900588989258,22.989999771118164,23.28499984741211,1042040
2024-12-09 15:30:00-05:00,22.950000762939453,23.280000686645508,22.800100326538086,22.989999771118164,1975129
2024-12-10 09:30:00-05:00,22.56999969482422,23.2593994140625,21.600000381469727,22.0,3730026
2024-12-10 10:30:00-05:00,21.899999618530273,22.645000457763672,21.790000915527344,22.525699615478516,1265758
2024-12-10 11:30:00-05:00,22.290000915527344,22.290000915527344,21.829999923706055,21.899999618530273,1007262
2024-12-10 12:30:00-05:00,22.155000686645508,22.469999313354492,21.979999542236328,22.280000686645508,622107
2024-12-10 13:30:00-05:00,22.0,22.200000762939453,21.8700008392334,22.149999618530273,591680
2024-12-10 14:30:00-05:00,21.540000915527344,22.0,21.44499969482422,21.990800857543945,886996
2024-12-10 15:30:00-05:00,21.450000762939453,21.55500030517578,21.385000228881836,21.53700065612793,1197288
2024-12-11 09:30:00-05:00,21.325000762939453,21.8700008392334,21.040000915527344,21.299999237060547,2220271
2024-12-11 10:30:00-05:00,21.079999923706055,21.3700008392334,21.054399490356445,21.325000762939453,731794
2024-12-11 11:30:00-05:00,21.079999923706055,21.200000762939453,20.8700008392334,21.06999969482422,961149
2024-12-11 12:30:00-05:00,21.014999389648438,21.10759925842285,20.950000762939453,21.079999923706055,557255
2024-12-11 13:30:00-05:00,20.940000534057617,21.190000534057617,20.899999618530273,21.024999618530273,768961
2024-12-11 14:30:00-05:00,20.97279930114746,21.079999923706055,20.920000076293945,20.950000762939453,630462
2024-12-11 15:30:00-05:00,21.530000686645508,21.695600509643555,20.860000610351562,20.975000381469727,1550357
2024-12-12 09:30:00-05:00,21.479999542236328,21.59000015258789,20.790000915527344,20.920000076293945,1708225
2024-12-12 10:30:00-05:00,21.56999969482422,21.729999542236328,21.3799991607666,21.489999771118164,711424
2024-12-12 11:30:00-05:00,21.674999237060547,21.674999237060547,21.360000610351562,21.579999923706055,570911
2024-12-12 12:30:00-05:00,22.299999237060547,22.34000015258789,21.6200008392334,21.670000076293945,758638
2024-12-12 13:30:00-05:00,22.09000015258789,22.40999984741211,22.010499954223633,22.290000915527344,763225
2024-12-12 14:30:00-05:00,21.65999984741211,22.190000534057617,21.645000457763672,22.079999923706055,852720
2024-12-12 15:30:00-05:00,21.760000228881836,21.950000762939453,21.68000030517578,21.68000030517578,903565
2024-12-13 09:30:00-05:00,22.454999923706055,22.700000762939453,21.3705997467041,21.450000762939453,2025732
2024-12-13 10:30:00-05:00,22.229999542236328,22.516399383544922,21.649999618530273,22.440000534057617,826378
2024-12-13 11:30:00-05:00,22.610000610351562,22.860000610351562,22.239999771118164,22.239999771118164,536324
2024-12-13 12:30:00-05:00,22.655000686645508,22.690000534057617,22.440000534057617,22.600000381469727,419296
2024-12-13 13:30:00-05:00,22.65999984741211,22.71500015258789,22.500999450683594,22.659000396728516,370860
2024-12-13 14:30:00-05:00,22.3799991607666,22.68000030517578,22.1299991607666,22.665000915527344,534097
2024-12-13 15:30:00-05:00,22.329999923706055,22.540000915527344,22.31999969482422,22.3799991607666,772252
2024-12-16 09:30:00-05:00,21.30500030517578,22.200000762939453,21.1299991607666,21.81999969482422,1852731
2024-12-16 10:30:00-05:00,21.489999771118164,21.783700942993164,21.25,21.299999237060547,931497
2024-12-16 11:30:00-05:00,21.459999084472656,21.690000534057617,21.3700008392334,21.489299774169922,471515
2024-12-16 12:30:00-05:00,21.530399322509766,21.6299991607666,21.3700008392334,21.459999084472656,435792
2024-12-16 13:30:00-05:00,21.486900329589844,21.700000762939453,21.389999389648438,21.540000915527344,451603
2024-12-16 14:30:00-05:00,21.52090072631836,21.65999984741211,21.44499969482422,21.485000610351562,451480
2024-12-16 15:30:00-05:00,21.520000457763672,21.610000610351562,21.372299194335938,21.520000457763672,829684
2024-12-17 09:30:00-05:00,21.079999923706055,21.579999923706055,20.790000915527344,20.8799991607666,1708324
2024-12-17 10:30:00-05:00,21.029399871826172,21.139999389648438,20.854999542236328,21.075000762939453,516521
2024-12-17 11:30:00-05:00,21.125,21.25,20.920000076293945,21.040000915527344,397093
2024-12-17 12:30:00-05:00,20.889999389648438,21.139999389648438,20.8700008392334,21.125,353570
2024-12-17 13:30:00-05:00,20.309999465942383,20.975000381469727,20.260000228881836,20.899999618530273,888873
2024-12-17 14:30:00-05:00,20.489999771118164,20.760000228881836,20.25,20.31999969482422,1048949
2024-12-17 15:30:00-05:00,20.30500030517578,20.479999542236328,20.170000076293945,20.479999542236328,1401091
2024-12-18 09:30:00-05:00,20.44499969482422,20.540000915527344,19.770000457763672,20.100000381469727,1773085
2024-12-18 10:30:00-05:00,20.489999771118164,20.700000762939453,20.315000534057617,20.450000762939453,653451
2024-12-18 11:30:00-05:00,20.530000686645508,20.649999618530273,20.459999084472656,20.510000228881836,450341
2024-12-18 12:30:00-05:00,20.73200035095215,20.799999237060547,20.530000686645508,20.530000686645508,382869
2024-12-18 13:30:00-05:00,20.100000381469727,20.799999237060547,20.079999923706055,20.739999771118164,584288
2024-12-18 14:30:00-05:00,19.515899658203125,20.239999771118164,19.489999771118164,20.100000381469727,1144248
2024-12-18 15:30:00-05:00,19.309999465942383,19.549999237060547,18.8700008392334,19.500099182128906,2134642
2024-12-19 09:30:00-05:00,18.940000534057617,20.139999389648438,18.899999618530273,19.399999618530273,1869638
2024-12-19 10:30:00-05:00,19.049999237060547,19.076499938964844,18.799999237060547,18.944700241088867,1619912
2024-12-19 11:30:00-05:00,18.979999542236328,19.299999237060547,18.959999084472656,19.049999237060547,737588
2024-12-19 12:30:00-05:00,19.149999618530273,19.260000228881836,18.84000015258789,18.979999542236328,759029
2024-12-19 13:30:00-05:00,19.15999984741211,19.225000381469727,19.059999465942383,19.149999618530273,546304
2024-12-19 14:30:00-05:00,19.350000381469727,19.399999618530273,19.049999237060547,19.15999984741211,730284
2024-12-19 15:30:00-05:00,19.06999969482422,19.3700008392334,19.020000457763672,19.34000015258789,809104
2024-12-20 09:30:00-05:00,19.235000610351562,19.299999237060547,18.540000915527344,18.700000762939453,1616714
2024-12-20 10:30:00-05:00,19.420000076293945,19.520000457763672,19.149999618530273,19.2450008392334,501651
2024-12-20 11:30:00-05:00,19.479999542236328,19.540000915527344,19.309999465942383,19.405000686645508,514165
2024-12-20 12:30:00-05:00,19.273799896240234,19.489999771118164,19.26729965209961,19.479999542236328,616690
2024-12-20 13:30:00-05:00,19.465999603271484,19.475000381469727,19.260000228881836,19.270000457763672,462892
2024-12-20 14:30:00-05:00,19.260000228881836,19.479999542236328,19.25,19.459999084472656,569718
2024-12-20 15:30:00-05:00,19.389999389648438,19.489999771118164,19.165000915527344,19.264999389648438,1676887
2024-12-23 09:30:00-05:00,18.809999465942383,19.440000534057617,18.479999542236328,19.31999969482422,1798985
2024-12-23 10:30:00-05:00,19.075000762939453,19.1299991607666,18.815000534057617,18.815000534057617,454408
2024-12-23 11:30:00-05:00,19.059999465942383,19.190000534057617,18.90999984741211,19.075000762939453,372500
2024-12-23 12:30:00-05:00,18.8799991607666,19.100000381469727,18.860000610351562,19.05500030517578,305615
2024-12-23 13:30:00-05:00,18.614999771118164,18.90999984741211,18.56999969482422,18.885000228881836,445551
2024-12-23 14:30:00-05:00,18.65999984741211,18.75,18.510000228881836,18.610000610351562,658188
2024-12-23 15:30:00-05:00,18.719999313354492,18.860000610351562,18.653200149536133,18.65999984741211,644382
2024-12-24 09:30:00-05:00,18.59000015258789,18.920000076293945,18.06999969482422,18.360000610351562,1224140
2024-12-24 10:30:00-05:00,18.584999084472656,18.68000030517578,18.479999542236328,18.600000381469727,714695
2024-12-24 11:30:00-05:00,18.735000610351562,18.780000686645508,18.55500030517578,18.579999923706055,492837
2024-12-26 09:30:00-05:00,18.670000076293945,18.899999618530273,18.3700008392334,18.510000228881836,1064685
2024-12-26 10:30:00-05:00,18.84000015258789,18.940000534057617,18.562400817871094,18.670000076293945,505547
2024-12-26 11:30:00-05:00,18.992900848388672,19.200000762939453,18.850000381469727,18.850000381469727,612559
2024-12-26 12:30:00-05:00,19.020000457763672,19.020000457763672,18.760000228881836,18.979999542236328,326239
2024-12-26 13:30:00-05:00,18.844999313354492,19.030000686645508,18.799999237060547,19.0,305504
2024-12-26 14:30:00-05:00,18.979999542236328,19.030000686645508,18.780000686645508,18.84000015258789,570690
2024-12-26 15:30:00-05:00,18.950000762939453,19.0,18.899999618530273,18.969999313354492,536240
2024-12-27 09:30:00-05:00,17.729999542236328,18.75,17.290000915527344,18.68000030517578,4203790
2024-12-27 10:30:00-05:00,17.469999313354492,17.75,17.3700008392334,17.719999313354492,1189956
2024-12-27 11:30:00-05:00,17.290000915527344,17.555999755859375,17.18000030517578,17.469999313354492,1015143
2024-12-27 12:30:00-05:00,17.420000076293945,17.479999542236328,17.25,17.290000915527344,778728
2024-12-27 13:30:00-05:00,17.489999771118164,17.623199462890625,17.350000381469727,17.40999984741211,804175
2024-12-27 14:30:00-05:00,17.540000915527344,17.590299606323242,17.491199493408203,17.491199493408203,789976
2024-12-27 15:30:00-05:00,17.670000076293945,17.90999984741211,17.520000457763672,17.540000915527344,1209492
2024-12-30 09:30:00-05:00,17.56999969482422,18.06999969482422,17.21139907836914,17.3700008392334,1381542
2024-12-30 10:30:00-05:00,17.920000076293945,17.920000076293945,17.420000076293945,17.56999969482422,628537
2024-12-30 11:30:00-05:00,17.93000030517578,18.15999984741211,17.799999237060547,17.920000076293945,805041
2024-12-30 12:30:00-05:00,17.872900009155273,18.0,17.850000381469727,17.920000076293945,439695
2024-12-30 13:30:00-05:00,18.059999465942383,18.06999969482422,17.873199462890625,17.8799991607666,497768
2024-12-30 14:30:00-05:00,18.079999923706055,18.170000076293945,17.979999542236328,18.06999969482422,461750
2024-12-30 15:30:00-05:00,18.049999237060547,18.260000228881836,17.990100860595703,18.075000762939453,1172797
2024-12-31 09:30:00-05:00,18.075000762939453,18.34000015258789,17.8799991607666,18.149999618530273,880385
2024-12-31 10:30:00-05:00,17.673500061035156,18.110000610351562,17.670000076293945,18.059999465942383,520498
2024-12-31 11:30:00-05:00,17.489999771118164,17.753400802612305,17.459999084472656,17.670000076293945,640450
2024-12-31 12:30:00-05:00,17.43589973449707,17.55500030517578,17.34000015258789,17.485000610351562,499940
2024-12-31 13:30:00-05:00,17.570600509643555,17.639999389648438,17.3799991607666,17.420000076293945,464014
2024-12-31 14:30:00-05:00,17.860000610351562,17.875,17.5,17.579999923706055,830597
2024-12-31 15:30:00-05:00,17.979999542236328,18.0,17.825000762939453,17.860000610351562,1335108
2025-01-02 09:30:00-05:00,18.670000076293945,18.780000686645508,17.920000076293945,18.18000030517578,1047913
2025-01-02 10:30:00-05:00,19.12019920349121,19.260000228881836,18.600000381469727,18.670000076293945,668873
2025-01-02 11:30:00-05:00,19.100000381469727,19.34000015258789,19.049999237060547,19.139999389648438,579652
2025-01-02 12:30:00-05:00,18.829999923706055,19.11989974975586,18.770000457763672,19.09000015258789,529254
2025-01-02 13:30:00-05:00,18.809999465942383,18.829999923706055,18.56999969482422,18.829999923706055,331261
2025-01-02 14:30:00-05:00,18.815000534057617,18.905000686645508,18.709999084472656,18.799999237060547,400768
2025-01-02 15:30:00-05:00,18.739999771118164,18.8700008392334,18.584999084472656,18.815000534057617,968202
2025-01-03 09:30:00-05:00,18.624799728393555,19.450000762939453,18.450000762939453,18.729999542236328,1103014
2025-01-03 10:30:00-05:00,18.270000457763672,18.670000076293945,18.219999313354492,18.610000610351562,902783
2025-01-03 11:30:00-05:00,18.43000030517578,18.549999237060547,18.270000457763672,18.27680015563965,510216
2025-01-03 12:30:00-05:00,18.540000915527344,18.639999389648438,18.422000885009766,18.43000030517578,289144
2025-01-03 13:30:00-05:00,18.6299991607666,18.719999313354492,18.549999237060547,18.549999237060547,292403
2025-01-03 14:30:00-05:00,18.70800018310547,18.719999313354492,18.6200008392334,18.645000457763672,211062
2025-01-03 15:30:00-05:00,18.610000610351562,18.899999618530273,18.3700008392334,18.700000762939453,1233251
2025-01-06 09:30:00-05:00,18.860000610351562,18.979999542236328,18.094999313354492,18.760000228881836,1134855
2025-01-06 10:30:00-05:00,18.898000717163086,19.030000686645508,18.700000762939453,18.8700008392334,408127
2025-01-06 11:30:00-05:00,18.950000762939453,19.056400299072266,18.780000686645508,18.8799991607666,378553
2025-01-06 12:30:00-05:00,19.038000106811523,19.09000015258789,18.829999923706055,18.940000534057617,232202
2025-01-06 13:30:00-05:00,18.895000457763672,19.110000610351562,18.84000015258789,19.030000686645508,271234
2025-01-06 14:30:00-05:00,18.905000686645508,18.93000030517578,18.799999237060547,18.895000457763672,252213
2025-01-06 15:30:00-05:00,18.975000381469727,18.979999542236328,18.740100860595703,18.905000686645508,568554
2025-01-07 09:30:00-05:00,18.084999084472656,19.1200008392334,18.06999969482422,19.040000915527344,704248
2025-01-07 10:30:00-05:00,18.040000915527344,18.145999908447266,17.729999542236328,18.079999923706055,603842
2025-01-07 11:30:00-05:00,18.100000381469727,18.1200008392334,17.90999984741211,18.040000915527344,347262
2025-01-07 12:30:00-05:00,18.200000762939453,18.229999542236328,18.0,18.104999542236328,329329
2025-01-07 13:30:00-05:00,18.15999984741211,18.239999771118164,18.100000381469727,18.190000534057617,248668
2025-01-07 14:30:00-05:00,17.985000610351562,18.190000534057617,17.94219970703125,18.149999618530273,347428
2025-01-07 15:30:00-05:00,18.15999984741211,18.18000030517578,17.915000915527344,17.98200035095215,714906
2025-01-08 09:30:00-05:00,17.7549991607666,18.40999984741211,17.6200008392334,18.149999618530273,769456
2025-01-08 10:30:00-05:00,17.850000381469727,18.020000457763672,17.719999313354492,17.75,394949
2025-01-08 11:30:00-05:00,17.770000457763672,18.059999465942383,17.770000457763672,17.850000381469727,331739
2025-01-08 12:30:00-05:00,18.200000762939453,18.270000457763672,17.729999542236328,17.772300720214844,643335
2025-01-08 13:30:00-05:00,18.55500030517578,18.56999969482422,18.139999389648438,18.18000030517578,450337
2025-01-08 14:30:00-05:00,18.549999237060547,18.649599075317383,18.459999084472656,18.559999465942383,380953
2025-01-08 15:30:00-05:00,18.479999542236328,18.559999465942383,18.3700008392334,18.549999237060547,774641
2025-01-10 09:30:00-05:00,17.59000015258789,17.8789005279541,17.260000228881836,17.829999923706055,1533427
2025-01-10 10:30:00-05:00,17.57360076904297,17.93000030517578,17.520000457763672,17.600000381469727,383475
2025-01-10 11:30:00-05:00,17.59000015258789,17.739999771118164,17.489999771118164,17.559999465942383,343374
2025-01-10 12:30:00-05:00,17.604999542236328,17.75,17.5,17.579999923706055,445435
2025-01-10 13:30:00-05:00,17.610000610351562,17.68000030517578,17.459999084472656,17.6200008392334,290320
2025-01-10 14:30:00-05:00,17.469999313354492,17.709999084472656,17.450000762939453,17.600000381469727,366064
2025-01-10 15:30:00-05:00,17.34000015258789,17.489999771118164,17.295000076293945,17.459999084472656,885938
2025-01-13 09:30:00-05:00,16.834400177001953,17.18000030517578,16.5,16.729999542236328,1161540
2025-01-13 10:30:00-05:00,16.725000381469727,17.020000457763672,16.709999084472656,16.834999084472656,450378
2025-01-13 11:30:00-05:00,16.940000534057617,16.979999542236328,16.540000915527344,16.725000381469727,497137
2025-01-13 12:30:00-05:00,16.979999542236328,17.010000228881836,16.790000915527344,16.940000534057617,357658
2025-01-13 13:30:00-05:00,17.280000686645508,17.290000915527344,16.93000030517578,16.989999771118164,628262
2025-01-13 14:30:00-05:00,17.170000076293945,17.290000915527344,17.110000610351562,17.280000686645508,369293
2025-01-13 15:30:00-05:00,17.15999984741211,17.209999084472656,17.075000762939453,17.15999984741211,629126
2025-01-14 09:30:00-05:00,17.34000015258789,17.6200008392334,17.157499313354492,17.299999237060547,523599
2025-01-14 10:30:00-05:00,16.989999771118164,17.34000015258789,16.989999771118164,17.329999923706055,326879
2025-01-14 11:30:00-05:00,16.90999984741211,17.020000457763672,16.8700008392334,16.989999771118164,257690
2025-01-14 12:30:00-05:00,17.030000686645508,17.040000915527344,16.8799991607666,16.920000076293945,237099
2025-01-14 13:30:00-05:00,17.280000686645508,17.329999923706055,17.030000686645508,17.040000915527344,174200
2025-01-14 14:30:00-05:00,17.045000076293945,17.286399841308594,16.969999313354492,17.278400421142578,232291
2025-01-14 15:30:00-05:00,17.190000534057617,17.309999465942383,17.041000366210938,17.049999237060547,608997
2025-01-15 09:30:00-05:00,17.700000762939453,18.3799991607666,17.40999984741211,17.969999313354492,1016885
2025-01-15 10:30:00-05:00,17.614999771118164,17.729999542236328,17.3799991607666,17.729999542236328,493418
2025-01-15 11:30:00-05:00,17.614999771118164,17.649999618530273,17.440000534057617,17.610000610351562,528544
2025-01-15 12:30:00-05:00,17.614999771118164,17.6200008392334,17.440000534057617,17.614999771118164,418665
2025-01-15 13:30:00-05:00,17.780000686645508,17.809999465942383,17.549999237060547,17.600000381469727,584474
2025-01-15 14:30:00-05:00,17.90999984741211,17.950000762939453,17.75,17.760000228881836,376380
2025-01-15 15:30:00-05:00,17.899999618530273,18.100000381469727,17.8799991607666,17.90999984741211,1039632
2025-01-16 09:30:00-05:00,18.40999984741211,18.709999084472656,18.219999313354492,18.420000076293945,804033
2025-01-16 10:30:00-05:00,18.725000381469727,18.739999771118164,18.325000762939453,18.375,434526
2025-01-16 11:30:00-05:00,18.969999313354492,18.979999542236328,18.649999618530273,18.711000442504883,515384
2025-01-16 12:30:00-05:00,18.860000610351562,19.030000686645508,18.799999237060547,18.969999313354492,423259
2025-01-16 13:30:00-05:00,19.235000610351562,19.329999923706055,18.770000457763672,18.850000381469727,537480
2025-01-16 14:30:00-05:00,19.084999084472656,19.3700008392334,19.065000534057617,19.235000610351562,641071
2025-01-16 15:30:00-05:00,18.780000686645508,19.1200008392334,18.780000686645508,19.09000015258789,760356
2025-01-17 09:30:00-05:00,18.649999618530273,19.281600952148438,18.56999969482422,19.200000762939453,809929
2025-01-17 10:30:00-05:00,18.614999771118164,18.770000457763672,18.469999313354492,18.6299991607666,487489
2025-01-17 11:30:00-05:00,18.719999313354492,18.780000686645508,18.5,18.616300582885742,441749
2025-01-17 12:30:00-05:00,18.530000686645508,18.719999313354492,18.530000686645508,18.71500015258789,245625
2025-01-17 13:30:00-05:00,18.424999237060547,18.56999969482422,18.412200927734375,18.549999237060547,250934
2025-01-17 14:30:00-05:00,18.350000381469727,18.440000534057617,18.309999465942383,18.42169952392578,347155
2025-01-17 15:30:00-05:00,18.59000015258789,18.59000015258789,18.344200134277344,18.350000381469727,1191281
2025-01-21 09:30:00-05:00,19.030000686645508,19.329999923706055,18.670000076293945,19.028400421142578,821267
2025-01-21 10:30:00-05:00,19.049999237060547,19.1299991607666,18.829999923706055,19.020000457763672,451935
2025-01-21 11:30:00-05:00,18.989999771118164,19.149999618530273,18.934999465942383,19.06999969482422,220156
2025-01-21 12:30:00-05:00,18.969999313354492,19.06999969482422,18.94499969482422,18.989999771118164,362606
2025-01-21 13:30:00-05:00,19.040000915527344,19.040000915527344,18.90999984741211,18.969999313354492,203122
2025-01-21 14:30:00-05:00,19.010000228881836,19.06999969482422,19.0,19.045000076293945,332514
2025-01-21 15:30:00-05:00,19.040000915527344,19.059999465942383,18.850000381469727,19.010000228881836,773770
2025-01-22 09:30:00-05:00,18.969999313354492,19.200000762939453,18.850000381469727,19.100000381469727,853129
2025-01-22 10:30:00-05:00,19.05500030517578,19.100000381469727,18.8799991607666,18.959999084472656,563044
2025-01-22 11:30:00-05:00,19.111499786376953,19.209999084472656,19.040000915527344,19.049999237060547,504620
2025-01-22 12:30:00-05:00,19.049999237060547,19.1299991607666,19.0,19.110000610351562,355725
2025-01-22 13:30:00-05:00,19.03499984741211,19.079999923706055,19.014999389648438,19.030000686645508,204401
2025-01-22 14:30:00-05:00,18.940000534057617,19.094999313354492,18.920000076293945,19.03499984741211,331159
2025-01-22 15:30:00-05:00,18.8799991607666,18.975000381469727,18.760000228881836,18.940000534057617,973211
2025-01-23 09:30:00-05:00,18.93000030517578,19.0,18.510000228881836,18.790000915527344,637217
2025-01-23 10:30:00-05:00,18.959199905395508,19.020000457763672,18.815000534057617,18.949899673461914,408622
2025-01-23 11:30:00-05:00,18.959999084472656,19.059999465942383,18.940000534057617,18.950000762939453,376018
2025-01-23 12:30:00-05:00,18.899999618530273,18.950000762939453,18.850000381469727,18.940000534057617,140315
2025-01-23 13:30:00-05:00,18.81999969482422,18.969999313354492,18.799999237060547,18.897899627685547,225882
2025-01-23 14:30:00-05:00,18.829999923706055,18.854999542236328,18.709999084472656,18.81999969482422,407907
2025-01-23 15:30:00-05:00,18.75,18.84000015258789,18.700000762939453,18.829999923706055,741471
2025-01-24 09:30:00-05:00,18.760000228881836,18.989999771118164,18.610000610351562,18.8799991607666,449599
2025-01-24 10:30:00-05:00,18.700000762939453,18.93000030517578,18.610000610351562,18.75629997253418,294380
2025-01-24 11:30:00-05:00,18.520000457763672,18.770000457763672,18.479999542236328,18.700000762939453,316109
2025-01-24 12:30:00-05:00,18.620500564575195,18.6299991607666,18.459999084472656,18.520000457763672,243829
2025-01-24 13:30:00-05:00,18.56999969482422,18.6299991607666,18.492399215698242,18.6200008392334,183526
2025-01-24 14:30:00-05:00,18.56999969482422,18.729999542236328,18.549999237060547,18.579999923706055,280083
2025-01-24 15:30:00-05:00,18.579999923706055,18.639999389648438,18.549999237060547,18.56999969482422,575131
2025-01-27 09:30:00-05:00,18.864999771118164,18.905000686645508,17.65999984741211,17.799999237060547,1203381
2025-01-27 10:30:00-05:00,18.485000610351562,19.1299991607666,18.459999084472656,18.864999771118164,799193
2025-01-27 11:30:00-05:00,18.600000381469727,18.649999618530273,18.3799991607666,18.49970054626465,306743
2025-01-27 12:30:00-05:00,18.209999084472656,18.719999313354492,18.149999618530273,18.610000610351562,441635
2025-01-27 13:30:00-05:00,18.31100082397461,18.31999969482422,18.059999465942383,18.200000762939453,249462
2025-01-27 14:30:00-05:00,18.100000381469727,18.299999237060547,17.950000762939453,18.299999237060547,282586
2025-01-27 15:30:00-05:00,18.489999771118164,18.5,18.100000381469727,18.100000381469727,666774
2025-01-28 09:30:00-05:00,18.28499984741211,18.479999542236328,17.84000015258789,18.360000610351562,850331
2025-01-28 10:30:00-05:00,18.07990074157715,18.3700008392334,18.031999588012695,18.28499984741211,505313
2025-01-28 11:30:00-05:00,18.190000534057617,18.200000762939453,17.940000534057617,18.079999923706055,311585
2025-01-28 12:30:00-05:00,18.104999542236328,18.229999542236328,18.049999237060547,18.190000534057617,346223
2025-01-28 13:30:00-05:00,18.18000030517578,18.2549991607666,17.969999313354492,18.100000381469727,643897
2025-01-28 14:30:00-05:00,18.107999801635742,18.334999084472656,18.100000381469727,18.190000534057617,351216
2025-01-28 15:30:00-05:00,18.06999969482422,18.190000534057617,17.899999618530273,18.100000381469727,831792
2025-01-29 09:30:00-05:00,17.40999984741211,17.958999633789062,17.329999923706055,17.600000381469727,1014297
2025-01-29 10:30:00-05:00,17.68000030517578,17.719999313354492,17.399999618530273,17.43000030517578,545685
2025-01-29 11:30:00-05:00,17.735000610351562,17.850000381469727,17.670000076293945,17.68000030517578,235739
2025-01-29 12:30:00-05:00,17.729999542236328,17.8799991607666,17.639999389648438,17.735000610351562,220605
2025-01-29 13:30:00-05:00,17.799999237060547,17.905000686645508,17.639999389648438,17.75,359444
2025-01-29 14:30:00-05:00,17.959999084472656,18.059999465942383,17.780000686645508,17.795000076293945,455953
2025-01-29 15:30:00-05:00,18.010000228881836,18.049999237060547,17.889999389648438,17.959999084472656,804152
2025-01-30 09:30:00-05:00,18.059999465942383,18.190000534057617,17.829999923706055,17.959999084472656,544280
2025-01-30 10:30:00-05:00,18.149999618530273,18.299999237060547,17.9606990814209,18.05500030517578,479979
2025-01-30 11:30:00-05:00,18.110000610351562,18.309999465942383,18.049999237060547,18.149999618530273,250399
2025-01-30 12:30:00-05:00,18.030000686645508,18.19300079345703,18.010000228881836,18.114999771118164,182461
2025-01-30 13:30:00-05:00,18.18000030517578,18.329999923706055,18.030000686645508,18.030000686645508,229113
2025-01-30 14:30:00-05:00,18.354999542236328,18.3799991607666,18.149999618530273,18.18000030517578,314393
2025-01-30 15:30:00-05:00,18.350000381469727,18.459999084472656,18.219999313354492,18.354999542236328,667013
2025-01-31 09:30:00-05:00,18.56999969482422,18.75,18.329999923706055,18.600000381469727,478667
2025-01-31 10:30:00-05:00,18.739700317382812,18.739999771118164,18.510000228881836,18.540000915527344,323151
2025-01-31 11:30:00-05:00,18.65999984741211,18.75,18.56999969482422,18.729999542236328,180485
2025-01-31 12:30:00-05:00,18.420000076293945,18.690000534057617,18.40999984741211,18.649999618530273,185492
2025-01-31 13:30:00-05:00,18.469999313354492,18.486000061035156,18.260000228881836,18.399999618530273,151886
2025-01-31 14:30:00-05:00,18.2007999420166,18.5,18.170000076293945,18.459999084472656,310600
2025-01-31 15:30:00-05:00,18.34000015258789,18.399999618530273,18.15999984741211,18.209999084472656,504321
2025-02-03 09:30:00-05:00,17.829999923706055,17.920000076293945,17.270000457763672,17.360000610351562,604652
2025-02-03 10:30:00-05:00,17.96809959411621,18.040000915527344,17.799999237060547,17.829999923706055,500176
2025-02-03 11:30:00-05:00,17.969999313354492,18.079999923706055,17.8799991607666,17.979999542236328,263468
2025-02-03 12:30:00-05:00,18.09000015258789,18.21500015258789,17.899999618530273,17.969999313354492,220511
2025-02-03 13:30:00-05:00,18.06999969482422,18.145000457763672,18.030000686645508,18.09000015258789,289575
2025-02-03 14:30:00-05:00,18.165000915527344,18.2450008392334,18.059999465942383,18.065000534057617,317624
2025-02-03 15:30:00-05:00,18.170000076293945,18.209999084472656,18.104999542236328,18.15999984741211,503470
2025-02-04 09:30:00-05:00,18.34000015258789,18.43000030517578,18.040000915527344,18.34000015258789,430525
2025-02-04 10:30:00-05:00,18.6200008392334,18.729999542236328,18.29010009765625,18.31999969482422,392534
2025-02-04 11:30:00-05:00,18.280000686645508,18.6200008392334,18.270000457763672,18.6200008392334,317836
2025-02-04 12:30:00-05:00,18.375,18.43000030517578,18.280000686645508,18.280000686645508,188666
2025-02-04 13:30:00-05:00,18.420000076293945,18.5,18.3799991607666,18.3799991607666,192391
2025-02-04 14:30:00-05:00,18.35099983215332,18.440000534057617,18.280000686645508,18.420000076293945,230160
2025-02-04 15:30:00-05:00,18.420000076293945,18.489999771118164,18.354999542236328,18.354999542236328,454681
2025-02-05 09:30:00-05:00,18.649999618530273,18.670000076293945,18.209999084472656,18.350000381469727,532034
2025-02-05 10:30:00-05:00,18.7549991607666,18.809999465942383,18.610000610351562,18.656099319458008,450921
2025-02-05 11:30:00-05:00,18.790000915527344,18.950000762939453,18.709999084472656,18.7549991607666,194266
2025-02-05 12:30:00-05:00,18.690000534057617,18.81999969482422,18.674999237060547,18.790000915527344,149335
2025-02-05 13:30:00-05:00,18.665000915527344,18.735000610351562,18.645000457763672,18.690000534057617,152804
2025-02-05 14:30:00-05:00,18.71500015258789,18.815000534057617,18.639999389648438,18.65999984741211,377850
2025-02-05 15:30:00-05:00,18.760000228881836,18.790000915527344,18.65999984741211,18.719999313354492,348951
2025-02-06 09:30:00-05:00,19.78890037536621,19.84000015258789,18.790000915527344,18.81999969482422,1307297
2025-02-06 10:30:00-05:00,20.219999313354492,20.229999542236328,19.639999389648438,19.799999237060547,1048810
2025-02-06 11:30:00-05:00,20.309900283813477,20.40999984741211,19.989999771118164,20.229999542236328,968990
2025-02-06 12:30:00-05:00,20.479999542236328,20.479999542236328,20.280000686645508,20.302600860595703,785124
2025-02-06 13:30:00-05:00,20.65999984741211,20.8799991607666,20.479999542236328,20.479999542236328,993860
2025-02-06 14:30:00-05:00,20.969999313354492,20.989999771118164,20.553600311279297,20.65999984741211,872738
2025-02-06 15:30:00-05:00,20.985000610351562,21.139999389648438,20.829999923706055,20.979999542236328,1522422
2025-02-07 09:30:00-05:00,21.3700008392334,21.8700008392334,21.075000762939453,21.399999618530273,2106676
2025-02-07 10:30:00-05:00,21.360000610351562,21.6200008392334,21.18000030517578,21.3700008392334,880118
2025-02-07 11:30:00-05:00,21.200000762939453,21.43000030517578,21.059999465942383,21.360000610351562,653571
2025-02-07 12:30:00-05:00,21.31999969482422,21.415000915527344,21.139999389648438,21.209999084472656,441182
2025-02-07 13:30:00-05:00,21.329999923706055,21.3700008392334,21.220300674438477,21.329999923706055,535592
2025-02-07 14:30:00-05:00,21.399999618530273,21.406099319458008,21.15999984741211,21.31999969482422,671928
2025-02-07 15:30:00-05:00,21.239999771118164,21.43000030517578,21.209999084472656,21.40999984741211,1106481
2025-02-10 09:30:00-05:00,22.18280029296875,22.239999771118164,21.34000015258789,21.639999389648438,1527527
2025-02-10 10:30:00-05:00,22.31999969482422,22.639999389648438,22.149999618530273,22.190000534057617,1585255
2025-02-10 11:30:00-05:00,22.308300018310547,22.350000381469727,22.149999618530273,22.32990074157715,724313
2025-02-10 12:30:00-05:00,22.375,22.530000686645508,22.25,22.325000762939453,711096
2025-02-10 13:30:00-05:00,22.290000915527344,22.440000534057617,22.209999084472656,22.375,648750
2025-02-10 14:30:00-05:00,22.014999389648438,22.389999389648438,21.950000762939453,22.280000686645508,1271642
2025-02-10 15:30:00-05:00,21.639999389648438,22.030000686645508,21.5,22.014999389648438,1519724
2025-02-11 09:30:00-05:00,21.25,21.84000015258789,21.110000610351562,21.299999237060547,1183988
2025-02-11 10:30:00-05:00,21.292499542236328,21.610000610351562,21.260000228881836,21.260000228881836,409780
2025-02-11 11:30:00-05:00,20.959999084472656,21.329999923706055,20.690000534057617,21.299999237060547,858585
2025-02-11 12:30:00-05:00,20.799999237060547,21.020000457763672,20.78219985961914,20.959999084472656,327884
2025-02-11 13:30:00-05:00,21.06999969482422,21.079999923706055,20.770000457763672,20.7908992767334,300260
2025-02-11 14:30:00-05:00,21.01129913330078,21.1299991607666,21.0,21.06999969482422,292106
2025-02-11 15:30:00-05:00,20.6299991607666,21.012500762939453,20.600000381469727,21.010000228881836,782647
2025-02-12 09:30:00-05:00,20.549999237060547,20.8700008392334,19.969999313354492,20.18000030517578,1017467
2025-02-12 10:30:00-05:00,20.556299209594727,20.65999984741211,20.430099487304688,20.5,291313
2025-02-12 11:30:00-05:00,20.829999923706055,20.84000015258789,20.579999923706055,20.579999923706055,364817
2025-02-12 12:30:00-05:00,20.90999984741211,20.989999771118164,20.75979995727539,20.829999923706055,360997
2025-02-12 13:30:00-05:00,21.15999984741211,21.239999771118164,20.700000762939453,20.90999984741211,427689
2025-02-12 14:30:00-05:00,21.15999984741211,21.21649932861328,21.09000015258789,21.15999984741211,319132
2025-02-12 15:30:00-05:00,21.309999465942383,21.31999969482422,21.100000381469727,21.149999618530273,621225
2025-02-13 09:30:00-05:00,23.3700008392334,23.989999771118164,22.15999984741211,22.200000762939453,3595710
2025-02-13 10:30:00-05:00,23.439899444580078,23.59000015258789,22.950000762939453,23.3799991607666,1217289
2025-02-13 11:30:00-05:00,23.059999465942383,23.5,22.900999069213867,23.399999618530273,1046939
2025-02-13 12:30:00-05:00,23.06999969482422,23.229999542236328,22.81999969482422,23.049999237060547,573329
2025-02-13 13:30:00-05:00,23.290000915527344,23.309999465942383,23.020000457763672,23.059999465942383,536562
2025-02-13 14:30:00-05:00,23.239999771118164,23.399999618530273,23.190000534057617,23.280000686645508,602527
2025-02-13 15:30:00-05:00,23.389999389648438,23.56999969482422,23.229999542236328,23.229999542236328,1207659
2025-02-14 09:30:00-05:00,23.549999237060547,24.184999465942383,23.299999237060547,23.360000610351562,1924575
2025-02-14 10:30:00-05:00,23.479999542236328,23.6200008392334,23.23270034790039,23.549999237060547,722466
2025-02-14 11:30:00-05:00,23.81999969482422,23.84000015258789,23.389999389648438,23.489999771118164,817883
2025-02-14 12:30:00-05:00,23.864999771118164,23.959999084472656,23.760000228881836,23.799999237060547,757159
2025-02-14 13:30:00-05:00,23.530000686645508,23.96500015258789,23.389999389648438,23.864999771118164,686055
2025-02-14 14:30:00-05:00,23.450000762939453,23.649999618530273,23.43000030517578,23.514999389648438,644310
2025-02-14 15:30:00-05:00,23.489999771118164,23.670000076293945,23.420000076293945,23.450000762939453,1244832
2025-02-18 09:30:00-05:00,25.530000686645508,26.170000076293945,24.200000762939453,24.709999084472656,4305036
2025-02-18 10:30:00-05:00,25.915000915527344,26.600000381469727,25.43000030517578,25.5,1680507
2025-02-18 11:30:00-05:00,25.719999313354492,26.15999984741211,25.420000076293945,25.889999389648438,955998
2025-02-18 12:30:00-05:00,25.254499435424805,25.790000915527344,25.25,25.719999313354492,582808
2025-02-18 13:30:00-05:00,24.549999237060547,25.270000457763672,24.5,25.270000457763672,796371
2025-02-18 14:30:00-05:00,24.510000228881836,24.683000564575195,24.280000686645508,24.549999237060547,1044637
2025-02-18 15:30:00-05:00,24.690000534057617,24.9242000579834,24.43000030517578,24.5,1017631
2025-02-19 09:30:00-05:00,23.7549991607666,25.43000030517578,23.72010040283203,24.559999465942383,1736361
2025-02-19 10:30:00-05:00,23.809999465942383,24.030000686645508,23.690000534057617,23.75,547708
2025-02-19 11:30:00-05:00,23.958499908447266,24.030000686645508,23.540000915527344,23.799999237060547,478401
2025-02-19 12:30:00-05:00,23.739999771118164,24.030000686645508,23.690000534057617,23.965900421142578,411687
2025-02-19 13:30:00-05:00,23.5,23.768800735473633,23.475000381469727,23.729999542236328,390616
2025-02-19 14:30:00-05:00,23.040000915527344,23.549999237060547,23.020000457763672,23.5,568815
2025-02-19 15:30:00-05:00,23.079999923706055,23.189800262451172,22.889999389648438,23.049999237060547,910647
2025-02-20 09:30:00-05:00,21.809999465942383,23.15999984741211,21.559999465942383,23.1200008392334,1909914
2025-02-20 10:30:00-05:00,21.670000076293945,21.93000030517578,21.510000228881836,21.799999237060547,815819
2025-02-20 11:30:00-05:00,21.600000381469727,21.760000228881836,21.3700008392334,21.670000076293945,793354
2025-02-20 12:30:00-05:00,21.729999542236328,21.809999465942383,21.579999923706055,21.600000381469727,598363
2025-02-20 13:30:00-05:00,22.270000457763672,22.3799991607666,21.729999542236328,21.729999542236328,788123
2025-02-20 14:30:00-05:00,22.315000534057617,22.510000228881836,22.190000534057617,22.280000686645508,784403
2025-02-20 15:30:00-05:00,22.440000534057617,22.514999389648438,22.280000686645508,22.309999465942383,675126
2025-02-21 09:30:00-05:00,22.15999984741211,23.959999084472656,22.1299991607666,23.299999237060547,2351151
2025-02-21 10:30:00-05:00,22.4950008392334,22.729999542236328,22.15730094909668,22.15999984741211,1000866
2025-02-21 11:30:00-05:00,21.885000228881836,22.4950008392334,21.78499984741211,22.489999771118164,523101
2025-02-21 12:30:00-05:00,21.655000686645508,21.920000076293945,21.600000381469727,21.885000228881836,525238
2025-02-21 13:30:00-05:00,21.174999237060547,21.764999389648438,21.09000015258789,21.670000076293945,985727
2025-02-21 14:30:00-05:00,20.985000610351562,21.290000915527344,20.959999084472656,21.190000534057617,646411
2025-02-21 15:30:00-05:00,20.729999542236328,21.049999237060547,20.670000076293945,20.985000610351562,1223320
2025-02-24 09:30:00-05:00,20.43000030517578,22.0,20.06999969482422,21.28499984741211,2669727
2025-02-24 10:30:00-05:00,20.889999389648438,21.0,20.239999771118164,20.434999465942383,772762
2025-02-24 11:30:00-05:00,21.520000457763672,21.579999923706055,20.889999389648438,20.905000686645508,860030
2025-02-24 12:30:00-05:00,22.084999084472656,22.100000381469727,21.40999984741211,21.510000228881836,950990
2025-02-24 13:30:00-05:00,21.960500717163086,22.31999969482422,21.860000610351562,22.066200256347656,1008445
2025-02-24 14:30:00-05:00,21.924999237060547,22.079999923706055,21.719999313354492,21.969999313354492,958283
2025-02-24 15:30:00-05:00,21.649999618530273,21.985000610351562,21.610000610351562,21.90999984741211,1393747
2025-02-25 09:30:00-05:00,19.979999542236328,21.469999313354492,19.950199127197266,21.40999984741211,3390074
2025-02-25 10:30:00-05:00,19.940000534057617,20.562000274658203,19.84000015258789,20.0,1381833
2025-02-25 11:30:00-05:00,20.389999389648438,20.469999313354492,19.84000015258789,19.926000595092773,989871
2025-02-25 12:30:00-05:00,20.510000228881836,20.90999984741211,20.360000610351562,20.395000457763672,1323520
2025-02-25 13:30:00-05:00,20.325000762939453,20.700000762939453,20.325000762939453,20.510000228881836,713452
2025-02-25 14:30:00-05:00,20.8799991607666,20.915000915527344,20.31999969482422,20.31999969482422,1010883
2025-02-25 15:30:00-05:00,20.600000381469727,20.969999313354492,20.549999237060547,20.8799991607666,1491419
2025-02-26 09:30:00-05:00,18.18000030517578,20.94070053100586,18.020000457763672,20.479999542236328,9300914
2025-02-26 10:30:00-05:00,18.729999542236328,19.020000457763672,18.139999389648438,18.170000076293945,2742086
2025-02-26 11:30:00-05:00,18.559999465942383,18.940000534057617,18.389999389648438,18.75,1481572
2025-02-26 12:30:00-05:00,18.68000030517578,18.770000457763672,18.399999618530273,18.56999969482422,1037189
2025-02-26 13:30:00-05:00,17.799999237060547,18.989999771118164,17.739999771118164,18.670000076293945,1853687
2025-02-26 14:30:00-05:00,17.84000015258789,18.18000030517578,17.649999618530273,17.795000076293945,2205525
2025-02-26 15:30:00-05:00,17.761600494384766,17.889999389648438,17.5,17.84000015258789,3148784
2025-02-27 09:30:00-05:00,17.100000381469727,18.510000228881836,16.5,18.43000030517578,5311672
2025-02-27 10:30:00-05:00,17.59000015258789,17.760000228881836,16.9906005859375,17.09000015258789,1811072
2025-02-27 11:30:00-05:00,17.385000228881836,17.739999771118164,17.180099487304688,17.579999923706055,1149676
2025-02-27 12:30:00-05:00,17.43000030517578,17.52989959716797,17.219999313354492,17.389999389648438,923469
2025-02-27 13:30:00-05:00,17.190000534057617,17.48539924621582,17.190000534057617,17.43000030517578,838955
2025-02-27 14:30:00-05:00,16.899999618530273,17.31999969482422,16.850000381469727,17.190000534057617,970647
2025-02-27 15:30:00-05:00,16.649999618530273,16.975000381469727,16.520000457763672,16.920000076293945,1770807
2025-02-28 09:30:00-05:00,17.040000915527344,17.149999618530273,15.760000228881836,16.079999923706055,3065904
2025-02-28 10:30:00-05:00,17.172700881958008,17.56999969482422,16.790000915527344,17.020000457763672,1709431
2025-02-28 11:30:00-05:00,17.150100708007812,17.450000762939453,17.079999923706055,17.170000076293945,835435
2025-02-28 12:30:00-05:00,16.940000534057617,17.170000076293945,16.780000686645508,17.15999984741211,599672
2025-02-28 13:30:00-05:00,16.940000534057617,17.049999237060547,16.829999923706055,16.94499969482422,309219
2025-02-28 14:30:00-05:00,17.1299991607666,17.280000686645508,16.90999984741211,16.940000534057617,499868
2025-02-28 15:30:00-05:00,17.229999542236328,17.2450008392334,16.969999313354492,17.1200008392334,741345
2025-03-03 09:30:00-05:00,17.65999984741211,18.31999969482422,17.1200008392334,17.6200008392334,2618371
2025-03-03 10:30:00-05:00,17.2450008392334,17.799999237060547,17.20400047302246,17.655000686645508,715514
2025-03-03 11:30:00-05:00,17.315099716186523,17.399999618530273,17.1200008392334,17.2450008392334,544270
2025-03-03 12:30:00-05:00,16.854999542236328,17.3700008392334,16.809999465942383,17.31999969482422,618941
2025-03-03 13:30:00-05:00,16.875,16.989999771118164,16.760000228881836,16.860000610351562,597354
2025-03-03 14:30:00-05:00,16.43000030517578,16.977500915527344,16.3799991607666,16.8700008392334,1296350
2025-03-03 15:30:00-05:00,16.579999923706055,16.6200008392334,16.395000457763672,16.43000030517578,1339329
2025-03-04 09:30:00-05:00,15.842267990112305,16.549999237060547,15.680000305175781,16.219999313354492,2431307
2025-03-04 10:30:00-05:00,15.819999694824219,16.110000610351562,15.739999771118164,15.84000015258789,1019198
2025-03-04 11:30:00-05:00,16.553199768066406,16.600000381469727,15.8100004196167,15.819999694824219,950572
2025-03-04 12:30:00-05:00,16.860000610351562,17.079999923706055,16.510000228881836,16.549999237060547,1055819
2025-03-04 13:30:00-05:00,17.209999084472656,17.309999465942383,16.825000762939453,16.854999542236328,552875
2025-03-04 14:30:00-05:00,17.110000610351562,17.309999465942383,17.104999542236328,17.219999313354492,704185
2025-03-04 15:30:00-05:00,16.850000381469727,17.155000686645508,16.81999969482422,17.110000610351562,1486606
2025-03-05 09:30:00-05:00,16.9950008392334,17.06999969482422,16.559999465942383,16.860000610351562,1033590
2025-03-05 10:30:00-05:00,16.940000534057617,17.299999237060547,16.90999984741211,17.010000228881836,568834
2025-03-05 11:30:00-05:00,16.969999313354492,17.065000534057617,16.8700008392334,16.93000030517578,378770
2025-03-05 12:30:00-05:00,16.934999465942383,17.125,16.899999618530273,16.950000762939453,435573
2025-03-05 13:30:00-05:00,16.950000762939453,17.18000030517578,16.889999389648438,16.934999465942383,482961
2025-03-05 14:30:00-05:00,17.010000228881836,17.100000381469727,16.920000076293945,16.950000762939453,463069
2025-03-05 15:30:00-05:00,17.1299991607666,17.295000076293945,17.0,17.010000228881836,932853
2025-03-06 09:30:00-05:00,16.829999923706055,16.8799991607666,16.25,16.6299991607666,991237
2025-03-06 10:30:00-05:00,16.700000762939453,16.917999267578125,16.479999542236328,16.81999969482422,689326
2025-03-06 11:30:00-05:00,16.274999618530273,16.75,16.2450008392334,16.719999313354492,668340
2025-03-06 12:30:00-05:00,15.970000267028809,16.350000381469727,15.920000076293945,16.274999618530273,941377
2025-03-06 13:30:00-05:00,15.640000343322754,16.010000228881836,15.619999885559082,15.960599899291992,1231502
2025-03-06 14:30:00-05:00,15.824999809265137,16.0,15.614999771118164,15.640000343322754,949013
2025-03-06 15:30:00-05:00,16.059999465942383,16.059999465942383,15.8100004196167,15.829999923706055,1479495
2025-03-07 09:30:00-05:00,15.789999961853027,16.334999084472656,15.729999542236328,15.930000305175781,1050451
2025-03-07 10:30:00-05:00,15.4399995803833,15.920000076293945,15.395000457763672,15.770000457763672,1032804
2025-03-07 11:30:00-05:00,15.079999923706055,15.479999542236328,14.949999809265137,15.449999809265137,1345448
2025-03-07 12:30:00-05:00,15.220000267028809,15.46969985961914,15.039999961853027,15.079999923706055,858964
2025-03-07 13:30:00-05:00,15.880000114440918,15.890000343322754,15.220000267028809,15.239999771118164,615028
2025-03-07 14:30:00-05:00,15.93120002746582,16.020000457763672,15.859999656677246,15.880000114440918,543807
2025-03-07 15:30:00-05:00,15.819999694824219,15.960000038146973,15.779999732971191,15.930000305175781,846062
2025-03-10 09:30:00-04:00,13.99020004272461,15.199999809265137,13.979999542236328,15.199999809265137,2722323
2025-03-10 10:30:00-04:00,14.180000305175781,14.239999771118164,13.859999656677246,14.0,1768046
2025-03-10 11:30:00-04:00,14.0,14.449999809265137,13.970000267028809,14.180000305175781,806749
2025-03-10 12:30:00-04:00,13.805000305175781,14.069999694824219,13.710000038146973,14.010000228881836,875386
2025-03-10 13:30:00-04:00,13.805000305175781,13.880000114440918,13.609999656677246,13.800000190734863,1003293
2025-03-10 14:30:00-04:00,13.949999809265137,14.069999694824219,13.600000381469727,13.8100004196167,865310
2025-03-10 15:30:00-04:00,14.029999732971191,14.220000267028809,13.890000343322754,13.949999809265137,1546827
2025-03-11 09:30:00-04:00,14.024999618530273,14.5,13.510000228881836,13.569999694824219,1479837
2025-03-11 10:30:00-04:00,14.170000076293945,14.364999771118164,13.869999885559082,14.020000457763672,965321
2025-03-11 11:30:00-04:00,14.1899995803833,14.414999961853027,14.0,14.180000305175781,706046
2025-03-11 12:30:00-04:00,14.005000114440918,14.28600025177002,13.984999656677246,14.1899995803833,523188
2025-03-11 13:30:00-04:00,14.430000305175781,14.479999542236328,14.0,14.0,533612
2025-03-11 14:30:00-04:00,14.329999923706055,14.635000228881836,14.300000190734863,14.430000305175781,712921
2025-03-11 15:30:00-04:00,14.279999732971191,14.550000190734863,14.25,14.34000015258789,987362
2025-03-12 09:30:00-04:00,14.170000076293945,15.119999885559082,13.970000267028809,14.880000114440918,1901697
2025-03-12 10:30:00-04:00,14.244999885559082,14.260000228881836,13.90999984741211,14.169899940490723,686131
2025-03-12 11:30:00-04:00,14.479999542236328,14.539999961853027,14.210000038146973,14.244999885559082,513973
2025-03-12 12:30:00-04:00,14.572400093078613,14.607500076293945,14.399999618530273,14.489999771118164,372260
2025-03-12 13:30:00-04:00,14.470000267028809,14.630000114440918,14.300000190734863,14.569999694824219,505866
2025-03-12 14:30:00-04:00,14.385000228881836,14.494999885559082,14.350000381469727,14.479999542236328,396930
2025-03-12 15:30:00-04:00,14.539999961853027,14.539999961853027,14.279999732971191,14.390000343322754,844180
2025-03-13 09:30:00-04:00,13.800000190734863,14.40999984741211,13.630000114440918,14.359999656677246,1654517
2025-03-13 10:30:00-04:00,13.800000190734863,13.960000038146973,13.710000038146973,13.8100004196167,600495
2025-03-13 11:30:00-04:00,13.725000381469727,13.819999694824219,13.5600004196167,13.800000190734863,832289
2025-03-13 12:30:00-04:00,13.800000190734863,13.875,13.630000114440918,13.720000267028809,551274
2025-03-13 13:30:00-04:00,13.970000267028809,13.989999771118164,13.600000381469727,13.789999961853027,857944
2025-03-13 14:30:00-04:00,13.795599937438965,14.050000190734863,13.75,13.970000267028809,629879
2025-03-13 15:30:00-04:00,13.680000305175781,13.800000190734863,13.649999618530273,13.789999961853027,1559597
2025-03-14 09:30:00-04:00,14.180000305175781,14.5600004196167,13.960000038146973,14.0600004196167,1420677
2025-03-14 10:30:00-04:00,14.475000381469727,14.569999694824219,14.0600004196167,14.1899995803833,1057412
2025-03-14 11:30:00-04:00,14.247599601745605,14.489999771118164,14.229999542236328,14.470000267028809,466321
2025-03-14 12:30:00-04:00,14.210000038146973,14.350000381469727,14.192000389099121,14.239999771118164,490933
2025-03-14 13:30:00-04:00,14.145000457763672,14.279999732971191,14.140999794006348,14.199999809265137,656508
2025-03-14 14:30:00-04:00,14.015000343322754,14.194999694824219,13.989999771118164,14.145000457763672,649974
2025-03-14 15:30:00-04:00,13.979999542236328,14.079999923706055,13.850000381469727,14.015000343322754,1706350
2025-03-17 09:30:00-04:00,13.90999984741211,14.289999961853027,13.819999694824219,13.979999542236328,1424921
2025-03-17 10:30:00-04:00,13.984999656677246,14.050000190734863,13.859999656677246,13.899999618530273,607358
2025-03-17 11:30:00-04:00,14.045000076293945,14.079999923706055,13.930000305175781,13.979999542236328,619093
2025-03-17 12:30:00-04:00,14.520000457763672,14.569999694824219,14.020000457763672,14.050000190734863,875243
2025-03-17 13:30:00-04:00,14.699999809265137,14.699999809265137,14.420000076293945,14.510000228881836,557386
2025-03-17 14:30:00-04:00,14.777999877929688,14.779999732971191,14.65999984741211,14.6899995803833,552316
2025-03-17 15:30:00-04:00,14.475000381469727,14.890000343322754,14.470000267028809,14.760000228881836,911047
2025-03-18 09:30:00-04:00,13.770000457763672,14.35990047454834,13.539999961853027,14.199999809265137,1229227
2025-03-18 10:30:00-04:00,13.640000343322754,13.805000305175781,13.529999732971191,13.760000228881836,630623
2025-03-18 11:30:00-04:00,13.720000267028809,13.720000267028809,13.59000015258789,13.640000343322754,421416
2025-03-18 12:30:00-04:00,13.720000267028809,13.774999618530273,13.614999771118164,13.71500015258789,359337
2025-03-18 13:30:00-04:00,13.819999694824219,13.920000076293945,13.6850004196167,13.71500015258789,327479
2025-03-18 14:30:00-04:00,13.9350004196167,14.029999732971191,13.805000305175781,13.8149995803833,480665
2025-03-18 15:30:00-04:00,13.859999656677246,14.104999542236328,13.850000381469727,13.9399995803833,850374
2025-03-19 09:30:00-04:00,14.130000114440918,14.289999961853027,13.979999542236328,13.979999542236328,410168
2025-03-19 10:30:00-04:00,14.020000457763672,14.225000381469727,13.970000267028809,14.130000114440918,299884
2025-03-19 11:30:00-04:00,14.239999771118164,14.329999923706055,13.989999771118164,14.029899597167969,476300
2025-03-19 12:30:00-04:00,14.289999961853027,14.329999923706055,14.1899995803833,14.239999771118164,189573
2025-03-19 13:30:00-04:00,14.199999809265137,14.329999923706055,14.045000076293945,14.289999961853027,445878
2025-03-19 14:30:00-04:00,14.295000076293945,14.670000076293945,14.199999809265137,14.199999809265137,598041
2025-03-19 15:30:00-04:00,14.380000114440918,14.470000267028809,14.270000457763672,14.289999961853027,607556
2025-03-20 09:30:00-04:00,14.49020004272461,14.649999618530273,14.140000343322754,14.140000343322754,522033
2025-03-20 10:30:00-04:00,14.520000457763672,14.550000190734863,14.390000343322754,14.5,217439
2025-03-20 11:30:00-04:00,14.324999809265137,14.532899856567383,14.3100004196167,14.532899856567383,240478
2025-03-20 12:30:00-04:00,14.3100004196167,14.4399995803833,14.270000457763672,14.324999809265137,154203
2025-03-20 13:30:00-04:00,14.3149995803833,14.524999618530273,14.3100004196167,14.319999694824219,241097
2025-03-20 14:30:00-04:00,14.359999656677246,14.505000114440918,14.3149995803833,14.319999694824219,509071
2025-03-20 15:30:00-04:00,14.420000076293945,14.470000267028809,14.359999656677246,14.359999656677246,491538
2025-03-21 09:30:00-04:00,14.279999732971191,14.34000015258789,13.829999923706055,14.020000457763672,745336
2025-03-21 10:30:00-04:00,14.199999809265137,14.350000381469727,14.180000305175781,14.270000457763672,236408
2025-03-21 11:30:00-04:00,14.350000381469727,14.380000114440918,14.180000305175781,14.1899995803833,181224
2025-03-21 12:30:00-04:00,14.279999732971191,14.420000076293945,14.260000228881836,14.34000015258789,392621
2025-03-21 13:30:00-04:00,14.28499984741211,14.380000114440918,14.229999542236328,14.279999732971191,135889
2025-03-21 14:30:00-04:00,14.289999961853027,14.380000114440918,14.239999771118164,14.289999961853027,299721
2025-03-21 15:30:00-04:00,14.430000305175781,14.4399995803833,14.270000457763672,14.300000190734863,565815
2025-03-24 09:30:00-04:00,15.050000190734863,15.140000343322754,14.720000267028809,14.930000305175781,786325
2025-03-24 10:30:00-04:00,15.145000457763672,15.180000305175781,15.010000228881836,15.050000190734863,586366
2025-03-24 11:30:00-04:00,15.479999542236328,15.59000015258789,15.130000114440918,15.149999618530273,650260
2025-03-24 12:30:00-04:00,15.550000190734863,15.59000015258789,15.454000473022461,15.479999542236328,345109
2025-03-24 13:30:00-04:00,15.505000114440918,15.640000343322754,15.441200256347656,15.5600004196167,305390
2025-03-24 14:30:00-04:00,15.699999809265137,15.789999961853027,15.505000114440918,15.510000228881836,755379
2025-03-24 15:30:00-04:00,15.65999984741211,15.84000015258789,15.619999885559082,15.710000038146973,1075203
2025-03-25 09:30:00-04:00,15.770000457763672,15.795000076293945,15.5,15.550000190734863,1204470
2025-03-25 10:30:00-04:00,15.760000228881836,15.869999885559082,15.680000305175781,15.770000457763672,361257
2025-03-25 11:30:00-04:00,15.760000228881836,15.770000457763672,15.65999984741211,15.765000343322754,299058
2025-03-25 12:30:00-04:00,15.725000381469727,15.859999656677246,15.71500015258789,15.760000228881836,285104
2025-03-25 13:30:00-04:00,15.6899995803833,15.75,15.670000076293945,15.729999542236328,266630
2025-03-25 14:30:00-04:00,15.744999885559082,15.75,15.600000381469727,15.6899995803833,236467
2025-03-25 15:30:00-04:00,15.729999542236328,15.8100004196167,15.710000038146973,15.75,465987
2025-03-26 09:30:00-04:00,15.020000457763672,15.78499984741211,14.979999542236328,15.579999923706055,953576
2025-03-26 10:30:00-04:00,15.140000343322754,15.220000267028809,14.930000305175781,15.020000457763672,543872
2025-03-26 11:30:00-04:00,15.149999618530273,15.199999809265137,15.029999732971191,15.140000343322754,306107
2025-03-26 12:30:00-04:00,15.109999656677246,15.204999923706055,15.0649995803833,15.164999961853027,202215
2025-03-26 13:30:00-04:00,15.180000305175781,15.220000267028809,15.015000343322754,15.109999656677246,377803
2025-03-26 14:30:00-04:00,14.994999885559082,15.1899995803833,14.949999809265137,15.175000190734863,432375
2025-03-26 15:30:00-04:00,15.109999656677246,15.175000190734863,14.989999771118164,15.0,778238
2025-03-27 09:30:00-04:00,14.890000343322754,15.029999732971191,14.420000076293945,14.90999984741211,912379
2025-03-27 10:30:00-04:00,14.875,15.010000228881836,14.829999923706055,14.920000076293945,263927
2025-03-27 11:30:00-04:00,14.729999542236328,14.989999771118164,14.65999984741211,14.875,411273
2025-03-27 12:30:00-04:00,14.550299644470215,14.774999618530273,14.489999771118164,14.729999542236328,227860
2025-03-27 13:30:00-04:00,14.529999732971191,14.609999656677246,14.5,14.5600004196167,216231
2025-03-27 14:30:00-04:00,14.449999809265137,14.529999732971191,14.345000267028809,14.529999732971191,475442
2025-03-27 15:30:00-04:00,14.350000381469727,14.550000190734863,14.289999961853027,14.449999809265137,594193
2025-03-28 09:30:00-04:00,14.095000267028809,14.4399995803833,14.010000228881836,14.300000190734863,684901
2025-03-28 10:30:00-04:00,13.949999809265137,14.1899995803833,13.930000305175781,14.095000267028809,581139
2025-03-28 11:30:00-04:00,13.755000114440918,14.010000228881836,13.739999771118164,13.949999809265137,600622
2025-03-28 12:30:00-04:00,13.595000267028809,13.819999694824219,13.5600004196167,13.755000114440918,607308
2025-03-28 13:30:00-04:00,13.75,13.760000228881836,13.510000228881836,13.59000015258789,613976
2025-03-28 14:30:00-04:00,13.625,13.760000228881836,13.600000381469727,13.75,376972
2025-03-28 15:30:00-04:00,13.760000228881836,13.774999618530273,13.604999542236328,13.619999885559082,806173
2025-03-31 09:30:00-04:00,13.15999984741211,13.390000343322754,12.8100004196167,13.300000190734863,1053002
2025-03-31 10:30:00-04:00,13.529999732971191,13.600000381469727,13.170000076293945,13.180000305175781,540694
2025-03-31 11:30:00-04:00,13.600000381469727,13.625,13.425000190734863,13.520000457763672,337903
2025-03-31 12:30:00-04:00,13.529999732971191,13.609999656677246,13.484999656677246,13.59000015258789,214837
2025-03-31 13:30:00-04:00,13.630000114440918,13.670000076293945,13.484999656677246,13.524999618530273,264121
2025-03-31 14:30:00-04:00,13.555000305175781,13.770000457763672,13.545000076293945,13.619999885559082,655376
2025-03-31 15:30:00-04:00,13.555000305175781,13.609999656677246,13.449999809265137,13.550000190734863,441088
2025-04-01 09:30:00-04:00,13.550000190734863,13.770000457763672,13.4399995803833,13.510000228881836,436907
2025-04-01 10:30:00-04:00,13.8100004196167,13.880000114440918,13.48009967803955,13.529999732971191,200631
2025-04-01 11:30:00-04:00,13.8100004196167,13.989999771118164,13.774999618530273,13.8100004196167,314121
2025-04-01 12:30:00-04:00,13.8100004196167,13.885000228881836,13.755000114440918,13.800000190734863,236388
2025-04-01 13:30:00-04:00,13.704999923706055,13.899999618530273,13.670000076293945,13.800100326538086,219774
2025-04-01 14:30:00-04:00,13.770000457763672,13.850000381469727,13.680000305175781,13.704999923706055,319140
2025-04-01 15:30:00-04:00,14.039999961853027,14.050000190734863,13.75,13.770000457763672,883536
2025-04-02 09:30:00-04:00,14.385000228881836,14.420000076293945,13.649999618530273,13.670000076293945,924476
2025-04-02 10:30:00-04:00,14.449999809265137,14.53499984741211,14.279999732971191,14.385000228881836,471767
2025-04-02 11:30:00-04:00,14.649999618530273,14.680000305175781,14.390000343322754,14.460000038146973,439451
2025-04-02 12:30:00-04:00,14.600000381469727,14.725000381469727,14.59000015258789,14.654999732971191,327585
2025-04-02 13:30:00-04:00,14.319999694824219,14.595100402832031,14.3100004196167,14.595100402832031,299743
2025-04-02 14:30:00-04:00,14.444999694824219,14.5,14.279999732971191,14.3100004196167,394142
2025-04-02 15:30:00-04:00,14.520000457763672,14.619999885559082,14.4399995803833,14.444999694824219,441084
2025-04-03 09:30:00-04:00,13.255000114440918,13.59000015258789,13.0,13.210000038146973,1437928
2025-04-03 10:30:00-04:00,13.3100004196167,13.399999618530273,12.90999984741211,13.255000114440918,1291472
2025-04-03 11:30:00-04:00,13.609999656677246,13.619999885559082,13.300000190734863,13.300000190734863,437526
2025-04-03 12:30:00-04:00,13.53499984741211,13.640000343322754,13.4350004196167,13.609999656677246,332247
2025-04-03 13:30:00-04:00,13.359999656677246,13.645000457763672,13.260000228881836,13.529999732971191,437258
2025-04-03 14:30:00-04:00,13.364999771118164,13.479999542236328,13.289999961853027,13.369999885559082,427730
2025-04-03 15:30:00-04:00,13.145000457763672,13.375,13.130000114440918,13.364999771118164,911777
2025-04-04 09:30:00-04:00,11.954999923706055,12.45300006866455,11.899999618530273,12.350000381469727,1909211
2025-04-04 10:30:00-04:00,12.520000457763672,12.729999542236328,11.710100173950195,11.944199562072754,1363272
2025-04-04 11:30:00-04:00,12.270000457763672,12.609999656677246,12.25,12.520000457763672,567469
2025-04-04 12:30:00-04:00,12.220000267028809,12.350000381469727,12.039999961853027,12.260000228881836,435063
2025-04-04 13:30:00-04:00,12.1899995803833,12.430000305175781,12.149999618530273,12.210000038146973,301199
2025-04-04 14:30:00-04:00,12.170000076293945,12.220000267028809,12.029999732971191,12.199999809265137,390002
2025-04-04 15:30:00-04:00,12.09000015258789,12.359999656677246,12.079999923706055,12.15999984741211,1299283
2025-04-07 09:30:00-04:00,11.670000076293945,12.8100004196167,10.930000305175781,11.199999809265137,2151795
2025-04-07 10:30:00-04:00,11.850000381469727,12.3149995803833,11.5600004196167,11.670000076293945,1813196
2025-04-07 11:30:00-04:00,11.829999923706055,12.050000190734863,11.619999885559082,11.869999885559082,629323
2025-04-07 12:30:00-04:00,11.960000038146973,11.979999542236328,11.529999732971191,11.819999694824219,1097860
2025-04-07 13:30:00-04:00,11.739999771118164,12.140000343322754,11.739999771118164,11.960000038146973,1435678
2025-04-07 14:30:00-04:00,11.694999694824219,11.920000076293945,11.625,11.75,1028636
2025-04-07 15:30:00-04:00,11.895000457763672,11.949999809265137,11.694999694824219,11.699999809265137,1044394
2025-04-08 09:30:00-04:00,12.524999618530273,12.699999809265137,12.385000228881836,12.630000114440918,1009688
2025-04-08 10:30:00-04:00,12.140000343322754,12.600000381469727,12.100000381469727,12.525799751281738,466710
2025-04-08 11:30:00-04:00,11.850000381469727,12.34000015258789,11.800000190734863,12.140000343322754,451555
2025-04-08 12:30:00-04:00,11.579999923706055,11.880000114440918,11.5600004196167,11.859999656677246,458782
2025-04-08 13:30:00-04:00,11.65999984741211,11.854999542236328,11.569999694824219,11.569999694824219,435275
2025-04-08 14:30:00-04:00,11.425000190734863,11.9399995803833,11.220000267028809,11.65999984741211,523162
2025-04-08 15:30:00-04:00,11.648799896240234,11.65999984741211,11.244999885559082,11.40999984741211,1052136
2025-04-09 09:30:00-04:00,11.300000190734863,11.800000190734863,11.069999694824219,11.359999656677246,3050156
2025-04-09 10:30:00-04:00,11.199999809265137,11.390000343322754,11.0600004196167,11.300000190734863,961691
2025-04-09 11:30:00-04:00,11.170000076293945,11.279999732971191,11.0600004196167,11.190600395202637,326818
2025-04-09 12:30:00-04:00,12.050000190734863,12.4399995803833,11.119999885559082,11.15999984741211,1177063
2025-04-09 13:30:00-04:00,12.390000343322754,12.670000076293945,12.0,12.050000190734863,3907935
2025-04-09 14:30:00-04:00,12.649999618530273,12.699999809265137,12.039999961853027,12.390000343322754,2538223
2025-04-09 15:30:00-04:00,12.859999656677246,12.880000114440918,12.520000457763672,12.635000228881836,1836324
2025-04-10 09:30:00-04:00,12.09000015258789,12.550000190734863,11.895000457763672,12.479999542236328,1008814
2025-04-10 10:30:00-04:00,11.774999618530273,12.34000015258789,11.729999542236328,12.09000015258789,919598
2025-04-10 11:30:00-04:00,11.569999694824219,11.8100004196167,11.420000076293945,11.770000457763672,460171
2025-04-10 12:30:00-04:00,11.748100280761719,11.954999923706055,11.5600004196167,11.5600004196167,433384
2025-04-10 13:30:00-04:00,12.050000190734863,12.069999694824219,11.710000038146973,11.729999542236328,454695
2025-04-10 14:30:00-04:00,11.720000267028809,12.079999923706055,11.71500015258789,12.039999961853027,482580
2025-04-10 15:30:00-04:00,11.704999923706055,11.800000190734863,11.569999694824219,11.720000267028809,812341
2025-04-11 09:30:00-04:00,11.300000190734863,12.079999923706055,11.260000228881836,11.770000457763672,553537
2025-04-11 10:30:00-04:00,11.449999809265137,11.658599853515625,11.289999961853027,11.289999961853027,546833
2025-04-11 11:30:00-04:00,11.557600021362305,11.609999656677246,11.4399995803833,11.444999694824219,322005
2025-04-11 12:30:00-04:00,11.6899995803833,11.779999732971191,11.5600004196167,11.5600004196167,358329
2025-04-11 13:30:00-04:00,11.960000038146973,11.984999656677246,11.651100158691406,11.699999809265137,299758
2025-04-11 14:30:00-04:00,12.0,12.039999961853027,11.854999542236328,11.960000038146973,359271
2025-04-11 15:30:00-04:00,12.039999961853027,12.079999923706055,11.95199966430664,11.979999542236328,638366
2025-04-14 09:30:00-04:00,12.140000343322754,12.6899995803833,11.95009994506836,12.59000015258789,563086
2025-04-14 10:30:00-04:00,11.9399995803833,12.300000190734863,11.930000305175781,12.130000114440918,314108
2025-04-14 11:30:00-04:00,11.739999771118164,11.979999542236328,11.664999961853027,11.9399995803833,277313
2025-04-14 12:30:00-04:00,11.829999923706055,11.90999984741211,11.710000038146973,11.739999771118164,469440
2025-04-14 13:30:00-04:00,11.871399879455566,11.90999984741211,11.789999961853027,11.835000038146973,178497
2025-04-14 14:30:00-04:00,11.9399995803833,11.979999542236328,11.860099792480469,11.869999885559082,257247
2025-04-14 15:30:00-04:00,11.925000190734863,12.0,11.845000267028809,11.930000305175781,583816
2025-04-15 09:30:00-04:00,11.880000114440918,12.045000076293945,11.800000190734863,11.850000381469727,325899
2025-04-15 10:30:00-04:00,11.899999618530273,11.970000267028809,11.84000015258789,11.880000114440918,173901
2025-04-15 11:30:00-04:00,11.930000305175781,11.989999771118164,11.880000114440918,11.895000457763672,140175
2025-04-15 12:30:00-04:00,11.850000381469727,11.960000038146973,11.84000015258789,11.9399995803833,125633
2025-04-15 13:30:00-04:00,11.760000228881836,11.859999656677246,11.755000114440918,11.850000381469727,209511
2025-04-15 14:30:00-04:00,11.8100004196167,11.875,11.760000228881836,11.770000457763672,242815
2025-04-15 15:30:00-04:00,11.970000267028809,11.989999771118164,11.800000190734863,11.819999694824219,493441
2025-04-16 09:30:00-04:00,11.420000076293945,11.6899995803833,11.350000381469727,11.529999732971191,760635
2025-04-16 10:30:00-04:00,11.5,11.5600004196167,11.385000228881836,11.40999984741211,447337
2025-04-16 11:30:00-04:00,11.444999694824219,11.53499984741211,11.359999656677246,11.5,443222
2025-04-16 12:30:00-04:00,11.319999694824219,11.479999542236328,11.300000190734863,11.444999694824219,561795
2025-04-16 13:30:00-04:00,11.359999656677246,11.399999618530273,11.149999618530273,11.3100004196167,734899
2025-04-16 14:30:00-04:00,11.130000114440918,11.369999885559082,11.109999656677246,11.359999656677246,594024
2025-04-16 15:30:00-04:00,11.359999656677246,11.359999656677246,11.119999885559082,11.130000114440918,968740
2025-04-17 09:30:00-04:00,11.225000381469727,11.479999542236328,11.199999809265137,11.350000381469727,481976
2025-04-17 10:30:00-04:00,11.300000190734863,11.369999885559082,11.170000076293945,11.225000381469727,199754
2025-04-17 11:30:00-04:00,11.34000015258789,11.380000114440918,11.260000228881836,11.3100004196167,235346
2025-04-17 12:30:00-04:00,11.335000038146973,11.4399995803833,11.319999694824219,11.34000015258789,219433
2025-04-17 13:30:00-04:00,11.420000076293945,11.460000038146973,11.335000038146973,11.335000038146973,160056
2025-04-17 14:30:00-04:00,11.460000038146973,11.640000343322754,11.430000305175781,11.430000305175781,309230
2025-04-17 15:30:00-04:00,11.449999809265137,11.569999694824219,11.430000305175781,11.460000038146973,412434
2025-04-21 09:30:00-04:00,10.8100004196167,11.244999885559082,10.800000190734863,11.180000305175781,755177
2025-04-21 10:30:00-04:00,10.760000228881836,10.899999618530273,10.729999542236328,10.8100004196167,718359
2025-04-21 11:30:00-04:00,10.760000228881836,10.805000305175781,10.6899995803833,10.770000457763672,311879
2025-04-21 12:30:00-04:00,10.8100004196167,10.845000267028809,10.75,10.765000343322754,480098
2025-04-21 13:30:00-04:00,10.805000305175781,10.859999656677246,10.789999961853027,10.8100004196167,434976
2025-04-21 14:30:00-04:00,10.9350004196167,10.960000038146973,10.789999961853027,10.8100004196167,468020
2025-04-21 15:30:00-04:00,11.029999732971191,11.048999786376953,10.9350004196167,10.9399995803833,822290
2025-04-22 09:30:00-04:00,11.180000305175781,11.324999809265137,11.140000343322754,11.260000228881836,358722
2025-04-22 10:30:00-04:00,11.329999923706055,11.369999885559082,11.114999771118164,11.180000305175781,359317
2025-04-22 11:30:00-04:00,11.604999542236328,11.619999885559082,11.305000305175781,11.335000038146973,887382
2025-04-22 12:30:00-04:00,11.194999694824219,11.604999542236328,11.180000305175781,11.604999542236328,264742
2025-04-22 13:30:00-04:00,11.297200202941895,11.329999923706055,11.1899995803833,11.194999694824219,156278
2025-04-22 14:30:00-04:00,11.239999771118164,11.3100004196167,11.199999809265137,11.28499984741211,282351
2025-04-22 15:30:00-04:00,11.300000190734863,11.3100004196167,11.225000381469727,11.239999771118164,417614
2025-04-23 09:30:00-04:00,12.375,12.539999961853027,12.0,12.0,1457011
2025-04-23 10:30:00-04:00,12.201199531555176,12.489999771118164,12.1899995803833,12.369999885559082,488043
2025-04-23 11:30:00-04:00,12.175000190734863,12.28499984741211,12.095000267028809,12.210000038146973,566302
2025-04-23 12:30:00-04:00,12.25,12.329999923706055,12.164999961853027,12.175000190734863,363100
2025-04-23 13:30:00-04:00,12.204999923706055,12.279999732971191,12.154999732971191,12.255000114440918,322308
2025-04-23 14:30:00-04:00,12.0600004196167,12.25,12.055000305175781,12.210000038146973,390622
2025-04-23 15:30:00-04:00,12.0600004196167,12.119999885559082,12.03499984741211,12.069999694824219,616178
2025-04-24 09:30:00-04:00,12.585000038146973,12.585000038146973,12.100000381469727,12.149999618530273,671576
2025-04-24 10:30:00-04:00,12.460000038146973,12.635000228881836,12.4399995803833,12.579999923706055,298956
2025-04-24 11:30:00-04:00,12.569999694824219,12.619999885559082,12.449999809265137,12.460000038146973,264659
2025-04-24 12:30:00-04:00,12.545000076293945,12.76710033416748,12.510000228881836,12.569999694824219,457337
2025-04-24 13:30:00-04:00,12.574999809265137,12.609999656677246,12.520000457763672,12.547499656677246,185423
2025-04-24 14:30:00-04:00,12.515000343322754,12.664999961853027,12.515000343322754,12.574999809265137,301243
2025-04-24 15:30:00-04:00,12.539999961853027,12.600000381469727,12.515000343322754,12.515000343322754,520414
2025-04-25 09:30:00-04:00,12.734999656677246,12.800000190734863,12.329999923706055,12.479999542236328,573728
2025-04-25 10:30:00-04:00,12.96500015258789,13.09000015258789,12.720000267028809,12.75,739539
2025-04-25 11:30:00-04:00,13.029999732971191,13.050000190734863,12.851200103759766,12.960000038146973,365856
2025-04-25 12:30:00-04:00,13.114999771118164,13.135000228881836,13.029899597167969,13.029999732971191,324416
2025-04-25 13:30:00-04:00,13.09000015258789,13.149999618530273,12.960000038146973,13.114999771118164,456237
2025-04-25 14:30:00-04:00,13.100000381469727,13.149999618530273,13.0649995803833,13.085000038146973,321234
2025-04-25 15:30:00-04:00,13.119999885559082,13.180000305175781,13.085000038146973,13.095000267028809,667186
2025-04-28 09:30:00-04:00,13.430000305175781,13.640000343322754,13.210000038146973,13.25,1405554
2025-04-28 10:30:00-04:00,13.164999961853027,13.59000015258789,13.15999984741211,13.430000305175781,845816
2025-04-28 11:30:00-04:00,13.09000015258789,13.295000076293945,13.0600004196167,13.164999961853027,475839
2025-04-28 12:30:00-04:00,13.045000076293945,13.199999809265137,13.045000076293945,13.09000015258789,304903
2025-04-28 13:30:00-04:00,13.145000457763672,13.160900115966797,13.010000228881836,13.050000190734863,340204
2025-04-28 14:30:00-04:00,13.239999771118164,13.274999618530273,13.140000343322754,13.145000457763672,436030
2025-04-28 15:30:00-04:00,13.399999618530273,13.399999618530273,13.239999771118164,13.244999885559082,669590
2025-04-29 09:30:00-04:00,13.319999694824219,13.630000114440918,13.319999694824219,13.380000114440918,621209
2025-04-29 10:30:00-04:00,13.399999618530273,13.465999603271484,13.329999923706055,13.329999923706055,186088
2025-04-29 11:30:00-04:00,13.390000343322754,13.53499984741211,13.390000343322754,13.399999618530273,223696
2025-04-29 12:30:00-04:00,13.460000038146973,13.489999771118164,13.335000038146973,13.390000343322754,156263
2025-04-29 13:30:00-04:00,13.46500015258789,13.510000228881836,13.430000305175781,13.460000038146973,114297
2025-04-29 14:30:00-04:00,13.395000457763672,13.479999542236328,13.380000114440918,13.468899726867676,218429
2025-04-29 15:30:00-04:00,13.449999809265137,13.460000038146973,13.34000015258789,13.395000457763672,447090
2025-04-30 09:30:00-04:00,12.835000038146973,12.890000343322754,12.539999961853027,12.890000343322754,822536
2025-04-30 10:30:00-04:00,12.829999923706055,12.914999961853027,12.770000457763672,12.829999923706055,302033
2025-04-30 11:30:00-04:00,12.859999656677246,13.0,12.824999809265137,12.835000038146973,304770
2025-04-30 12:30:00-04:00,12.875,12.899999618530273,12.75,12.864999771118164,188515
2025-04-30 13:30:00-04:00,12.960000038146973,13.020000457763672,12.869999885559082,12.875,426374
2025-04-30 14:30:00-04:00,12.899999618530273,13.0,12.890000343322754,12.954999923706055,258529
2025-04-30 15:30:00-04:00,13.050000190734863,13.069999694824219,12.890000343322754,12.895000457763672,546297
2025-05-01 09:30:00-04:00,13.770000457763672,14.1850004196167,13.529999732971191,14.1850004196167,1606196
2025-05-01 10:30:00-04:00,13.859999656677246,13.90999984741211,13.649999618530273,13.770000457763672,999232
2025-05-01 11:30:00-04:00,13.649999618530273,13.869999885559082,13.609999656677246,13.869999885559082,797262
2025-05-01 12:30:00-04:00,13.654999732971191,13.704999923706055,13.58899974822998,13.654999732971191,461732
2025-05-01 13:30:00-04:00,13.645000457763672,13.654999732971191,13.470000267028809,13.654999732971191,596934
2025-05-01 14:30:00-04:00,13.734999656677246,13.760000228881836,13.625,13.640000343322754,851734
2025-05-01 15:30:00-04:00,13.550000190734863,13.760000228881836,13.5,13.729999542236328,1572405
2025-05-02 09:30:00-04:00,14.079999923706055,14.5,13.279999732971191,14.3100004196167,3967612
2025-05-02 10:30:00-04:00,13.454999923706055,14.229999542236328,13.390000343322754,14.084699630737305,1628099
2025-05-02 11:30:00-04:00,13.774999618530273,13.880000114440918,13.40999984741211,13.454999923706055,888026
2025-05-02 12:30:00-04:00,13.71500015258789,13.805000305175781,13.574999809265137,13.779999732971191,757461
2025-05-02 13:30:00-04:00,13.6899995803833,13.920000076293945,13.531999588012695,13.71500015258789,710418
2025-05-02 14:30:00-04:00,13.640000343322754,13.736700057983398,13.520000457763672,13.6899995803833,578422
2025-05-02 15:30:00-04:00,13.680000305175781,13.704999923706055,13.5600004196167,13.630000114440918,1195339
2025-05-05 09:30:00-04:00,13.300000190734863,13.380000114440918,12.819999694824219,13.229999542236328,1294101
2025-05-05 10:30:00-04:00,13.505000114440918,13.5600004196167,13.279999732971191,13.289999961853027,471941
2025-05-05 11:30:00-04:00,13.53499984741211,13.5600004196167,13.470000267028809,13.510000228881836,271664
2025-05-05 12:30:00-04:00,13.529999732971191,13.585000038146973,13.484999656677246,13.539999961853027,179611
2025-05-05 13:30:00-04:00,13.430000305175781,13.545000076293945,13.395000457763672,13.529999732971191,372607
2025-05-05 14:30:00-04:00,13.484999656677246,13.5600004196167,13.425000190734863,13.425000190734863,431549
2025-05-05 15:30:00-04:00,13.449999809265137,13.520000457763672,13.385000228881836,13.484999656677246,687428
2025-05-06 09:30:00-04:00,13.380000114440918,13.380000114440918,13.0600004196167,13.119999885559082,826955
2025-05-06 10:30:00-04:00,13.265000343322754,13.399999618530273,13.135000228881836,13.380000114440918,494770
2025-05-06 11:30:00-04:00,13.330100059509277,13.425000190734863,13.225000381469727,13.265000343322754,304990
2025-05-06 12:30:00-04:00,13.1899995803833,13.335000038146973,13.15999984741211,13.329999923706055,328995
2025-05-06 13:30:00-04:00,13.204999923706055,13.289799690246582,13.085000038146973,13.1899995803833,388073
2025-05-06 14:30:00-04:00,13.15999984741211,13.220000267028809,13.130000114440918,13.199999809265137,284602
2025-05-06 15:30:00-04:00,13.119999885559082,13.180000305175781,13.095000267028809,13.170000076293945,634435
2025-05-07 09:30:00-04:00,13.170000076293945,13.354999542236328,13.039999961853027,13.170000076293945,636351
2025-05-07 10:30:00-04:00,13.119999885559082,13.25,13.029999732971191,13.179900169372559,284636
2025-05-07 11:30:00-04:00,13.100000381469727,13.199999809265137,13.100000381469727,13.109999656677246,193706
2025-05-07 12:30:00-04:00,13.109999656677246,13.15999984741211,13.09000015258789,13.100000381469727,116150
2025-05-07 13:30:00-04:00,12.994999885559082,13.164999961853027,12.890000343322754,13.109999656677246,240190
2025-05-07 14:30:00-04:00,12.9399995803833,13.074999809265137,12.9350004196167,12.979999542236328,393581
2025-05-07 15:30:00-04:00,13.199999809265137,13.234999656677246,12.914999961853027,12.9399995803833,713177
2025-05-08 09:30:00-04:00,13.399999618530273,13.550000190734863,13.359800338745117,13.479999542236328,677874
2025-05-08 10:30:00-04:00,13.420000076293945,13.479999542236328,13.1899995803833,13.399999618530273,303119
2025-05-08 11:30:00-04:00,13.18280029296875,13.520000457763672,13.180000305175781,13.420000076293945,678769
2025-05-08 12:30:00-04:00,13.164999961853027,13.270000457763672,13.119999885559082,13.1899995803833,627434
2025-05-08 13:30:00-04:00,13.287400245666504,13.319999694824219,13.135000228881836,13.15999984741211,596106
2025-05-08 14:30:00-04:00,13.3149995803833,13.40999984741211,13.251999855041504,13.295000076293945,605921
2025-05-08 15:30:00-04:00,13.319999694824219,13.350000381469727,13.2524995803833,13.3125,897423
2025-05-09 09:30:00-04:00,13.399999618530273,13.65999984741211,13.375,13.399999618530273,554215
2025-05-09 10:30:00-04:00,13.34000015258789,13.425000190734863,13.170000076293945,13.380000114440918,380486
2025-05-09 11:30:00-04:00,13.319999694824219,13.375,13.234999656677246,13.329999923706055,214432
2025-05-09 12:30:00-04:00,13.354999542236328,13.354999542236328,13.279999732971191,13.3100004196167,239768
2025-05-09 13:30:00-04:00,13.359999656677246,13.425000190734863,13.335000038146973,13.354999542236328,269855
2025-05-09 14:30:00-04:00,13.329999923706055,13.390000343322754,13.319999694824219,13.364999771118164,332151
2025-05-09 15:30:00-04:00,13.345000267028809,13.40999984741211,13.28499984741211,13.335000038146973,614065
2025-05-12 09:30:00-04:00,13.930000305175781,14.59000015258789,13.875,14.25,1553730
2025-05-12 10:30:00-04:00,14.0,14.100000381469727,13.869999885559082,13.920000076293945,647317
2025-05-12 11:30:00-04:00,14.050100326538086,14.09000015258789,13.970000267028809,14.0,504061
2025-05-12 12:30:00-04:00,14.225000381469727,14.3100004196167,14.045000076293945,14.055000305175781,592701
2025-05-12 13:30:00-04:00,14.149999618530273,14.3100004196167,14.145000457763672,14.225000381469727,596800
2025-05-12 14:30:00-04:00,14.125,14.1850004196167,14.029999732971191,14.149999618530273,679449
2025-05-12 15:30:00-04:00,14.345000267028809,14.350000381469727,14.119999885559082,14.125,1286500
2025-05-13 09:30:00-04:00,14.609999656677246,14.800000190734863,14.3100004196167,14.569999694824219,853824
2025-05-13 10:30:00-04:00,14.779999732971191,14.78499984741211,14.550100326538086,14.609999656677246,548961
2025-05-13 11:30:00-04:00,14.880000114440918,14.880000114440918,14.710000038146973,14.78499984741211,434516
2025-05-13 12:30:00-04:00,14.914999961853027,14.9399995803833,14.84000015258789,14.874600410461426,395422
2025-05-13 13:30:00-04:00,14.925000190734863,14.959799766540527,14.869999885559082,14.90999984741211,448751
2025-05-13 14:30:00-04:00,14.970000267028809,15.0,14.920000076293945,14.925000190734863,341919
2025-05-13 15:30:00-04:00,14.904999732971191,15.055000305175781,14.875,14.96500015258789,649397
2025-05-14 09:30:00-04:00,14.770000457763672,15.0,14.640000343322754,14.960000038146973,1047026
2025-05-14 10:30:00-04:00,14.744999885559082,14.831999778747559,14.675000190734863,14.770000457763672,412743
2025-05-14 11:30:00-04:00,14.664999961853027,14.78499984741211,14.664999961853027,14.744999885559082,285776
2025-05-14 12:30:00-04:00,14.765000343322754,14.770000457763672,14.619999885559082,14.66349983215332,451909
2025-05-14 13:30:00-04:00,14.604999542236328,14.765000343322754,14.584799766540527,14.765000343322754,342299
2025-05-14 14:30:00-04:00,14.576600074768066,14.675000190734863,14.555000305175781,14.600000381469727,224817
2025-05-14 15:30:00-04:00,14.59000015258789,14.604999542236328,14.510000228881836,14.574999809265137,425758
2025-05-15 09:30:00-04:00,13.859999656677246,14.404999732971191,13.84000015258789,14.34000015258789,817743
2025-05-15 10:30:00-04:00,14.045000076293945,14.0649995803833,13.800000190734863,13.864999771118164,575602
2025-05-15 11:30:00-04:00,13.989999771118164,14.119999885559082,13.979999542236328,14.039999961853027,494922
2025-05-15 12:30:00-04:00,14.119999885559082,14.149999618530273,13.989999771118164,13.994999885559082,411477
2025-05-15 13:30:00-04:00,14.050000190734863,14.170000076293945,13.979999542236328,14.125,341410
2025-05-15 14:30:00-04:00,13.930000305175781,14.085000038146973,13.90999984741211,14.050000190734863,267198
2025-05-15 15:30:00-04:00,13.949999809265137,14.005000114440918,13.899999618530273,13.930000305175781,415127
2025-05-16 09:30:00-04:00,13.8100004196167,14.15999984741211,13.800000190734863,14.109999656677246,630536
2025-05-16 10:30:00-04:00,13.829999923706055,13.895000457763672,13.75,13.819999694824219,578694
2025-05-16 11:30:00-04:00,13.859999656677246,13.869999885559082,13.8100004196167,13.84000015258789,288664
2025-05-16 12:30:00-04:00,13.84000015258789,13.875,13.800000190734863,13.854999542236328,280239
2025-05-16 13:30:00-04:00,13.805000305175781,13.875,13.805000305175781,13.845000267028809,218046
2025-05-16 14:30:00-04:00,13.875,13.875,13.760000228881836,13.800000190734863,316094
2025-05-16 15:30:00-04:00,13.949999809265137,13.949999809265137,13.84000015258789,13.875,657604
2025-05-19 09:30:00-04:00,13.449999809265137,13.579999923706055,13.149999618530273,13.399999618530273,840954
2025-05-19 10:30:00-04:00,13.430000305175781,13.489999771118164,13.40999984741211,13.460000038146973,376338
2025-05-19 11:30:00-04:00,13.510000228881836,13.569999694824219,13.4350004196167,13.4350004196167,463045
2025-05-19 12:30:00-04:00,13.5649995803833,13.595000267028809,13.489999771118164,13.515000343322754,394384
2025-05-19 13:30:00-04:00,13.611000061035156,13.704999923706055,13.550000190734863,13.5649995803833,304657
2025-05-19 14:30:00-04:00,13.710000038146973,13.739999771118164,13.579999923706055,13.609999656677246,535061
2025-05-19 15:30:00-04:00,13.789999961853027,13.854999542236328,13.710000038146973,13.710000038146973,495500
2025-05-20 09:30:00-04:00,13.359999656677246,13.710000038146973,13.319999694824219,13.710000038146973,538486
2025-05-20 10:30:00-04:00,13.529999732971191,13.550000190734863,13.3100004196167,13.354999542236328,346069
2025-05-20 11:30:00-04:00,13.5,13.585000038146973,13.470000267028809,13.53499984741211,210848
2025-05-20 12:30:00-04:00,13.595000267028809,13.609999656677246,13.494999885559082,13.5,210175
2025-05-20 13:30:00-04:00,13.545000076293945,13.609999656677246,13.539999961853027,13.59000015258789,194163
2025-05-20 14:30:00-04:00,13.5649995803833,13.579999923706055,13.46500015258789,13.539999961853027,290304
2025-05-20 15:30:00-04:00,13.65999984741211,13.670000076293945,13.5649995803833,13.5649995803833,641029
2025-05-21 09:30:00-04:00,13.5,13.6899995803833,13.449999809265137,13.5,379029
2025-05-21 10:30:00-04:00,13.574999809265137,13.595000267028809,13.444999694824219,13.505000114440918,259869
2025-05-21 11:30:00-04:00,13.545000076293945,13.600000381469727,13.510000228881836,13.574999809265137,203977
2025-05-21 12:30:00-04:00,13.238200187683105,13.569999694824219,13.229999542236328,13.54990005493164,303282
2025-05-21 13:30:00-04:00,13.255000114440918,13.375,13.21500015258789,13.229999542236328,274813
2025-05-21 14:30:00-04:00,13.095000267028809,13.329999923706055,13.069999694824219,13.260000228881836,382118
2025-05-21 15:30:00-04:00,13.130000114440918,13.204999923706055,13.100000381469727,13.100000381469727,510279
2025-05-22 09:30:00-04:00,13.3149995803833,13.369999885559082,13.010000228881836,13.119999885559082,416221
2025-05-22 10:30:00-04:00,13.324999809265137,13.46500015258789,13.300000190734863,13.319999694824219,340182
2025-05-22 11:30:00-04:00,13.3149995803833,13.385000228881836,13.274999618530273,13.319999694824219,180103
2025-05-22 12:30:00-04:00,13.335000038146973,13.359999656677246,13.260000228881836,13.3149995803833,130550
2025-05-22 13:30:00-04:00,13.334099769592285,13.380000114440918,13.3149995803833,13.34000015258789,155043
2025-05-22 14:30:00-04:00,13.345000267028809,13.359999656677246,13.3149995803833,13.329999923706055,182638
2025-05-22 15:30:00-04:00,13.279999732971191,13.359999656677246,13.260000228881836,13.350000381469727,542424
2025-05-23 09:30:00-04:00,13.050000190734863,13.104999542236328,12.800000190734863,12.869999885559082,507555
2025-05-23 10:30:00-04:00,13.109999656677246,13.170000076293945,13.039999961853027,13.055000305175781,192972
2025-05-23 11:30:00-04:00,13.100000381469727,13.164999961853027,13.079999923706055,13.119999885559082,122279
2025-05-23 12:30:00-04:00,13.180000305175781,13.189800262451172,13.085000038146973,13.100000381469727,167851
2025-05-23 13:30:00-04:00,13.170000076293945,13.244999885559082,13.140000343322754,13.170000076293945,192843
2025-05-23 14:30:00-04:00,13.175000190734863,13.21500015258789,13.140000343322754,13.180000305175781,323135
2025-05-23 15:30:00-04:00,13.100000381469727,13.244999885559082,13.024999618530273,13.175000190734863,751270
2025-05-27 09:30:00-04:00,13.2475004196167,13.40999984741211,13.100000381469727,13.380000114440918,439532
2025-05-27 10:30:00-04:00,13.40999984741211,13.40999984741211,13.210000038146973,13.249899864196777,260393
2025-05-27 11:30:00-04:00,13.449999809265137,13.470000267028809,13.375,13.399999618530273,154210
2025-05-27 12:30:00-04:00,13.545000076293945,13.574999809265137,13.430000305175781,13.449700355529785,199350
2025-05-27 13:30:00-04:00,13.510000228881836,13.579999923706055,13.5,13.545000076293945,266884
2025-05-27 14:30:00-04:00,13.625,13.640000343322754,13.479999542236328,13.520000457763672,364719
2025-05-27 15:30:00-04:00,13.569999694824219,13.670000076293945,13.550000190734863,13.619999885559082,649645
2025-05-28 09:30:00-04:00,13.21500015258789,13.569999694824219,13.15999984741211,13.510000228881836,477052
2025-05-28 10:30:00-04:00,13.260000228881836,13.3100004196167,13.1850004196167,13.21500015258789,207833
2025-05-28 11:30:00-04:00,13.329999923706055,13.350000381469727,13.25,13.260000228881836,244000
2025-05-28 12:30:00-04:00,13.420000076293945,13.4350004196167,13.3100004196167,13.335000038146973,161867
2025-05-28 13:30:00-04:00,13.460000038146973,13.510000228881836,13.420000076293945,13.425399780273438,195633
2025-05-28 14:30:00-04:00,13.545000076293945,13.5649995803833,13.399999618530273,13.467599868774414,338316
2025-05-28 15:30:00-04:00,13.489999771118164,13.5649995803833,13.410099983215332,13.545000076293945,562678
2025-05-29 09:30:00-04:00,13.319999694824219,13.729999542236328,13.222399711608887,13.640000343322754,491171
2025-05-29 10:30:00-04:00,13.329999923706055,13.399999618530273,13.260000228881836,13.300000190734863,213454
2025-05-29 11:30:00-04:00,13.135000228881836,13.329999923706055,13.0600004196167,13.324999809265137,329084
2025-05-29 12:30:00-04:00,13.135000228881836,13.199999809265137,13.119999885559082,13.13659954071045,223215
2025-05-29 13:30:00-04:00,13.005000114440918,13.149999618530273,12.994999885559082,13.119999885559082,377090
2025-05-29 14:30:00-04:00,13.010000228881836,13.119999885559082,12.930000305175781,13.010000228881836,428424
2025-05-29 15:30:00-04:00,13.100000381469727,13.140000343322754,13.015000343322754,13.01990032196045,789822
2025-05-30 09:30:00-04:00,13.119999885559082,13.140000343322754,12.920000076293945,13.069999694824219,388495
2025-05-30 10:30:00-04:00,13.229999542236328,13.239999771118164,13.104999542236328,13.125,325501
2025-05-30 11:30:00-04:00,13.079999923706055,13.234999656677246,13.069999694824219,13.220000267028809,176645
2025-05-30 12:30:00-04:00,13.050000190734863,13.119999885559082,12.960000038146973,13.085000038146973,280467
2025-05-30 13:30:00-04:00,13.100000381469727,13.140000343322754,13.029999732971191,13.050000190734863,1006978
2025-05-30 14:30:00-04:00,13.198100090026855,13.244999885559082,13.069999694824219,13.100000381469727,546684
2025-05-30 15:30:00-04:00,13.125,13.210000038146973,13.119999885559082,13.1899995803833,631341
2025-06-02 09:30:00-04:00,12.454999923706055,13.140000343322754,12.25,13.109999656677246,1854424
2025-06-02 10:30:00-04:00,12.765000343322754,12.800000190734863,12.454999923706055,12.460000038146973,870842
2025-06-02 11:30:00-04:00,12.789999961853027,12.875,12.721199989318848,12.770000457763672,460714
2025-06-02 12:30:00-04:00,12.949999809265137,12.960000038146973,12.789999961853027,12.795000076293945,437493
2025-06-02 13:30:00-04:00,12.890000343322754,12.970000267028809,12.79010009765625,12.944999694824219,446323
2025-06-02 14:30:00-04:00,12.987500190734863,13.010000228881836,12.8149995803833,12.885000228881836,913547
2025-06-02 15:30:00-04:00,12.920000076293945,13.114999771118164,12.880000114440918,12.979999542236328,1118133
2025-06-03 09:30:00-04:00,12.960000038146973,13.149999618530273,12.829999923706055,13.100000381469727,374892
2025-06-03 10:30:00-04:00,13.003100395202637,13.109999656677246,12.920000076293945,12.960000038146973,423316
2025-06-03 11:30:00-04:00,13.140000343322754,13.154999732971191,12.989999771118164,13.0,262437
2025-06-03 12:30:00-04:00,13.074999809265137,13.170000076293945,13.069999694824219,13.140000343322754,184689
2025-06-03 13:30:00-04:00,13.016400337219238,13.125,12.960000038146973,13.074999809265137,254620
2025-06-03 14:30:00-04:00,13.069999694824219,13.119999885559082,13.015000343322754,13.015000343322754,829825
2025-06-03 15:30:00-04:00,13.175000190734863,13.21500015258789,13.050000190734863,13.074999809265137,697449
2025-06-04 09:30:00-04:00,13.25,13.329999923706055,13.024999618530273,13.199999809265137,497648
2025-06-04 10:30:00-04:00,13.175000190734863,13.295000076293945,13.170000076293945,13.244999885559082,212798
2025-06-04 11:30:00-04:00,13.154999732971191,13.21500015258789,13.100000381469727,13.170000076293945,210550
2025-06-04 12:30:00-04:00,13.220000267028809,13.229999542236328,13.140000343322754,13.154999732971191,282767
2025-06-04 13:30:00-04:00,13.3149995803833,13.369999885559082,13.210000038146973,13.22249984741211,287655
2025-06-04 14:30:00-04:00,13.270000457763672,13.350000381469727,13.25,13.3100004196167,288455
2025-06-04 15:30:00-04:00,13.1899995803833,13.279999732971191,13.180000305175781,13.274999618530273,762406
2025-06-05 09:30:00-04:00,13.194999694824219,13.199999809265137,12.890000343322754,13.140000343322754,797209
2025-06-05 10:30:00-04:00,13.600000381469727,13.604999542236328,13.09000015258789,13.194999694824219,567562
2025-06-05 11:30:00-04:00,13.430000305175781,13.619999885559082,13.270000457763672,13.609999656677246,500733
2025-06-05 12:30:00-04:00,13.699999809265137,13.725000381469727,13.359999656677246,13.430000305175781,823629
2025-06-05 13:30:00-04:00,13.630000114440918,13.789999961853027,13.529999732971191,13.704999923706055,770165
2025-06-05 14:30:00-04:00,13.369999885559082,13.704999923706055,13.270000457763672,13.635000228881836,652804
2025-06-05 15:30:00-04:00,13.649999618530273,13.675000190734863,13.380000114440918,13.380000114440918,1574065
2025-06-06 09:30:00-04:00,13.789999961853027,13.949999809265137,13.600000381469727,13.75,758075
2025-06-06 10:30:00-04:00,13.90999984741211,13.969900131225586,13.767000198364258,13.800000190734863,423457
2025-06-06 11:30:00-04:00,13.845000267028809,13.989999771118164,13.8149995803833,13.904999732971191,394446
2025-06-06 12:30:00-04:00,13.824999809265137,13.859999656677246,13.774999618530273,13.84000015258789,300653
2025-06-06 13:30:00-04:00,13.854999542236328,13.904999732971191,13.824999809265137,13.824999809265137,307637
2025-06-06 14:30:00-04:00,13.824999809265137,13.875,13.800000190734863,13.859999656677246,362041
2025-06-06 15:30:00-04:00,13.920000076293945,13.970000267028809,13.824999809265137,13.824999809265137,890159
2025-06-09 09:30:00-04:00,13.664999961853027,14.0,13.649999618530273,14.0,1213594
2025-06-09 10:30:00-04:00,13.79010009765625,13.79010009765625,13.479999542236328,13.664999961853027,902966
2025-06-09 11:30:00-04:00,13.545000076293945,13.829999923706055,13.539999961853027,13.800000190734863,382394
2025-06-09 12:30:00-04:00,13.71500015258789,13.729999542236328,13.539999961853027,13.550000190734863,367250
2025-06-09 13:30:00-04:00,13.729999542236328,13.765000343322754,13.699999809265137,13.710000038146973,326081
2025-06-09 14:30:00-04:00,13.71500015258789,13.755000114440918,13.609999656677246,13.729999542236328,440349
2025-06-09 15:30:00-04:00,13.59000015258789,13.720000267028809,13.59000015258789,13.71500015258789,809519
2025-06-10 09:30:00-04:00,13.359999656677246,13.57800006866455,13.229999542236328,13.489999771118164,589362
2025-06-10 10:30:00-04:00,13.270000457763672,13.369799613952637,13.220000267028809,13.369799613952637,482808
2025-06-10 11:30:00-04:00,13.042400360107422,13.265000343322754,13.039999961853027,13.265000343322754,326276
2025-06-10 12:30:00-04:00,13.09000015258789,13.149999618530273,13.005000114440918,13.045000076293945,339521
2025-06-10 13:30:00-04:00,13.135000228881836,13.15999984741211,12.975000381469727,13.079999923706055,394475
2025-06-10 14:30:00-04:00,13.175000190734863,13.218099594116211,13.130000114440918,13.135000228881836,411697
2025-06-10 15:30:00-04:00,13.15999984741211,13.1850004196167,13.039999961853027,13.175000190734863,908590
2025-06-11 09:30:00-04:00,13.199999809265137,13.359999656677246,13.069999694824219,13.289999961853027,421949
2025-06-11 10:30:00-04:00,13.210000038146973,13.3100004196167,13.149999618530273,13.199999809265137,420604
2025-06-11 11:30:00-04:00,13.119999885559082,13.220000267028809,13.069999694824219,13.204999923706055,177778
2025-06-11 12:30:00-04:00,13.1850004196167,13.204999923706055,13.104999542236328,13.128800392150879,169875
2025-06-11 13:30:00-04:00,12.9399995803833,13.188699722290039,12.880000114440918,13.187899589538574,241795
2025-06-11 14:30:00-04:00,12.864999771118164,12.994999885559082,12.850000381469727,12.930000305175781,297344
2025-06-11 15:30:00-04:00,12.850000381469727,12.895000457763672,12.8149995803833,12.864999771118164,535062
2025-06-12 09:30:00-04:00,12.664999961853027,12.824999809265137,12.600000381469727,12.800000190734863,665137
2025-06-12 10:30:00-04:00,12.654999732971191,12.75,12.619999885559082,12.664999961853027,293575
2025-06-12 11:30:00-04:00,12.694999694824219,12.699999809265137,12.569999694824219,12.654999732971191,378180
2025-06-12 12:30:00-04:00,12.600000381469727,12.729999542236328,12.600000381469727,12.694999694824219,221819
2025-06-12 13:30:00-04:00,12.654999732971191,12.71500015258789,12.579999923706055,12.59000015258789,511846
2025-06-12 14:30:00-04:00,12.710000038146973,12.739999771118164,12.640000343322754,12.649999618530273,398812
2025-06-12 15:30:00-04:00,12.720000267028809,12.729999542236328,12.619999885559082,12.71500015258789,614695
2025-06-13 09:30:00-04:00,12.300000190734863,12.574999809265137,12.289999961853027,12.359999656677246,609734
2025-06-13 10:30:00-04:00,12.375,12.404999732971191,12.305000305175781,12.305000305175781,405304
2025-06-13 11:30:00-04:00,12.375,12.4399995803833,12.319999694824219,12.380000114440918,334218
2025-06-13 12:30:00-04:00,12.40999984741211,12.447400093078613,12.329999923706055,12.375,651006
2025-06-13 13:30:00-04:00,12.24899959564209,12.420000076293945,12.244999885559082,12.414999961853027,594836
2025-06-13 14:30:00-04:00,12.125,12.274999618530273,12.119999885559082,12.244999885559082,700400
2025-06-13 15:30:00-04:00,12.170000076293945,12.220000267028809,12.100000381469727,12.130000114440918,1043673
2025-06-16 09:30:00-04:00,12.449999809265137,12.5,12.210000038146973,12.390000343322754,1066253
2025-06-16 10:30:00-04:00,12.441200256347656,12.630000114440918,12.414999961853027,12.460000038146973,502805
2025-06-16 11:30:00-04:00,12.515000343322754,12.595000267028809,12.40999984741211,12.4399995803833,504043
2025-06-16 12:30:00-04:00,12.595000267028809,12.609999656677246,12.515000343322754,12.520000457763672,454078
2025-06-16 13:30:00-04:00,12.529999732971191,12.600000381469727,12.520000457763672,12.595000267028809,339431
2025-06-16 14:30:00-04:00,12.539999961853027,12.579999923706055,12.444999694824219,12.524999618530273,460117
2025-06-16 15:30:00-04:00,12.619999885559082,12.734999656677246,12.529999732971191,12.545000076293945,1126258
2025-06-17 09:30:00-04:00,12.6850004196167,12.75,12.430000305175781,12.569999694824219,622457
2025-06-17 10:30:00-04:00,12.744999885559082,12.774999618530273,12.609999656677246,12.6850004196167,343657
2025-06-17 11:30:00-04:00,12.795000076293945,12.800000190734863,12.694999694824219,12.744999885559082,212041
2025-06-17 12:30:00-04:00,12.734999656677246,12.850000381469727,12.712400436401367,12.795000076293945,298020
2025-06-17 13:30:00-04:00,12.664999961853027,12.789999961853027,12.645000457763672,12.734999656677246,444291
2025-06-17 14:30:00-04:00,12.71500015258789,12.739999771118164,12.600000381469727,12.664999961853027,535280
2025-06-17 15:30:00-04:00,12.5600004196167,12.744999885559082,12.550000190734863,12.71500015258789,995170
2025-06-18 09:30:00-04:00,12.484999656677246,12.65999984741211,12.390000343322754,12.5600004196167,439186
2025-06-18 10:30:00-04:00,12.614999771118164,12.65999984741211,12.484999656677246,12.484999656677246,288800
2025-06-18 11:30:00-04:00,12.5649995803833,12.645000457763672,12.5649995803833,12.619999885559082,206642
2025-06-18 12:30:00-04:00,12.545000076293945,12.579999923706055,12.529999732971191,12.569899559020996,134458
2025-06-18 13:30:00-04:00,12.675000190734863,12.739999771118164,12.524999618530273,12.545000076293945,251111
2025-06-18 14:30:00-04:00,12.588199615478516,12.719900131225586,12.545000076293945,12.664999961853027,303833
2025-06-18 15:30:00-04:00,12.595000267028809,12.699999809265137,12.569999694824219,12.585000038146973,539586
2025-06-20 09:30:00-04:00,14.829999923706055,15.024999618530273,13.975000381469727,14.0,7043761
2025-06-20 10:30:00-04:00,14.470000267028809,14.869999885559082,14.155400276184082,14.84000015258789,2602594
2025-06-20 11:30:00-04:00,14.180000305175781,14.489999771118164,14.050000190734863,14.479999542236328,1306230
2025-06-20 12:30:00-04:00,14.060099601745605,14.210000038146973,13.979999542236328,14.180000305175781,1187999
2025-06-20 13:30:00-04:00,14.225000381469727,14.245200157165527,14.020000457763672,14.0649995803833,846988
2025-06-20 14:30:00-04:00,14.194999694824219,14.289999961853027,14.100000381469727,14.229999542236328,963643
2025-06-20 15:30:00-04:00,14.175000190734863,14.279999732971191,14.109999656677246,14.194999694824219,1873974
2025-06-23 09:30:00-04:00,17.389999389648438,17.459999084472656,15.260000228881836,16.059999465942383,13596538
2025-06-23 10:30:00-04:00,16.43000030517578,17.690000534057617,16.316999435424805,17.399999618530273,7045961
2025-06-23 11:30:00-04:00,16.052400588989258,16.68000030517578,16.030000686645508,16.485000610351562,3073773
2025-06-23 12:30:00-04:00,16.235000610351562,16.350000381469727,15.819999694824219,16.049999237060547,2772550
2025-06-23 13:30:00-04:00,16.650100708007812,16.75979995727539,16.15999984741211,16.239999771118164,2506923
2025-06-23 14:30:00-04:00,16.989999771118164,17.100000381469727,16.600000381469727,16.65839958190918,4528441
2025-06-23 15:30:00-04:00,16.795000076293945,17.045000076293945,16.68000030517578,16.989999771118164,3062423
2025-06-24 09:30:00-04:00,16.440000534057617,18.18000030517578,16.079999923706055,18.0,9622427
2025-06-24 10:30:00-04:00,16.1200008392334,16.440000534057617,16.092199325561523,16.43000030517578,2864776
2025-06-24 11:30:00-04:00,16.209999084472656,16.280000686645508,16.03660011291504,16.1299991607666,1674627
2025-06-24 12:30:00-04:00,16.125,16.389999389648438,16.100000381469727,16.209999084472656,1413440
2025-06-24 13:30:00-04:00,16.280000686645508,16.280000686645508,16.104999542236328,16.1299991607666,925432
2025-06-24 14:30:00-04:00,16.174999237060547,16.30500030517578,16.110000610351562,16.274999618530273,1592951
2025-06-24 15:30:00-04:00,16.110000610351562,16.264999389648438,16.065000534057617,16.170000076293945,2015488
2025-06-25 09:30:00-04:00,15.642900466918945,16.40999984741211,15.21500015258789,16.170000076293945,5849336
2025-06-25 10:30:00-04:00,15.508000373840332,15.649999618530273,15.369999885559082,15.630000114440918,2164831
2025-06-25 11:30:00-04:00,15.388999938964844,15.526300430297852,15.270500183105469,15.526300430297852,1193857
2025-06-25 12:30:00-04:00,15.54800033569336,15.54800033569336,15.380000114440918,15.380000114440918,858946
2025-06-25 13:30:00-04:00,15.3100004196167,15.550000190734863,15.300000190734863,15.539999961853027,734209
2025-06-25 14:30:00-04:00,15.220000267028809,15.319999694824219,15.130000114440918,15.3149995803833,1134743
2025-06-25 15:30:00-04:00,15.015000343322754,15.229999542236328,14.9350004196167,15.216500282287598,2102479
2025-06-26 09:30:00-04:00,14.981200218200684,15.289999961853027,14.4350004196167,15.010000228881836,4117372
2025-06-26 10:30:00-04:00,15.279999732971191,15.579999923706055,14.895000457763672,14.986499786376953,2002851
2025-06-26 11:30:00-04:00,15.390000343322754,15.430000305175781,15.119999885559082,15.270000457763672,988498
2025-06-26 12:30:00-04:00,15.510000228881836,15.619999885559082,15.289999961853027,15.385000228881836,1343603
2025-06-26 13:30:00-04:00,15.375,15.539999961853027,15.260000228881836,15.510000228881836,905263
2025-06-26 14:30:00-04:00,15.385000228881836,15.489999771118164,15.305000305175781,15.380000114440918,952191
2025-06-26 15:30:00-04:00,15.324999809265137,15.385000228881836,15.21500015258789,15.385000228881836,1672452
2025-06-27 09:30:00-04:00,15.649999618530273,15.890000343322754,15.0600004196167,15.34000015258789,2863726
2025-06-27 10:30:00-04:00,15.454999923706055,16.25,15.369999885559082,15.649999618530273,3024136
2025-06-27 11:30:00-04:00,15.40999984741211,15.649999618530273,15.33530044555664,15.455300331115723,1300706
2025-06-27 12:30:00-04:00,15.300000190734863,15.425000190734863,15.239999771118164,15.404999732971191,951113
2025-06-27 13:30:00-04:00,14.994999885559082,15.308799743652344,14.970000267028809,15.295000076293945,1349028
2025-06-27 14:30:00-04:00,14.914999961853027,15.09000015258789,14.890000343322754,14.994999885559082,1582259
2025-06-27 15:30:00-04:00,15.130000114440918,15.130000114440918,14.899999618530273,14.920000076293945,1437599
2025-06-30 09:30:00-04:00,16.170000076293945,16.299999237060547,15.470000267028809,15.5,5036118
2025-06-30 10:30:00-04:00,15.49590015411377,16.190000534057617,15.430000305175781,16.155000686645508,2462738
2025-06-30 11:30:00-04:00,15.5600004196167,15.65999984741211,15.40999984741211,15.489999771118164,1295257
2025-06-30 12:30:00-04:00,15.486499786376953,15.600000381469727,15.420000076293945,15.553500175476074,1046262
2025-06-30 13:30:00-04:00,15.574999809265137,15.600000381469727,15.449199676513672,15.489999771118164,680919
2025-06-30 14:30:00-04:00,15.369999885559082,15.600000381469727,15.359999656677246,15.571900367736816,1012808
2025-06-30 15:30:00-04:00,15.488800048828125,15.574999809265137,15.300000190734863,15.359999656677246,1629515
2025-07-01 09:30:00-04:00,14.970100402832031,15.837499618530273,14.9399995803833,15.350000381469727,2467777
2025-07-01 10:30:00-04:00,14.895600318908691,15.050000190734863,14.704999923706055,14.975000381469727,2186497
2025-07-01 11:30:00-04:00,15.130000114440918,15.145000457763672,14.710000038146973,14.885000228881836,1363480
2025-07-01 12:30:00-04:00,15.329999923706055,15.350000381469727,15.100000381469727,15.125,780155
2025-07-01 13:30:00-04:00,15.324999809265137,15.4399995803833,15.239999771118164,15.34000015258789,662962
2025-07-01 14:30:00-04:00,15.234999656677246,15.46500015258789,15.095000267028809,15.319999694824219,763871
2025-07-01 15:30:00-04:00,15.130000114440918,15.238699913024902,15.109999656677246,15.234999656677246,1097137
2025-07-02 09:30:00-04:00,15.069999694824219,15.180000305175781,14.890000343322754,15.0,1703945
2025-07-02 10:30:00-04:00,14.944999694824219,15.210000038146973,14.944999694824219,15.069999694824219,992153
2025-07-02 11:30:00-04:00,15.029999732971191,15.119999885559082,14.930000305175781,14.9399995803833,556109
2025-07-02 12:30:00-04:00,14.954999923706055,15.149999618530273,14.90999984741211,15.03499984741211,591202
2025-07-02 13:30:00-04:00,14.949999809265137,15.0,14.899999618530273,14.960000038146973,567016
2025-07-02 14:30:00-04:00,15.039999961853027,15.09000015258789,14.850000381469727,14.949999809265137,839874
2025-07-02 15:30:00-04:00,15.15999984741211,15.180000305175781,14.989999771118164,15.03499984741211,1640377
2025-07-03 09:30:00-04:00,15.350000381469727,15.569999694824219,15.074999809265137,15.199999809265137,1836431
2025-07-03 10:30:00-04:00,15.79520034790039,15.835000038146973,15.335100173950195,15.335100173950195,1904188
2025-07-03 11:30:00-04:00,15.521100044250488,15.90999984741211,15.520000457763672,15.792900085449219,1085860
2025-07-07 09:30:00-04:00,15.255000114440918,15.34570026397705,14.729999542236328,15.335000038146973,3045228
2025-07-07 10:30:00-04:00,14.9399995803833,15.316900253295898,14.920000076293945,15.260000228881836,1502336
2025-07-07 11:30:00-04:00,14.869999885559082,15.0,14.774999618530273,14.944999694824219,1012059
2025-07-07 12:30:00-04:00,14.839900016784668,14.904999732971191,14.75,14.864999771118164,827704
2025-07-07 13:30:00-04:00,14.720000267028809,14.899999618530273,14.71500015258789,14.839699745178223,585821
2025-07-07 14:30:00-04:00,14.885000228881836,14.930000305175781,14.710000038146973,14.720000267028809,681067
2025-07-07 15:30:00-04:00,14.880000114440918,14.9399995803833,14.845000267028809,14.880000114440918,821038
2025-07-08 09:30:00-04:00,14.744999885559082,14.970000267028809,14.619999885559082,14.899999618530273,1948166
2025-07-08 10:30:00-04:00,14.765000343322754,14.930000305175781,14.734999656677246,14.744999885559082,693251
2025-07-08 11:30:00-04:00,14.904999732971191,14.90999984741211,14.75,14.770000457763672,521065
2025-07-08 12:30:00-04:00,14.846500396728516,14.930000305175781,14.770000457763672,14.90999984741211,406346
2025-07-08 13:30:00-04:00,14.928299903869629,15.050000190734863,14.845000267028809,14.848299980163574,710266
2025-07-08 14:30:00-04:00,14.930000305175781,15.0,14.84000015258789,14.925000190734863,431121
2025-07-08 15:30:00-04:00,14.989999771118164,15.09000015258789,14.920000076293945,14.930100440979004,857484
2025-07-09 09:30:00-04:00,15.319999694824219,15.555000305175781,14.949999809265137,15.0600004196167,1775581
2025-07-09 10:30:00-04:00,15.385000228881836,15.460000038146973,15.229999542236328,15.319999694824219,920473
2025-07-09 11:30:00-04:00,15.625,15.670000076293945,15.34000015258789,15.385000228881836,1225351
2025-07-09 12:30:00-04:00,15.576700210571289,15.720000267028809,15.454999923706055,15.619999885559082,999405
2025-07-09 13:30:00-04:00,15.670000076293945,15.859999656677246,15.5600004196167,15.579899787902832,964349
2025-07-09 14:30:00-04:00,15.404999732971191,15.680000305175781,15.3149995803833,15.661600112915039,1197616
2025-07-09 15:30:00-04:00,15.265000343322754,15.414999961853027,15.239999771118164,15.404999732971191,1655963
2025-07-10 09:30:00-04:00,14.960000038146973,15.244999885559082,14.789999961853027,15.130000114440918,2486939
2025-07-10 10:30:00-04:00,15.074999809265137,15.164999961853027,14.940199851989746,14.970000267028809,814588
2025-07-10 11:30:00-04:00,15.228699684143066,15.28499984741211,15.078800201416016,15.078800201416016,521047
2025-07-10 12:30:00-04:00,15.194999694824219,15.23799991607666,15.095000267028809,15.229999542236328,437573
2025-07-10 13:30:00-04:00,15.130000114440918,15.3100004196167,15.09000015258789,15.194999694824219,483170
2025-07-10 14:30:00-04:00,14.96500015258789,15.140000343322754,14.960000038146973,15.135299682617188,640448
2025-07-10 15:30:00-04:00,14.930000305175781,15.03499984741211,14.880000114440918,14.960000038146973,902519
2025-07-11 09:30:00-04:00,14.418100357055664,14.850000381469727,14.194999694824219,14.600000381469727,3224929
2025-07-11 10:30:00-04:00,14.140000343322754,14.4399995803833,13.989999771118164,14.420000076293945,2067998
2025-07-11 11:30:00-04:00,14.175000190734863,14.260000228881836,14.102700233459473,14.149999618530273,972645
2025-07-11 12:30:00-04:00,14.229999542236328,14.295000076293945,14.15999984741211,14.170000076293945,755975
2025-07-11 13:30:00-04:00,14.112299919128418,14.268699645996094,14.109999656677246,14.23449993133545,542326
2025-07-11 14:30:00-04:00,13.984999656677246,14.169899940490723,13.930000305175781,14.114999771118164,1085697
2025-07-11 15:30:00-04:00,14.0,14.04990005493164,13.859999656677246,13.979999542236328,2031565
2025-07-14 09:30:00-04:00,14.175000190734863,14.239999771118164,13.739999771118164,13.920000076293945,1614555
2025-07-14 10:30:00-04:00,14.204999923706055,14.300000190734863,14.100000381469727,14.170299530029297,664294
2025-07-14 11:30:00-04:00,14.21500015258789,14.3100004196167,14.140000343322754,14.204999923706055,451237
2025-07-14 12:30:00-04:00,14.270000457763672,14.329999923706055,14.180000305175781,14.21500015258789,665851
2025-07-14 13:30:00-04:00,14.192099571228027,14.274999618530273,14.154999732971191,14.274999618530273,353192
2025-07-14 14:30:00-04:00,14.21500015258789,14.319999694824219,14.180000305175781,14.197199821472168,515079
2025-07-14 15:30:00-04:00,14.145000457763672,14.305000305175781,14.140000343322754,14.21500015258789,1327630
2025-07-15 09:30:00-04:00,14.345000267028809,14.59000015258789,14.164999961853027,14.300000190734863,1663015
2025-07-15 10:30:00-04:00,14.335000038146973,14.380000114440918,14.114999771118164,14.34000015258789,1042141
2025-07-15 11:30:00-04:00,14.300000190734863,14.404999732971191,14.255000114440918,14.33650016784668,535819
2025-07-15 12:30:00-04:00,14.324999809265137,14.4399995803833,14.29010009765625,14.300000190734863,1073876
2025-07-15 13:30:00-04:00,14.225000381469727,14.385000228881836,14.220000267028809,14.324999809265137,536797
2025-07-15 14:30:00-04:00,14.0649995803833,14.229999542236328,14.0649995803833,14.225000381469727,664638
2025-07-15 15:30:00-04:00,14.029999732971191,14.199799537658691,14.0,14.0649995803833,1255740
2025-07-16 09:30:00-04:00,14.460000038146973,14.520000457763672,14.289999961853027,14.350000381469727,1830151
2025-07-16 10:30:00-04:00,14.319999694824219,14.529999732971191,14.274999618530273,14.460000038146973,1467776
2025-07-16 11:30:00-04:00,14.300000190734863,14.430000305175781,14.135000228881836,14.319999694824219,1330212
2025-07-16 12:30:00-04:00,14.65999984741211,14.669899940490723,14.21500015258789,14.289999961853027,1569186
2025-07-16 13:30:00-04:00,14.779999732971191,14.789999961853027,14.619999885559082,14.654999732971191,1179369
2025-07-16 14:30:00-04:00,14.895000457763672,14.949999809265137,14.701800346374512,14.774999618530273,1546471
2025-07-16 15:30:00-04:00,14.960000038146973,15.005000114440918,14.890000343322754,14.899999618530273,1687189
2025-07-17 09:30:00-04:00,15.755000114440918,15.859999656677246,15.140000343322754,15.220000267028809,3967968
2025-07-17 10:30:00-04:00,16.09000015258789,16.19499969482422,15.65999984741211,15.760000228881836,2199370
2025-07-17 11:30:00-04:00,15.920100212097168,16.309999465942383,15.920000076293945,16.100000381469727,1725376
2025-07-17 12:30:00-04:00,15.779999732971191,15.930000305175781,15.640000343322754,15.925000190734863,1716450
2025-07-17 13:30:00-04:00,15.824999809265137,15.890000343322754,15.75,15.779999732971191,1002465
2025-07-17 14:30:00-04:00,15.795000076293945,15.864999771118164,15.720000267028809,15.824999809265137,1217550
2025-07-17 15:30:00-04:00,15.90999984741211,16.075000762939453,15.791999816894531,15.795000076293945,2584782
2025-07-18 09:30:00-04:00,15.840100288391113,16.260000228881836,15.779999732971191,16.25,3551503
2025-07-18 10:30:00-04:00,15.96500015258789,16.100000381469727,15.824999809265137,15.845000267028809,996474
2025-07-18 11:30:00-04:00,15.989999771118164,16.229999542236328,15.914999961853027,15.960000038146973,1137968
2025-07-18 12:30:00-04:00,15.96500015258789,16.030000686645508,15.890000343322754,16.0,640385
2025-07-18 13:30:00-04:00,15.845000267028809,16.0049991607666,15.6899995803833,15.960000038146973,1094701
2025-07-18 14:30:00-04:00,15.664999961853027,15.850000381469727,15.649999618530273,15.84000015258789,585683
2025-07-18 15:30:00-04:00,15.579999923706055,15.755200386047363,15.579999923706055,15.649700164794922,1262850
2025-07-21 09:30:00-04:00,16.06999969482422,16.420000076293945,15.930000305175781,16.06999969482422,3616162
2025-07-21 10:30:00-04:00,16.147499084472656,16.155000686645508,15.960000038146973,16.075000762939453,1215422
2025-07-21 11:30:00-04:00,15.604999542236328,16.149999618530273,15.579999923706055,16.145000457763672,1570473
2025-07-21 12:30:00-04:00,16.040000915527344,16.09000015258789,15.59000015258789,15.604999542236328,1446521
2025-07-21 13:30:00-04:00,16.101299285888672,16.209999084472656,16.0049991607666,16.03700065612793,879979
2025-07-21 14:30:00-04:00,15.764900207519531,16.121000289916992,15.710000038146973,16.104999542236328,1113098
2025-07-21 15:30:00-04:00,15.640000343322754,15.800000190734863,15.600000381469727,15.765000343322754,1304512
2025-07-22 09:30:00-04:00,15.069999694824219,15.484999656677246,14.91469955444336,15.484999656677246,2678256
2025-07-22 10:30:00-04:00,15.375,15.399999618530273,15.0649995803833,15.0649995803833,1324676
2025-07-22 11:30:00-04:00,15.225000381469727,15.404999732971191,15.220000267028809,15.380000114440918,751111
2025-07-22 12:30:00-04:00,15.53499984741211,15.53499984741211,15.220000267028809,15.225000381469727,800470
2025-07-22 13:30:00-04:00,15.289999961853027,15.569999694824219,15.220000267028809,15.539999961853027,960499
2025-07-22 14:30:00-04:00,15.619999885559082,15.630000114440918,15.289999961853027,15.295000076293945,1044998
2025-07-22 15:30:00-04:00,15.630000114440918,15.680000305175781,15.538299560546875,15.625,1166096
2025-07-23 09:30:00-04:00,16.0,16.030000686645508,15.622200012207031,15.699999809265137,2371344
2025-07-23 10:30:00-04:00,16.066499710083008,16.18000030517578,15.989999771118164,15.999899864196777,1869907
2025-07-23 11:30:00-04:00,15.954999923706055,16.187999725341797,15.930000305175781,16.06999969482422,677286
2025-07-23 12:30:00-04:00,16.135000228881836,16.139999389648438,15.939599990844727,15.954999923706055,573180
2025-07-23 13:30:00-04:00,16.325000762939453,16.457000732421875,16.08009910583496,16.139799118041992,1485069
2025-07-23 14:30:00-04:00,16.399999618530273,16.510000228881836,16.274999618530273,16.31999969482422,1105191
2025-07-23 15:30:00-04:00,16.559799194335938,16.56999969482422,16.31999969482422,16.394800186157227,1411472
2025-07-24 09:30:00-04:00,16.395000457763672,16.829999923706055,16.360000610351562,16.549999237060547,2764705
2025-07-24 10:30:00-04:00,16.260000228881836,16.5,16.2450008392334,16.399999618530273,1109517
2025-07-24 11:30:00-04:00,15.899999618530273,16.258800506591797,15.859999656677246,16.2549991607666,1330136
2025-07-24 12:30:00-04:00,15.93179988861084,16.010000228881836,15.770000457763672,15.899999618530273,954989
2025-07-24 13:30:00-04:00,15.9350004196167,15.984999656677246,15.850000381469727,15.9350004196167,713075
2025-07-24 14:30:00-04:00,16.05500030517578,16.079999923706055,15.869999885559082,15.9350004196167,467324
2025-07-24 15:30:00-04:00,15.890000343322754,16.065000534057617,15.869999885559082,16.05500030517578,884505
2025-07-25 09:30:00-04:00,15.729999542236328,15.9399995803833,15.6899995803833,15.845000267028809,1196744
2025-07-25 10:30:00-04:00,15.675000190734863,15.770000457763672,15.619999885559082,15.729999542236328,696876
2025-07-25 11:30:00-04:00,15.755000114440918,15.789999961853027,15.579999923706055,15.675000190734863,492907
2025-07-25 12:30:00-04:00,15.645000457763672,15.760000228881836,15.640000343322754,15.75879955291748,391539
2025-07-25 13:30:00-04:00,15.668100357055664,15.704999923706055,15.569999694824219,15.645000457763672,516213
2025-07-25 14:30:00-04:00,15.859999656677246,15.9350004196167,15.65999984741211,15.65999984741211,730949
2025-07-25 15:30:00-04:00,16.04010009765625,16.059999465942383,15.845000267028809,15.854999542236328,897900
2025-07-28 09:30:00-04:00,15.954999923706055,16.25,15.9399995803833,16.170000076293945,1295937
2025-07-28 10:30:00-04:00,15.914999961853027,16.040000915527344,15.859999656677246,15.949999809265137,725316
2025-07-28 11:30:00-04:00,15.949999809265137,15.970000267028809,15.78499984741211,15.914999961853027,577512
2025-07-28 12:30:00-04:00,15.895000457763672,16.030000686645508,15.880000114440918,15.960000038146973,415156
2025-07-28 13:30:00-04:00,15.982000350952148,16.0,15.87339973449707,15.890199661254883,323370
2025-07-28 14:30:00-04:00,16.03499984741211,16.1299991607666,15.960000038146973,15.984800338745117,443797
2025-07-28 15:30:00-04:00,16.075000762939453,16.15999984741211,16.020000457763672,16.040000915527344,753507
2025-07-29 09:30:00-04:00,15.779999732971191,16.049999237060547,15.649999618530273,16.030000686645508,1261483
2025-07-29 10:30:00-04:00,15.399999618530273,15.800000190734863,15.381199836730957,15.779999732971191,886931
2025-07-29 11:30:00-04:00,15.305000305175781,15.489999771118164,15.265000343322754,15.391200065612793,778300
2025-07-29 12:30:00-04:00,15.539999961853027,15.550000190734863,15.255000114440918,15.305000305175781,626621
2025-07-29 13:30:00-04:00,15.404999732971191,15.550000190734863,15.390000343322754,15.539999961853027,322638
2025-07-29 14:30:00-04:00,15.510000228881836,15.529999732971191,15.404999732971191,15.404999732971191,329253
2025-07-29 15:30:00-04:00,15.489999771118164,15.609999656677246,15.40999984741211,15.515000343322754,1079020
2025-07-30 09:30:00-04:00,15.489999771118164,15.52750015258789,15.210000038146973,15.359999656677246,953985
2025-07-30 10:30:00-04:00,15.574999809265137,15.649999618530273,15.484999656677246,15.5,525309
2025-07-30 11:30:00-04:00,15.661199569702148,15.675000190734863,15.550000190734863,15.57859992980957,376472
2025-07-30 12:30:00-04:00,15.729999542236328,15.770000457763672,15.614999771118164,15.670000076293945,337192
2025-07-30 13:30:00-04:00,15.635000228881836,15.739999771118164,15.555000305175781,15.734999656677246,312675
2025-07-30 14:30:00-04:00,15.364999771118164,15.739999771118164,15.220000267028809,15.635000228881836,844086
2025-07-30 15:30:00-04:00,15.5649995803833,15.59000015258789,15.335000038146973,15.369999885559082,819230
2025-07-31 09:30:00-04:00,15.979999542236328,16.0,15.470000267028809,15.707799911499023,1360209
2025-07-31 10:30:00-04:00,15.960000038146973,16.084999084472656,15.880000114440918,15.984999656677246,1289807
2025-07-31 11:30:00-04:00,16.264999389648438,16.364999771118164,15.930000305175781,15.95009994506836,1244659
2025-07-31 12:30:00-04:00,15.967599868774414,16.350000381469727,15.930000305175781,16.264999389648438,837391
2025-07-31 13:30:00-04:00,16.00830078125,16.020000457763672,15.739999771118164,15.965200424194336,930928
2025-07-31 14:30:00-04:00,15.96500015258789,16.059999465942383,15.914999961853027,16.010000228881836,836172
2025-07-31 15:30:00-04:00,15.670000076293945,15.994999885559082,15.65999984741211,15.970000267028809,1212782
2025-08-01 09:30:00-04:00,14.96500015258789,15.149999618530273,14.550000190734863,15.140000343322754,3196828
2025-08-01 10:30:00-04:00,14.9399995803833,15.0600004196167,14.86520004272461,14.970000267028809,876240
2025-08-01 11:30:00-04:00,15.239999771118164,15.255000114440918,14.904999732971191,14.9350004196167,585614
2025-08-01 12:30:00-04:00,14.984999656677246,15.279999732971191,14.970000267028809,15.244999885559082,722499
2025-08-01 13:30:00-04:00,15.005000114440918,15.045000076293945,14.850000381469727,14.989999771118164,422941
2025-08-01 14:30:00-04:00,14.989999771118164,15.069999694824219,14.9350004196167,15.0,600549
2025-08-01 15:30:00-04:00,15.079999923706055,15.09000015258789,14.924699783325195,14.984999656677246,976767
2025-08-04 09:30:00-04:00,15.530099868774414,15.550000190734863,15.0,15.149999618530273,1387805
2025-08-04 10:30:00-04:00,15.576000213623047,15.600000381469727,15.380000114440918,15.529999732971191,567985
2025-08-04 11:30:00-04:00,15.640000343322754,15.649999618530273,15.530099868774414,15.5600004196167,411190
2025-08-04 12:30:00-04:00,15.720000267028809,15.760000228881836,15.590900421142578,15.635000228881836,451703
2025-08-04 13:30:00-04:00,15.704999923706055,15.779999732971191,15.65999984741211,15.710000038146973,466815
2025-08-04 14:30:00-04:00,15.78499984741211,15.79740047454834,15.699999809265137,15.704999923706055,553123
2025-08-04 15:30:00-04:00,15.8100004196167,15.819999694824219,15.710000038146973,15.78499984741211,784719
2025-08-05 09:30:00-04:00,15.760000228881836,16.139999389648438,15.699999809265137,16.0,2902678
2025-08-05 10:30:00-04:00,15.664999961853027,15.8100004196167,15.579999923706055,15.765000343322754,1176552
2025-08-05 11:30:00-04:00,15.854999542236328,15.854999542236328,15.579999923706055,15.664999961853027,644152
2025-08-05 12:30:00-04:00,15.779999732971191,15.90999984741211,15.734999656677246,15.851699829101562,785387
2025-08-05 13:30:00-04:00,15.824999809265137,15.919899940490723,15.760000228881836,15.770000457763672,842742
2025-08-05 14:30:00-04:00,16.0,16.059999465942383,15.770000457763672,15.819999694824219,1378555
2025-08-05 15:30:00-04:00,15.899999618530273,16.1299991607666,15.880000114440918,16.0049991607666,2534112
2025-08-06 09:30:00-04:00,20.09000015258789,20.489999771118164,18.549999237060547,18.549999237060547,23745613
2025-08-06 10:30:00-04:00,20.361799240112305,20.420000076293945,19.780000686645508,20.082500457763672,6495352
2025-08-06 11:30:00-04:00,19.565000534057617,20.46809959411621,19.510000228881836,20.364999771118164,3663119
2025-08-06 12:30:00-04:00,20.17009925842285,20.200000762939453,19.209999084472656,19.56999969482422,3705019
2025-08-06 13:30:00-04:00,19.920000076293945,20.325000762939453,19.864999771118164,20.170000076293945,2246795
2025-08-06 14:30:00-04:00,20.100000381469727,20.190000534057617,19.770000457763672,19.912900924682617,2151249
2025-08-06 15:30:00-04:00,20.210100173950195,20.280000686645508,19.989999771118164,20.09000015258789,3928389
2025-08-07 09:30:00-04:00,19.260099411010742,21.020000457763672,19.1299991607666,20.6299991607666,5539843
2025-08-07 10:30:00-04:00,18.68000030517578,19.440000534057617,18.600000381469727,19.270000457763672,3475248
2025-08-07 11:30:00-04:00,19.047199249267578,19.079999923706055,18.65999984741211,18.685199737548828,2548706
2025-08-07 12:30:00-04:00,18.710100173950195,19.05500030517578,18.710100173950195,19.045000076293945,1764234
2025-08-07 13:30:00-04:00,18.844999313354492,19.010000228881836,18.649999618530273,18.71500015258789,1823309
2025-08-07 14:30:00-04:00,19.25,19.350000381469727,18.774999618530273,18.84000015258789,2366060
2025-08-07 15:30:00-04:00,19.579999923706055,19.674999237060547,19.2549991607666,19.2549991607666,2955862
2025-08-08 09:30:00-04:00,19.520000457763672,19.860000610351562,19.010000228881836,19.350000381469727,3361472
2025-08-08 10:30:00-04:00,19.010499954223633,19.559999465942383,18.93120002746582,19.520000457763672,1607395
2025-08-08 11:30:00-04:00,19.0049991607666,19.274999618530273,18.954999923706055,19.020000457763672,1401105
2025-08-08 12:30:00-04:00,19.057199478149414,19.135000228881836,18.899999618530273,19.0049991607666,1089265
2025-08-08 13:30:00-04:00,18.770000457763672,19.09000015258789,18.750200271606445,19.05500030517578,1269208
2025-08-08 14:30:00-04:00,18.739900588989258,18.8799991607666,18.684999465942383,18.780000686645508,1355357
2025-08-08 15:30:00-04:00,18.742300033569336,18.864999771118164,18.670000076293945,18.729999542236328,1956562
2025-08-11 09:30:00-04:00,18.520000457763672,18.950000762939453,18.239999771118164,18.549999237060547,2035726
2025-08-11 10:30:00-04:00,18.34000015258789,18.6200008392334,18.239999771118164,18.510000228881836,1380619
2025-08-11 11:30:00-04:00,18.28499984741211,18.469999313354492,18.261199951171875,18.34000015258789,714250
2025-08-11 12:30:00-04:00,18.024999618530273,18.290000915527344,17.954999923706055,18.290000915527344,1330963
2025-08-11 13:30:00-04:00,17.94499969482422,18.0575008392334,17.920000076293945,18.024999618530273,782077
2025-08-11 14:30:00-04:00,17.985000610351562,18.06999969482422,17.864999771118164,17.94499969482422,1132943
2025-08-11 15:30:00-04:00,17.9950008392334,18.167499542236328,17.905000686645508,17.985000610351562,1931962
2025-08-12 09:30:00-04:00,18.200000762939453,18.299999237060547,17.594999313354492,18.049999237060547,2581180
2025-08-12 10:30:00-04:00,18.30500030517578,18.399999618530273,18.12529945373535,18.209999084472656,1083724
2025-08-12 11:30:00-04:00,18.594999313354492,18.670000076293945,18.25,18.309999465942383,1654799
2025-08-12 12:30:00-04:00,18.610000610351562,18.719900131225586,18.5,18.59000015258789,687856
2025-08-12 13:30:00-04:00,18.559999465942383,18.81999969482422,18.540000915527344,18.614999771118164,893611
2025-08-12 14:30:00-04:00,18.610000610351562,18.690000534057617,18.520000457763672,18.559999465942383,852415
2025-08-12 15:30:00-04:00,18.530000686645508,18.700000762939453,18.415000915527344,18.610000610351562,1465390
2025-08-13 09:30:00-04:00,18.709999084472656,19.100000381469727,18.510000228881836,18.899999618530273,2494045
2025-08-13 10:30:00-04:00,18.479999542236328,18.739999771118164,18.43000030517578,18.708799362182617,1152757
2025-08-13 11:30:00-04:00,18.424999237060547,18.6299991607666,18.300899505615234,18.475000381469727,904930
2025-08-13 12:30:00-04:00,18.625,18.62849998474121,18.372800827026367,18.43000030517578,446339
2025-08-13 13:30:00-04:00,18.34000015258789,18.639999389648438,18.239999771118164,18.6200008392334,1019207
2025-08-13 14:30:00-04:00,18.549999237060547,18.549999237060547,18.299999237060547,18.34000015258789,504530
2025-08-13 15:30:00-04:00,18.440000534057617,18.600000381469727,18.399999618530273,18.55500030517578,1189561
2025-08-14 09:30:00-04:00,17.860000610351562,18.34000015258789,17.68000030517578,18.09000015258789,2060866
2025-08-14 10:30:00-04:00,17.68000030517578,18.03890037536621,17.65999984741211,17.8799991607666,812725
2025-08-14 11:30:00-04:00,17.649999618530273,17.84000015258789,17.579999923706055,17.68709945678711,695549
2025-08-14 12:30:00-04:00,17.69499969482422,17.704999923706055,17.614999771118164,17.660600662231445,406741
2025-08-14 13:30:00-04:00,17.645599365234375,17.729999542236328,17.5231990814209,17.69499969482422,686100
2025-08-14 14:30:00-04:00,17.674999237060547,17.79990005493164,17.649999618530273,17.649999618530273,570296
2025-08-14 15:30:00-04:00,17.809999465942383,17.875,17.639999389648438,17.68000030517578,1456982
2025-08-15 09:30:00-04:00,18.260000228881836,18.43000030517578,17.75,17.950000762939453,2269782
2025-08-15 10:30:00-04:00,18.639999389648438,18.68000030517578,18.200000762939453,18.270000457763672,1381487
2025-08-15 11:30:00-04:00,18.885700225830078,18.934999465942383,18.600000381469727,18.649999618530273,1074102
2025-08-15 12:30:00-04:00,19.110000610351562,19.139999389648438,18.860000610351562,18.885000228881836,980619
2025-08-15 13:30:00-04:00,18.950000762939453,19.114999771118164,18.899999618530273,19.101600646972656,877534
2025-08-15 14:30:00-04:00,18.889999389648438,18.969999313354492,18.84000015258789,18.954999923706055,664241
2025-08-15 15:30:00-04:00,19.1200008392334,19.1299991607666,18.860000610351562,18.889999389648438,1346241
2025-08-18 09:30:00-04:00,19.56999969482422,19.600000381469727,18.885000228881836,19.0,2865795
2025-08-18 10:30:00-04:00,19.454999923706055,19.770000457763672,19.440099716186523,19.56999969482422,1625499
2025-08-18 11:30:00-04:00,19.700000762939453,19.729999542236328,19.42009925842285,19.454999923706055,772774
2025-08-18 12:30:00-04:00,19.725000381469727,19.75,19.614999771118164,19.700000762939453,464598
2025-08-18 13:30:00-04:00,19.834999084472656,19.85420036315918,19.581199645996094,19.729999542236328,785813
2025-08-18 14:30:00-04:00,19.75,19.84000015258789,19.709999084472656,19.834999084472656,551713
2025-08-18 15:30:00-04:00,19.709999084472656,19.770000457763672,19.635000228881836,19.75,955601
2025-08-19 09:30:00-04:00,19.545000076293945,19.989999771118164,19.458200454711914,19.709999084472656,1859111
2025-08-19 10:30:00-04:00,19.219999313354492,19.559999465942383,19.059999465942383,19.545000076293945,1980680
2025-08-19 11:30:00-04:00,18.997800827026367,19.389999389648438,18.979999542236328,19.226200103759766,1062913
2025-08-19 12:30:00-04:00,18.91510009765625,19.030000686645508,18.739999771118164,18.997800827026367,961884
2025-08-19 13:30:00-04:00,18.94499969482422,19.06999969482422,18.854999542236328,18.915000915527344,643226
2025-08-19 14:30:00-04:00,19.020000457763672,19.079999923706055,18.905000686645508,18.94420051574707,747558
2025-08-19 15:30:00-04:00,19.010000228881836,19.110000610351562,18.94099998474121,19.010000228881836,1588073
2025-08-20 09:30:00-04:00,17.5856990814209,18.790000915527344,17.56999969482422,18.709999084472656,3716084
2025-08-20 10:30:00-04:00,17.833900451660156,17.8700008392334,17.3799991607666,17.579999923706055,1986924
2025-08-20 11:30:00-04:00,17.809999465942383,17.969999313354492,17.610000610351562,17.829999923706055,1068780
2025-08-20 12:30:00-04:00,17.90999984741211,17.920000076293945,17.600000381469727,17.799999237060547,1179054
2025-08-20 13:30:00-04:00,17.7450008392334,18.010000228881836,17.704999923706055,17.913999557495117,800571
2025-08-20 14:30:00-04:00,17.979999542236328,18.010000228881836,17.71500015258789,17.7450008392334,899892
2025-08-20 15:30:00-04:00,18.170000076293945,18.264999389648438,17.969999313354492,17.989999771118164,1285356
2025-08-21 09:30:00-04:00,18.375,18.420000076293945,17.900800704956055,17.950000762939453,1484183
2025-08-21 10:30:00-04:00,18.250099182128906,18.3700008392334,18.110000610351562,18.3700008392334,620769
2025-08-21 11:30:00-04:00,18.065000534057617,18.375,18.049999237060547,18.260000228881836,504791
2025-08-21 12:30:00-04:00,17.954999923706055,18.128400802612305,17.934999465942383,18.06999969482422,500613
2025-08-21 13:30:00-04:00,18.1200008392334,18.170000076293945,17.959999084472656,17.959999084472656,405380
2025-08-21 14:30:00-04:00,18.295000076293945,18.34000015258789,18.090099334716797,18.1299991607666,506773
2025-08-21 15:30:00-04:00,18.290000915527344,18.364999771118164,18.19499969482422,18.295000076293945,817197
2025-08-22 09:30:00-04:00,19.280000686645508,19.520000457763672,18.280000686645508,18.3700008392334,2496394
2025-08-22 10:30:00-04:00,19.5,19.584999084472656,19.25,19.280000686645508,1313307
2025-08-22 11:30:00-04:00,19.469999313354492,19.6200008392334,19.434999465942383,19.5,750868
2025-08-22 12:30:00-04:00,19.6200008392334,19.690000534057617,19.469999313354492,19.479999542236328,570521
2025-08-22 13:30:00-04:00,19.530000686645508,19.649999618530273,19.520000457763672,19.6299991607666,662575
2025-08-22 14:30:00-04:00,19.454999923706055,19.59000015258789,19.434999465942383,19.530000686645508,713701
2025-08-22 15:30:00-04:00,19.559999465942383,19.639999389648438,19.434999465942383,19.454999923706055,1577895
2025-08-25 09:30:00-04:00,19.600000381469727,19.638999938964844,19.209999084472656,19.479999542236328,1406269
2025-08-25 10:30:00-04:00,19.610000610351562,19.790000915527344,19.510000228881836,19.594999313354492,754060
2025-08-25 11:30:00-04:00,19.375,19.61989974975586,19.3700008392334,19.610000610351562,630628
2025-08-25 12:30:00-04:00,19.439699172973633,19.479999542236328,19.360000610351562,19.375,375160
2025-08-25 13:30:00-04:00,19.48509979248047,19.559999465942383,19.399999618530273,19.440000534057617,403250
2025-08-25 14:30:00-04:00,19.764999389648438,19.78499984741211,19.475000381469727,19.488300323486328,633135
2025-08-25 15:30:00-04:00,19.704999923706055,19.790000915527344,19.65999984741211,19.760000228881836,954074
2025-08-26 09:30:00-04:00,19.80500030517578,19.889999389648438,19.40999984741211,19.40999984741211,1092800
2025-08-26 10:30:00-04:00,19.59239959716797,19.850000381469727,19.59239959716797,19.799999237060547,495757
2025-08-26 11:30:00-04:00,19.770000457763672,19.809999465942383,19.579999923706055,19.59000015258789,273176
2025-08-26 12:30:00-04:00,19.704999923706055,19.799999237060547,19.651199340820312,19.763700485229492,177338
2025-08-26 13:30:00-04:00,19.65999984741211,19.770000457763672,19.6299991607666,19.709999084472656,214785
2025-08-26 14:30:00-04:00,19.795000076293945,19.809999465942383,19.604999542236328,19.65999984741211,372699
2025-08-26 15:30:00-04:00,19.700000762939453,19.84000015258789,19.6299991607666,19.790000915527344,713975
2025-08-27 09:30:00-04:00,20.139999389648438,20.329999923706055,19.860000610351562,19.969999313354492,2446814
2025-08-27 10:30:00-04:00,20.264999389648438,20.270000457763672,20.0,20.14349937438965,816796
2025-08-27 11:30:00-04:00,19.975000381469727,20.309999465942383,19.950000762939453,20.269899368286133,604306
2025-08-27 12:30:00-04:00,19.940000534057617,19.989999771118164,19.729999542236328,19.98110008239746,605869
2025-08-27 13:30:00-04:00,19.959999084472656,20.014999389648438,19.891599655151367,19.945499420166016,442282
2025-08-27 14:30:00-04:00,19.834999084472656,19.985000610351562,19.780000686645508,19.959999084472656,580971
2025-08-27 15:30:00-04:00,19.924999237060547,20.0049991607666,19.809999465942383,19.84000015258789,880449
2025-08-28 09:30:00-04:00,19.55500030517578,20.30620002746582,19.539199829101562,20.149999618530273,1587570
2025-08-28 10:30:00-04:00,19.329999923706055,19.6200008392334,19.309999465942383,19.559999465942383,886193
2025-08-28 11:30:00-04:00,19.389999389648438,19.415000915527344,19.280000686645508,19.334999084472656,640396
2025-08-28 12:30:00-04:00,19.475000381469727,19.5,19.325000762939453,19.389999389648438,579125
2025-08-28 13:30:00-04:00,19.415000915527344,19.540000915527344,19.325000762939453,19.475000381469727,385467
2025-08-28 14:30:00-04:00,19.344999313354492,19.450000762939453,19.334999084472656,19.415000915527344,508982
2025-08-28 15:30:00-04:00,19.549999237060547,19.6299991607666,19.325000762939453,19.344999313354492,974252
2025-08-29 09:30:00-04:00,19.899900436401367,20.170000076293945,19.520099639892578,19.520099639892578,1729486
2025-08-29 10:30:00-04:00,19.733699798583984,19.954999923706055,19.684999465942383,19.895000457763672,636413
2025-08-29 11:30:00-04:00,19.738500595092773,19.764999389648438,19.584999084472656,19.739999771118164,389732
2025-08-29 12:30:00-04:00,19.56999969482422,19.7549991607666,19.540000915527344,19.735000610351562,505622
2025-08-29 13:30:00-04:00,19.489999771118164,19.649900436401367,19.469999313354492,19.579999923706055,350670
2025-08-29 14:30:00-04:00,19.600000381469727,19.645000457763672,19.479999542236328,19.48509979248047,504657
2025-08-29 15:30:00-04:00,19.635000228881836,19.690000534057617,19.545000076293945,19.604999542236328,802766
2025-09-02 09:30:00-04:00,18.329999923706055,19.019899368286133,18.299999237060547,18.889999389648438,2496924
2025-09-02 10:30:00-04:00,18.1200008392334,18.489999771118164,18.104999542236328,18.33180046081543,1286083
2025-09-02 11:30:00-04:00,18.100000381469727,18.155000686645508,17.920000076293945,18.114999771118164,888368
2025-09-02 12:30:00-04:00,18.226600646972656,18.269899368286133,18.049999237060547,18.094999313354492,620671
2025-09-02 13:30:00-04:00,18.19499969482422,18.395700454711914,18.184999465942383,18.228900909423828,481872
2025-09-02 14:30:00-04:00,18.415000915527344,18.424999237060547,18.174999237060547,18.200000762939453,500746
2025-09-02 15:30:00-04:00,18.530000686645508,18.674999237060547,18.405000686645508,18.415000915527344,1482102
2025-09-03 09:30:00-04:00,18.927600860595703,19.079999923706055,18.489999771118164,18.510000228881836,2192039
2025-09-03 10:30:00-04:00,19.0,19.190000534057617,18.917200088500977,18.920000076293945,781641
2025-09-03 11:30:00-04:00,19.170000076293945,19.239999771118164,18.97279930114746,19.0,608695
2025-09-03 12:30:00-04:00,19.03499984741211,20.0,18.969999313354492,19.174999237060547,630061
2025-09-03 13:30:00-04:00,18.84280014038086,19.11989974975586,18.725000381469727,19.040000915527344,623120
2025-09-03 14:30:00-04:00,18.604999542236328,18.84000015258789,18.600000381469727,18.84000015258789,686327
2025-09-03 15:30:00-04:00,18.770000457763672,18.770000457763672,18.600000381469727,18.604999542236328,806238
2025-09-04 09:30:00-04:00,18.50909996032715,18.6299991607666,18.219999313354492,18.579999923706055,1360209
2025-09-04 10:30:00-04:00,18.610000610351562,18.65999984741211,18.469999313354492,18.5,460209
2025-09-04 11:30:00-04:00,18.520000457763672,18.6200008392334,18.5049991607666,18.610000610351562,246725
2025-09-04 12:30:00-04:00,18.565000534057617,18.635400772094727,18.475000381469727,18.530000686645508,309586
2025-09-04 13:30:00-04:00,18.600000381469727,18.665000915527344,18.520000457763672,18.56999969482422,307387
2025-09-04 14:30:00-04:00,18.514999389648438,18.665000915527344,18.479999542236328,18.600000381469727,411418
2025-09-04 15:30:00-04:00,18.68000030517578,18.7450008392334,18.510000228881836,18.520000457763672,836517
2025-09-05 09:30:00-04:00,18.90999984741211,19.60379981994629,18.799999237060547,19.059999465942383,2076346
2025-09-05 10:30:00-04:00,18.770000457763672,18.920000076293945,18.510000228881836,18.915000915527344,684964
2025-09-05 11:30:00-04:00,18.889999389648438,18.92690086364746,18.72249984741211,18.774999618530273,315133
2025-09-05 12:30:00-04:00,18.940000534057617,18.951400756835938,18.777000427246094,18.889999389648438,318022
2025-09-05 13:30:00-04:00,19.045000076293945,19.15999984741211,18.90999984741211,18.940000534057617,419121
2025-09-05 14:30:00-04:00,18.979999542236328,19.084999084472656,18.924999237060547,19.045000076293945,829453
2025-09-05 15:30:00-04:00,18.899999618530273,19.01609992980957,18.895000457763672,18.969999313354492,1413659
2025-09-08 09:30:00-04:00,18.920000076293945,19.110000610351562,18.709999084472656,18.86840057373047,1261765
2025-09-08 10:30:00-04:00,18.834999084472656,18.969999313354492,18.761899948120117,18.9153995513916,757965
2025-09-08 11:30:00-04:00,18.84630012512207,18.850000381469727,18.709999084472656,18.829999923706055,521362
2025-09-08 12:30:00-04:00,18.78499984741211,19.0,18.780000686645508,18.844999313354492,452861
2025-09-08 13:30:00-04:00,18.815000534057617,18.899900436401367,18.764999389648438,18.790000915527344,505340
2025-09-08 14:30:00-04:00,18.774999618530273,18.905000686645508,18.729999542236328,18.815000534057617,450387
2025-09-08 15:30:00-04:00,18.559999465942383,18.795000076293945,18.559999465942383,18.774999618530273,1045074
2025-09-09 09:30:00-04:00,18.440000534057617,18.600000381469727,18.399999618530273,18.56999969482422,907504
2025-09-09 10:30:00-04:00,18.482999801635742,18.5,18.25,18.440000534057617,658455
2025-09-09 11:30:00-04:00,18.44499969482422,18.497499465942383,18.329999923706055,18.485000610351562,354573
2025-09-09 12:30:00-04:00,18.395000457763672,18.450000762939453,18.309999465942383,18.440000534057617,363118
2025-09-09 13:30:00-04:00,18.405000686645508,18.57900047302246,18.375,18.395000457763672,661011
2025-09-09 14:30:00-04:00,18.360000610351562,18.459999084472656,18.295000076293945,18.405000686645508,588471
2025-09-09 15:30:00-04:00,18.700000762939453,18.71500015258789,18.309999465942383,18.364999771118164,1105837
2025-09-10 09:30:00-04:00,19.309999465942383,19.77750015258789,18.8700008392334,18.889999389648438,2626622
2025-09-10 10:30:00-04:00,19.459999084472656,19.514999389648438,19.102100372314453,19.299999237060547,1556734
2025-09-10 11:30:00-04:00,19.4950008392334,19.584999084472656,19.395000457763672,19.459999084472656,847891
2025-09-10 12:30:00-04:00,19.200000762939453,19.639999389648438,19.19499969482422,19.4950008392334,1107590
2025-09-10 13:30:00-04:00,19.014999389648438,19.200000762939453,18.920000076293945,19.190000534057617,768638
2025-09-10 14:30:00-04:00,18.764799118041992,19.09000015258789,18.75,19.014999389648438,597734
2025-09-10 15:30:00-04:00,18.850000381469727,18.854999542236328,18.75,18.786800384521484,1124064
2025-09-11 09:30:00-04:00,19.684999465942383,19.684999465942383,18.54010009765625,18.760000228881836,1725472
2025-09-11 10:30:00-04:00,19.940000534057617,20.020000457763672,19.670499801635742,19.68000030517578,1287617
2025-09-11 11:30:00-04:00,20.270000457763672,20.420000076293945,19.790000915527344,19.950000762939453,1428186
2025-09-11 12:30:00-04:00,20.420000076293945,20.540000915527344,20.1299991607666,20.274999618530273,1379473
2025-09-11 13:30:00-04:00,20.43000030517578,20.530000686645508,20.360000610351562,20.43000030517578,825223
2025-09-11 14:30:00-04:00,20.71500015258789,20.719999313354492,20.389999389648438,20.424999237060547,1038036
2025-09-11 15:30:00-04:00,20.780000686645508,20.81999969482422,20.649999618530273,20.71500015258789,1718928
2025-09-12 09:30:00-04:00,20.610000610351562,20.989999771118164,20.399999618530273,20.799999237060547,1585167
2025-09-12 10:30:00-04:00,20.468000411987305,20.739999771118164,20.4148006439209,20.59000015258789,651330
2025-09-12 11:30:00-04:00,20.34000015258789,20.485000610351562,20.299999237060547,20.46500015258789,679856
2025-09-12 12:30:00-04:00,20.184999465942383,20.344999313354492,20.049999237060547,20.34000015258789,664800
2025-09-12 13:30:00-04:00,20.03499984741211,20.225000381469727,20.010000228881836,20.18000030517578,569204
2025-09-12 14:30:00-04:00,20.21500015258789,20.259700775146484,20.004199981689453,20.03499984741211,726931
2025-09-12 15:30:00-04:00,20.350000381469727,20.489999771118164,20.18000030517578,20.219999313354492,1140087
2025-09-15 09:30:00-04:00,20.110000610351562,21.15999984741211,20.110000610351562,20.350000381469727,3492303
2025-09-15 10:30:00-04:00,20.3700008392334,20.469999313354492,20.059999465942383,20.110000610351562,736902
2025-09-15 11:30:00-04:00,20.100000381469727,20.479999542236328,19.989999771118164,20.364999771118164,765784
2025-09-15 12:30:00-04:00,20.229999542236328,20.329999923706055,20.075000762939453,20.110000610351562,410958
2025-09-15 13:30:00-04:00,20.209999084472656,20.529600143432617,20.209999084472656,20.2450008392334,598979
2025-09-15 14:30:00-04:00,20.309999465942383,20.309999465942383,20.15999984741211,20.209999084472656,721155
2025-09-15 15:30:00-04:00,20.389999389648438,20.520000457763672,20.290000915527344,20.309999465942383,652033
2025-09-16 09:30:00-04:00,19.920000076293945,20.530000686645508,19.850000381469727,20.399999618530273,1169841
2025-09-16 10:30:00-04:00,20.19499969482422,20.200000762939453,19.809999465942383,19.915000915527344,594172
2025-09-16 11:30:00-04:00,20.260099411010742,20.309999465942383,20.094999313354492,20.200000762939453,410115
2025-09-16 12:30:00-04:00,20.434999465942383,20.459999084472656,20.170000076293945,20.25,671471
2025-09-16 13:30:00-04:00,20.38789939880371,20.479999542236328,20.274999618530273,20.434999465942383,540385
2025-09-16 14:30:00-04:00,20.3700008392334,20.5,20.2450008392334,20.389999389648438,472375
2025-09-16 15:30:00-04:00,20.39349937438965,20.469999313354492,20.350000381469727,20.3700008392334,612845
2025-09-17 09:30:00-04:00,20.010000228881836,20.3799991607666,19.989999771118164,20.329999923706055,725473
2025-09-17 10:30:00-04:00,20.125,20.219999313354492,19.989999771118164,20.020000457763672,437987
2025-09-17 11:30:00-04:00,20.19860076904297,20.239999771118164,20.040000915527344,20.125,319330
2025-09-17 12:30:00-04:00,20.059999465942383,20.200000762939453,19.989999771118164,20.19499969482422,242267
2025-09-17 13:30:00-04:00,20.219999313354492,20.520000457763672,19.84000015258789,20.065000534057617,548623
2025-09-17 14:30:00-04:00,20.420000076293945,20.44499969482422,19.610000610351562,20.209999084472656,1238725
2025-09-17 15:30:00-04:00,20.6200008392334,20.6200008392334,20.299999237060547,20.40999984741211,998309
2025-09-18 09:30:00-04:00,21.237899780273438,21.789899826049805,20.90019989013672,21.350000381469727,2576896
2025-09-18 10:30:00-04:00,21.270000457763672,21.360000610351562,21.040000915527344,21.239999771118164,780266
2025-09-18 11:30:00-04:00,21.508699417114258,21.540000915527344,21.270000457763672,21.275999069213867,687161
2025-09-18 12:30:00-04:00,21.466299057006836,21.674999237060547,21.45159912109375,21.510000228881836,698031
2025-09-18 13:30:00-04:00,21.395000457763672,21.48509979248047,21.344999313354492,21.450000762939453,553585
2025-09-18 14:30:00-04:00,21.190000534057617,21.454999923706055,21.02199935913086,21.395000457763672,572201
2025-09-18 15:30:00-04:00,21.094999313354492,21.2450008392334,21.020000457763672,21.184999465942383,947072
2025-09-19 09:30:00-04:00,21.299999237060547,21.38909912109375,20.8799991607666,21.260000228881836,1275416
2025-09-19 10:30:00-04:00,21.03689956665039,21.379199981689453,21.0,21.30500030517578,804083
2025-09-19 11:30:00-04:00,21.219999313354492,21.270000457763672,20.969999313354492,21.030000686645508,471383
2025-09-19 12:30:00-04:00,21.200000762939453,21.270000457763672,21.110000610351562,21.219999313354492,397682
2025-09-19 13:30:00-04:00,21.1200008392334,21.329999923706055,21.020000457763672,21.200000762939453,569243
2025-09-19 14:30:00-04:00,21.209999084472656,21.24799919128418,21.024999618530273,21.110000610351562,512973
2025-09-19 15:30:00-04:00,21.5,21.559999465942383,21.094999313354492,21.200000762939453,1351338
2025-09-22 09:30:00-04:00,21.780000686645508,22.010000228881836,20.959999084472656,21.209999084472656,1651579
2025-09-22 10:30:00-04:00,21.929399490356445,22.149999618530273,21.69499969482422,21.764999389648438,1063370
2025-09-22 11:30:00-04:00,22.0,22.049999237060547,21.840200424194336,21.934999465942383,726307
2025-09-22 12:30:00-04:00,21.690000534057617,22.06999969482422,21.658000946044922,21.9950008392334,621502
2025-09-22 13:30:00-04:00,21.834999084472656,21.889999389648438,21.684999465942383,21.684999465942383,373742
2025-09-22 14:30:00-04:00,22.084999084472656,22.170000076293945,21.799999237060547,21.834999084472656,700246
2025-09-22 15:30:00-04:00,22.059999465942383,22.184999465942383,21.989999771118164,22.084999084472656,1243964
2025-09-23 09:30:00-04:00,21.790000915527344,21.920000076293945,21.6200008392334,21.84000015258789,1286706
2025-09-23 10:30:00-04:00,21.844999313354492,22.0,21.760000228881836,21.799800872802734,471335
2025-09-23 11:30:00-04:00,22.040199279785156,22.100000381469727,21.770000457763672,21.84000015258789,443826
2025-09-23 12:30:00-04:00,21.940000534057617,22.1299991607666,21.930099487304688,22.049999237060547,374898
2025-09-23 13:30:00-04:00,21.54599952697754,22.014999389648438,21.479999542236328,21.940000534057617,925864
2025-09-23 14:30:00-04:00,21.732500076293945,21.790000915527344,21.530000686645508,21.540000915527344,517829
2025-09-23 15:30:00-04:00,21.55500030517578,21.7450008392334,21.540000915527344,21.735000610351562,745317
2025-09-24 09:30:00-04:00,21.407100677490234,21.790000915527344,21.239999771118164,21.790000915527344,990440
2025-09-24 10:30:00-04:00,21.110000610351562,21.399999618530273,21.020000457763672,21.399999618530273,573456
2025-09-24 11:30:00-04:00,20.774999618530273,21.110000610351562,20.56999969482422,21.110000610351562,839889
2025-09-24 12:30:00-04:00,20.834999084472656,20.899999618530273,20.690000534057617,20.790000915527344,444143
2025-09-24 13:30:00-04:00,20.709999084472656,20.940000534057617,20.65999984741211,20.834999084472656,535928
2025-09-24 14:30:00-04:00,20.700000762939453,20.825000762939453,20.650100708007812,20.709999084472656,499038
2025-09-24 15:30:00-04:00,20.579999923706055,20.709999084472656,20.549999237060547,20.700000762939453,809975
2025-09-25 09:30:00-04:00,20.155000686645508,20.25,19.52050018310547,19.950000762939453,1912885
2025-09-25 10:30:00-04:00,20.146400451660156,20.280000686645508,20.110000610351562,20.15999984741211,410111
2025-09-25 11:30:00-04:00,20.249799728393555,20.350000381469727,20.135000228881836,20.135000228881836,340426
2025-09-25 12:30:00-04:00,20.165000915527344,20.309999465942383,20.111000061035156,20.2450008392334,248908
2025-09-25 13:30:00-04:00,20.219999313354492,20.239999771118164,19.9950008392334,20.161800384521484,501607
2025-09-25 14:30:00-04:00,20.190000534057617,20.280000686645508,20.1299991607666,20.219999313354492,341644
2025-09-25 15:30:00-04:00,20.329999923706055,20.350000381469727,20.1200008392334,20.200000762939453,580919
2025-09-26 09:30:00-04:00,20.375,20.600000381469727,20.209999084472656,20.309999465942383,871384
2025-09-26 10:30:00-04:00,20.424999237060547,20.510000228881836,20.239999771118164,20.3700008392334,513828
2025-09-26 11:30:00-04:00,20.385000228881836,20.43000030517578,20.260000228881836,20.424999237060547,444229
2025-09-26 12:30:00-04:00,20.325000762939453,20.420000076293945,20.260000228881836,20.375,272664
2025-09-26 13:30:00-04:00,20.2450008392334,20.334999084472656,20.170000076293945,20.321399688720703,419240
2025-09-26 14:30:00-04:00,20.420000076293945,20.600000381469727,20.2450008392334,20.2450008392334,619382
2025-09-26 15:30:00-04:00,20.524999618530273,20.575000762939453,20.3799991607666,20.43000030517578,678792
2025-09-29 09:30:00-04:00,20.940000534057617,21.040000915527344,20.579999923706055,20.920000076293945,1162604
2025-09-29 10:30:00-04:00,21.059999465942383,21.344999313354492,20.93000030517578,20.94499969482422,797984
2025-09-29 11:30:00-04:00,21.145000457763672,21.219999313354492,21.010000228881836,21.059999465942383,462105
2025-09-29 12:30:00-04:00,21.104999542236328,21.190000534057617,21.09000015258789,21.149999618530273,311429
2025-09-29 13:30:00-04:00,21.09000015258789,21.219999313354492,20.90999984741211,21.107999801635742,595780
2025-09-29 14:30:00-04:00,21.264999389648438,21.29669952392578,21.049999237060547,21.09000015258789,600413
2025-09-29 15:30:00-04:00,21.045000076293945,21.26650047302246,21.030000686645508,21.260000228881836,844690
2025-09-30 09:30:00-04:00,20.135000228881836,21.0,20.12070083618164,21.0,1164859
2025-09-30 10:30:00-04:00,20.010000228881836,20.200000762939453,19.979999542236328,20.139999389648438,800570
2025-09-30 11:30:00-04:00,20.09000015258789,20.18853759765625,19.8799991607666,20.020000457763672,844996
2025-09-30 12:30:00-04:00,20.020000457763672,20.149999618530273,20.0,20.09980010986328,392046
2025-09-30 13:30:00-04:00,20.030000686645508,20.1200008392334,19.96500015258789,20.020000457763672,379609
2025-09-30 14:30:00-04:00,20.020000457763672,20.075000762939453,19.809999465942383,20.03499984741211,767007
2025-09-30 15:30:00-04:00,19.860000610351562,20.039899826049805,19.760000228881836,20.020000457763672,2142781
2025-10-01 09:30:00-04:00,20.520000457763672,21.760000228881836,20.485000610351562,20.649999618530273,3441915
2025-10-01 10:30:00-04:00,20.383100509643555,20.780000686645508,20.290000915527344,20.520000457763672,1155688
2025-10-01 11:30:00-04:00,20.110000610351562,20.610000610351562,20.059999465942383,20.385000228881836,805937
2025-10-01 12:30:00-04:00,19.834999084472656,20.114900588989258,19.780000686645508,20.114900588989258,1142174
2025-10-01 13:30:00-04:00,19.920000076293945,19.979999542236328,19.670000076293945,19.83690071105957,1157904
2025-10-01 14:30:00-04:00,20.065000534057617,20.139999389648438,19.920000076293945,19.93000030517578,1197064
2025-10-01 15:30:00-04:00,20.024999618530273,20.094999313354492,19.954999923706055,20.065000534057617,1206581
2025-10-02 09:30:00-04:00,19.364999771118164,20.100000381469727,19.18000030517578,20.100000381469727,3451156
2025-10-02 10:30:00-04:00,19.299999237060547,19.364999771118164,19.049999237060547,19.364999771118164,1342762
2025-10-02 11:30:00-04:00,19.2450008392334,19.424999237060547,19.170000076293945,19.299999237060547,1006528
2025-10-02 12:30:00-04:00,19.225000381469727,19.295000076293945,19.139999389648438,19.2450008392334,896845
2025-10-02 13:30:00-04:00,19.290000915527344,19.399999618530273,19.200000762939453,19.225000381469727,759250
2025-10-02 14:30:00-04:00,19.25,19.309999465942383,19.100000381469727,19.29199981689453,1194070
2025-10-02 15:30:00-04:00,19.18000030517578,19.309999465942383,19.18000030517578,19.2450008392334,1071249
2025-10-03 09:30:00-04:00,19.485000610351562,19.735700607299805,19.239999771118164,19.360000610351562,1917312
2025-10-03 10:30:00-04:00,19.420000076293945,19.584999084472656,19.311899185180664,19.485000610351562,702346
2025-10-03 11:30:00-04:00,19.454999923706055,19.46500015258789,19.34000015258789,19.420000076293945,443908
2025-10-03 12:30:00-04:00,19.40999984741211,19.6299991607666,19.360000610351562,19.454999923706055,638273
2025-10-03 13:30:00-04:00,19.375,19.46500015258789,19.03499984741211,19.40999984741211,790353
2025-10-03 14:30:00-04:00,19.299999237060547,19.375,19.21150016784668,19.375,501120
2025-10-03 15:30:00-04:00,19.34000015258789,19.375,19.2549991607666,19.30470085144043,642693
2025-10-06 09:30:00-04:00,19.479999542236328,19.850000381469727,19.032400131225586,19.729999542236328,1845679
2025-10-06 10:30:00-04:00,19.90369987487793,19.989999771118164,19.437000274658203,19.485000610351562,1297393
2025-10-06 11:30:00-04:00,19.759899139404297,20.020000457763672,19.670000076293945,19.905000686645508,759430
2025-10-06 12:30:00-04:00,20.219999313354492,20.360000610351562,19.721200942993164,19.75,1114333
2025-10-06 13:30:00-04:00,20.3799991607666,20.6200008392334,20.209999084472656,20.2268009185791,1044806
2025-10-06 14:30:00-04:00,20.28499984741211,20.610000610351562,20.231300354003906,20.389999389648438,810629
2025-10-06 15:30:00-04:00,20.0,20.295000076293945,19.905000686645508,20.290000915527344,718874
2025-10-07 09:30:00-04:00,19.747499465942383,20.200000762939453,19.670000076293945,20.200000762939453,1709807
2025-10-07 10:30:00-04:00,19.563800811767578,19.940099716186523,19.53499984741211,19.739999771118164,969109
2025-10-07 11:30:00-04:00,19.479999542236328,19.584999084472656,19.139999389648438,19.565000534057617,1040674
2025-10-07 12:30:00-04:00,19.760000228881836,19.780000686645508,19.489999771118164,19.489999771118164,553198
2025-10-07 13:30:00-04:00,19.829999923706055,19.940000534057617,19.75,19.75,518053
2025-10-07 14:30:00-04:00,19.825000762939453,20.014999389648438,19.815000534057617,19.84000015258789,601611
2025-10-07 15:30:00-04:00,19.96500015258789,20.014999389648438,19.81999969482422,19.825000762939453,997176
2025-10-08 09:30:00-04:00,19.895000457763672,20.770000457763672,19.399999618530273,20.5,2629792
2025-10-08 10:30:00-04:00,21.21500015258789,21.280000686645508,19.80500030517578,19.90999984741211,4892626
2025-10-08 11:30:00-04:00,20.639999389648438,21.540000915527344,20.631999969482422,21.21470069885254,2227782
2025-10-08 12:30:00-04:00,20.125,20.700000762939453,20.114999771118164,20.639999389648438,1481944
2025-10-08 13:30:00-04:00,20.079999923706055,20.489999771118164,19.90999984741211,20.1299991607666,2411810
2025-10-08 14:30:00-04:00,20.0049991607666,20.170000076293945,19.860000610351562,20.079999923706055,1370075
2025-10-08 15:30:00-04:00,19.780000686645508,20.045000076293945,19.770000457763672,20.010000228881836,1509638
2025-10-09 09:30:00-04:00,20.079999923706055,21.010000228881836,19.8612003326416,20.81999969482422,4678485
2025-10-09 10:30:00-04:00,20.38450050354004,20.405000686645508,19.825000762939453,20.075000762939453,1949426
2025-10-09 11:30:00-04:00,20.929000854492188,20.940000534057617,20.1299991607666,20.385000228881836,1813343
2025-10-09 12:30:00-04:00,20.729999542236328,21.299999237060547,20.670000076293945,20.920000076293945,2438499
2025-10-09 13:30:00-04:00,20.829999923706055,20.850000381469727,20.5,20.739999771118164,1229904
2025-10-09 14:30:00-04:00,20.559999465942383,21.139999389648438,20.559999465942383,20.829999923706055,1526734
2025-10-09 15:30:00-04:00,20.3700008392334,20.674999237060547,20.270000457763672,20.565000534057617,1652241
2025-10-10 09:30:00-04:00,19.946199417114258,20.523399353027344,19.860000610351562,20.520000457763672,2829218
2025-10-10 10:30:00-04:00,19.155000686645508,20.190000534057617,19.030000686645508,19.940000534057617,3088648
2025-10-10 11:30:00-04:00,19.28499984741211,19.389999389648438,18.68000030517578,19.15999984741211,3438385
2025-10-10 12:30:00-04:00,18.92690086364746,19.350000381469727,18.780000686645508,19.280000686645508,1667242
2025-10-10 13:30:00-04:00,18.746400833129883,18.989999771118164,18.739999771118164,18.93000030517578,1103067
2025-10-10 14:30:00-04:00,18.484500885009766,18.780000686645508,18.46500015258789,18.746200561523438,1403058
2025-10-10 15:30:00-04:00,18.41990089416504,18.530000686645508,18.350000381469727,18.489999771118164,2010217
2025-10-13 09:30:00-04:00,18.829999923706055,19.079700469970703,18.530000686645508,18.690000534057617,2201331
2025-10-13 10:30:00-04:00,18.71500015258789,18.920000076293945,18.559999465942383,18.829999923706055,861748
2025-10-13 11:30:00-04:00,18.649999618530273,18.722000122070312,18.501300811767578,18.719999313354492,662759
2025-10-13 12:30:00-04:00,18.770000457763672,18.94499969482422,18.655000686645508,18.65999984741211,643885
2025-10-13 13:30:00-04:00,18.959999084472656,18.979999542236328,18.660200119018555,18.7549991607666,500419
2025-10-13 14:30:00-04:00,18.924999237060547,19.024999618530273,18.8799991607666,18.95989990234375,569962
2025-10-13 15:30:00-04:00,18.895000457763672,19.010000228881836,18.780000686645508,18.924999237060547,877597
2025-10-14 09:30:00-04:00,18.795000076293945,18.81999969482422,18.100000381469727,18.25,1752136
2025-10-14 10:30:00-04:00,18.764999389648438,18.849700927734375,18.6299991607666,18.790000915527344,582964
2025-10-14 11:30:00-04:00,18.941499710083008,18.989999771118164,18.700000762939453,18.774999618530273,567046
2025-10-14 12:30:00-04:00,19.075000762939453,19.114999771118164,18.931360244750977,18.950000762939453,571150
2025-10-14 13:30:00-04:00,19.03499984741211,19.110000610351562,19.000200271606445,19.075000762939453,474971
2025-10-14 14:30:00-04:00,19.514999389648438,19.559999465942383,19.010000228881836,19.03499984741211,1194612
2025-10-14 15:30:00-04:00,19.209999084472656,19.530000686645508,19.079999923706055,19.514999389648438,1099486
2025-10-15 09:30:00-04:00,19.459999084472656,19.53499984741211,19.100000381469727,19.479999542236328,2065864
2025-10-15 10:30:00-04:00,19.184999465942383,19.520000457763672,19.104999542236328,19.46500015258789,953115
2025-10-15 11:30:00-04:00,19.020000457763672,19.229999542236328,18.770000457763672,19.190000534057617,934876
2025-10-15 12:30:00-04:00,18.670000076293945,19.079999923706055,18.440000534057617,19.010000228881836,982906
2025-10-15 13:30:00-04:00,18.550199508666992,18.829999923706055,18.489999771118164,18.670000076293945,1054015
2025-10-15 14:30:00-04:00,18.67840003967285,18.760000228881836,18.549999237060547,18.55500030517578,856862
2025-10-15 15:30:00-04:00,18.579999923706055,18.735000610351562,18.55500030517578,18.68000030517578,1239056
2025-10-16 09:30:00-04:00,18.66119956970215,19.190000534057617,18.59000015258789,18.729999542236328,1713908
2025-10-16 10:30:00-04:00,18.6299991607666,18.75,18.5,18.66629981994629,1020952
2025-10-16 11:30:00-04:00,18.28499984741211,18.655000686645508,18.229999542236328,18.6200008392334,1017108
2025-10-16 12:30:00-04:00,18.53499984741211,18.63010025024414,18.1200008392334,18.28499984741211,903889
2025-10-16 13:30:00-04:00,18.225000381469727,18.600000381469727,18.219999313354492,18.538530349731445,590880
2025-10-16 14:30:00-04:00,18.100099563598633,18.325000762939453,18.030000686645508,18.229999542236328,613808
2025-10-16 15:30:00-04:00,18.219999313354492,18.259899139404297,18.05500030517578,18.110000610351562,1074807
2025-10-17 09:30:00-04:00,17.989999771118164,18.479999542236328,17.770000457763672,17.8799991607666,2223308
2025-10-17 10:30:00-04:00,17.600000381469727,18.0,17.56999969482422,17.989999771118164,1331301
2025-10-17 11:30:00-04:00,17.84000015258789,17.8700008392334,17.459999084472656,17.594999313354492,761510
2025-10-17 12:30:00-04:00,17.6299991607666,17.84000015258789,17.600000381469727,17.84000015258789,412795
2025-10-17 13:30:00-04:00,17.829999923706055,17.889999389648438,17.635000228881836,17.639999389648438,388942
2025-10-17 14:30:00-04:00,17.78499984741211,17.8799991607666,17.670000076293945,17.84000015258789,664851
2025-10-17 15:30:00-04:00,17.829999923706055,17.905000686645508,17.75,17.790000915527344,711976
2025-10-20 09:30:00-04:00,18.461999893188477,18.719999313354492,17.950000762939453,18.0,3084878
2025-10-20 10:30:00-04:00,18.024999618530273,18.510000228881836,17.969999313354492,18.469999313354492,946807
2025-10-20 11:30:00-04:00,18.2549991607666,18.309999465942383,18.0049991607666,18.020000457763672,488171
2025-10-20 12:30:00-04:00,18.440000534057617,18.493799209594727,18.229999542236328,18.2549991607666,402960
2025-10-20 13:30:00-04:00,18.3799991607666,18.530000686645508,18.364999771118164,18.44499969482422,395336
2025-10-20 14:30:00-04:00,18.55500030517578,18.565200805664062,18.315000534057617,18.3799991607666,516653
2025-10-20 15:30:00-04:00,18.540000915527344,18.739999771118164,18.514999389648438,18.553499221801758,1210242
2025-10-21 09:30:00-04:00,19.104999542236328,19.229999542236328,18.59000015258789,18.700000762939453,1630235
2025-10-21 10:30:00-04:00,19.545000076293945,19.65999984741211,19.100000381469727,19.104999542236328,1218808
2025-10-21 11:30:00-04:00,19.545000076293945,19.655000686645508,19.420000076293945,19.545000076293945,573380
2025-10-21 12:30:00-04:00,19.3700008392334,19.6200008392334,19.31999969482422,19.549999237060547,597037
2025-10-21 13:30:00-04:00,19.174999237060547,19.440000534057617,19.125,19.3799991607666,461313
2025-10-21 14:30:00-04:00,19.139999389648438,19.325000762939453,19.1200008392334,19.170000076293945,700807
2025-10-21 15:30:00-04:00,19.44499969482422,19.459999084472656,19.1299991607666,19.145000457763672,754652
2025-10-22 09:30:00-04:00,18.790000915527344,19.19499969482422,18.670000076293945,19.010000228881836,1591185
2025-10-22 10:30:00-04:00,18.559999465942383,18.834999084472656,18.510000228881836,18.770000457763672,927562
2025-10-22 11:30:00-04:00,18.5,18.7549991607666,18.46500015258789,18.56999969482422,565602
2025-10-22 12:30:00-04:00,18.420000076293945,18.600000381469727,18.309999465942383,18.5,696183
2025-10-22 13:30:00-04:00,18.364999771118164,18.4867000579834,18.190000534057617,18.40999984741211,754956
2025-10-22 14:30:00-04:00,18.559999465942383,18.584999084472656,18.303499221801758,18.364999771118164,892223
2025-10-22 15:30:00-04:00,18.440000534057617,18.6299991607666,18.43000030517578,18.559999465942383,729361
2025-10-23 09:30:00-04:00,18.69499969482422,18.824600219726562,18.43000030517578,18.485000610351562,808258
2025-10-23 10:30:00-04:00,18.40999984741211,18.780000686645508,18.15999984741211,18.690000534057617,980782
2025-10-23 11:30:00-04:00,18.440000534057617,18.520000457763672,18.3700008392334,18.404600143432617,419281
2025-10-23 12:30:00-04:00,18.479999542236328,18.540000915527344,18.368000030517578,18.440000534057617,332892
2025-10-23 13:30:00-04:00,18.604999542236328,18.719999313354492,18.475000381469727,18.475000381469727,317155
2025-10-23 14:30:00-04:00,18.639999389648438,18.68000030517578,18.549999237060547,18.610000610351562,362980
2025-10-23 15:30:00-04:00,18.700000762939453,18.700000762939453,18.575000762939453,18.649999618530273,749631
2025-10-24 09:30:00-04:00,19.239999771118164,19.395000457763672,18.940200805664062,19.09000015258789,1114209
2025-10-24 10:30:00-04:00,19.135000228881836,19.31999969482422,19.1200008392334,19.235000610351562,514475
2025-10-24 11:30:00-04:00,18.985000610351562,19.139999389648438,18.975000381469727,19.139999389648438,370077
2025-10-24 12:30:00-04:00,19.0049991607666,19.079999923706055,18.940000534057617,18.979999542236328,289425
2025-10-24 13:30:00-04:00,19.010000228881836,19.05500030517578,18.991300582885742,19.0049991607666,263173
2025-10-24 14:30:00-04:00,18.885000228881836,19.014999389648438,18.700000762939453,19.014999389648438,578450
2025-10-24 15:30:00-04:00,18.790000915527344,18.885000228881836,18.719999313354492,18.885000228881836,729599
2025-10-27 09:30:00-04:00,19.062000274658203,19.22949981689453,18.829999923706055,19.190000534057617,1379574
2025-10-27 10:30:00-04:00,18.934999465942383,19.094999313354492,18.81999969482422,19.059999465942383,663359
2025-10-27 11:30:00-04:00,18.889999389648438,18.979999542236328,18.825000762939453,18.940000534057617,364803
2025-10-27 12:30:00-04:00,18.979999542236328,19.020000457763672,18.84000015258789,18.875,471553
2025-10-27 13:30:00-04:00,18.889999389648438,18.989999771118164,18.799999237060547,18.969999313354492,332226
2025-10-27 14:30:00-04:00,18.96500015258789,18.989999771118164,18.80500030517578,18.885000228881836,570616
2025-10-27 15:30:00-04:00,18.860000610351562,18.96500015258789,18.80500030517578,18.96500015258789,916416
2025-10-28 09:30:00-04:00,18.614999771118164,18.770000457763672,18.34000015258789,18.709999084472656,1336714
2025-10-28 10:30:00-04:00,18.610000610351562,18.700000762939453,18.510000228881836,18.614999771118164,597157
2025-10-28 11:30:00-04:00,18.485000610351562,18.639999389648438,18.43000030517578,18.610000610351562,453888
2025-10-28 12:30:00-04:00,18.450000762939453,18.56999969482422,18.405000686645508,18.485000610351562,454112
2025-10-28 13:30:00-04:00,18.41990089416504,18.514999389648438,18.405000686645508,18.454299926757812,331509
2025-10-28 14:30:00-04:00,18.25,18.449899673461914,18.229999542236328,18.420000076293945,636568
2025-10-28 15:30:00-04:00,18.155000686645508,18.29990005493164,18.149999618530273,18.2549991607666,783609
2025-10-29 09:30:00-04:00,17.989999771118164,18.229999542236328,17.850000381469727,18.18000030517578,1430507
2025-10-29 10:30:00-04:00,17.940000534057617,18.110000610351562,17.940000534057617,17.989999771118164,847847
2025-10-29 11:30:00-04:00,17.918800354003906,18.06999969482422,17.899999618530273,17.934999465942383,538323
2025-10-29 12:30:00-04:00,17.899999618530273,18.0049991607666,17.799999237060547,17.915000915527344,725990
2025-10-29 13:30:00-04:00,17.860000610351562,17.989999771118164,17.825000762939453,17.899999618530273,556445
2025-10-29 14:30:00-04:00,17.670000076293945,17.954999923706055,17.549999237060547,17.864999771118164,1116206
2025-10-29 15:30:00-04:00,17.770000457763672,17.770000457763672,17.549999237060547,17.65999984741211,730497
2025-10-30 09:30:00-04:00,17.434999465942383,17.65999984741211,17.299999237060547,17.540000915527344,1718825
2025-10-30 10:30:00-04:00,17.520000457763672,17.579999923706055,17.416500091552734,17.434999465942383,846822
2025-10-30 11:30:00-04:00,17.469999313354492,17.520000457763672,17.3799991607666,17.514999389648438,478982
2025-10-30 12:30:00-04:00,17.469999313354492,17.5,17.344999313354492,17.459999084472656,537226
2025-10-30 13:30:00-04:00,17.375,17.5049991607666,17.34000015258789,17.469999313354492,344281
2025-10-30 14:30:00-04:00,16.96500015258789,17.405000686645508,16.899999618530273,17.375,2838091
2025-10-30 15:30:00-04:00,17.010000228881836,17.06999969482422,16.864999771118164,16.96500015258789,2114371
2025-10-31 09:30:00-04:00,17.834999084472656,17.895000457763672,17.280000686645508,17.350000381469727,2510178
2025-10-31 10:30:00-04:00,17.790000915527344,18.020000457763672,17.742000579833984,17.829999923706055,896022
2025-10-31 11:30:00-04:00,17.950000762939453,17.989999771118164,17.795000076293945,17.799999237060547,699755
2025-10-31 12:30:00-04:00,17.81999969482422,18.040000915527344,17.743499755859375,17.94499969482422,519926
2025-10-31 13:30:00-04:00,17.895000457763672,17.915000915527344,17.75,17.815000534057617,476366
2025-10-31 14:30:00-04:00,18.040000915527344,18.075000762939453,17.889999389648438,17.899999618530273,511423
2025-10-31 15:30:00-04:00,18.0,18.09000015258789,17.975000381469727,18.030000686645508,1031003
2025-11-03 09:30:00-05:00,17.579999923706055,18.3799991607666,17.549999237060547,18.010000228881836,2525284
2025-11-03 10:30:00-05:00,17.81999969482422,17.885099411010742,17.511999130249023,17.584999084472656,974214
2025-11-03 11:30:00-05:00,17.78499984741211,17.850000381469727,17.65999984741211,17.815000534057617,671594
2025-11-03 12:30:00-05:00,17.722000122070312,17.81999969482422,17.704999923706055,17.780000686645508,474192
2025-11-03 13:30:00-05:00,17.75,17.790000915527344,17.625,17.729000091552734,592509
2025-11-03 14:30:00-05:00,17.55500030517578,17.780000686645508,17.549999237060547,17.75,702037
2025-11-03 15:30:00-05:00,17.614999771118164,17.670000076293945,17.44499969482422,17.55500030517578,1368110
2025-11-04 09:30:00-05:00,17.31999969482422,17.5,16.959999084472656,17.200000762939453,2242660
2025-11-04 10:30:00-05:00,17.070100784301758,17.350000381469727,16.97209930419922,17.309999465942383,1231892
2025-11-04 11:30:00-05:00,17.05500030517578,17.139999389648438,16.950000762939453,17.06999969482422,772104
2025-11-04 12:30:00-05:00,16.979999542236328,17.09000015258789,16.924999237060547,17.05500030517578,1055441
2025-11-04 13:30:00-05:00,17.014999389648438,17.05667495727539,16.950000762939453,16.979999542236328,783463
2025-11-04 14:30:00-05:00,16.924999237060547,17.020000457763672,16.850000381469727,17.014999389648438,1117411
2025-11-04 15:30:00-05:00,16.690000534057617,16.950000762939453,16.625,16.924999237060547,2228662
2025-11-05 09:30:00-05:00,19.07990074157715,19.280000686645508,17.829999923706055,18.81999969482422,8506098
2025-11-05 10:30:00-05:00,19.139999389648438,19.260000228881836,18.889999389648438,19.075000762939453,2450892
2025-11-05 11:30:00-05:00,19.31999969482422,19.345500946044922,18.954999923706055,19.145000457763672,1769348
2025-11-05 12:30:00-05:00,19.350000381469727,19.524999618530273,19.200899124145508,19.325000762939453,1528751
2025-11-05 13:30:00-05:00,19.295000076293945,19.530000686645508,19.174999237060547,19.344999313354492,1846220
2025-11-05 14:30:00-05:00,19.875,19.889999389648438,19.229999542236328,19.290000915527344,1896862
2025-11-05 15:30:00-05:00,19.950000762939453,20.0,19.729999542236328,19.875,2879985
2025-11-06 09:30:00-05:00,19.28499984741211,20.209999084472656,19.15999984741211,19.899999618530273,2726434
2025-11-06 10:30:00-05:00,18.920000076293945,19.31999969482422,18.729999542236328,19.290000915527344,1510448
2025-11-06 11:30:00-05:00,19.139999389648438,19.239999771118164,18.684999465942383,18.920000076293945,965820
2025-11-06 12:30:00-05:00,19.520000457763672,19.584999084472656,19.084999084472656,19.139999389648438,950452
2025-11-06 13:30:00-05:00,19.670000076293945,19.690000534057617,19.479999542236328,19.530000686645508,621993
2025-11-06 14:30:00-05:00,19.520000457763672,19.71500015258789,19.440000534057617,19.667999267578125,904189
2025-11-06 15:30:00-05:00,19.579999923706055,19.675500869750977,19.350000381469727,19.540000915527344,1796634
2025-11-07 09:30:00-05:00,18.15999984741211,19.02899932861328,17.920000076293945,18.8799991607666,2551724
2025-11-07 10:30:00-05:00,17.80500030517578,18.225000381469727,17.614999771118164,18.15999984741211,1401263
2025-11-07 11:30:00-05:00,18.3125,18.350000381469727,17.684999465942383,17.799999237060547,1218786
2025-11-07 12:30:00-05:00,18.975000381469727,18.985000610351562,18.280000686645508,18.315000534057617,1124013
2025-11-07 13:30:00-05:00,19.290000915527344,19.309999465942383,18.854999542236328,18.969999313354492,1274429
2025-11-07 14:30:00-05:00,19.260000228881836,19.685100555419922,19.149999618530273,19.290000915527344,933496
2025-11-07 15:30:00-05:00,19.50200080871582,19.639999389648438,19.25079917907715,19.2549991607666,1630512
2025-11-10 09:30:00-05:00,19.69499969482422,20.200000762939453,19.565000534057617,20.059999465942383,2053211
2025-11-10 10:30:00-05:00,19.649999618530273,19.950000762939453,19.635000228881836,19.700000762939453,926189
2025-11-10 11:30:00-05:00,19.700000762939453,19.860000610351562,19.524999618530273,19.65999984741211,484779
2025-11-10 12:30:00-05:00,19.639999389648438,19.81999969482422,19.604999542236328,19.690000534057617,396278
2025-11-10 13:30:00-05:00,19.725000381469727,19.81999969482422,19.604999542236328,19.645000457763672,631869
2025-11-10 14:30:00-05:00,19.639999389648438,19.8700008392334,19.55500030517578,19.725000381469727,727515
2025-11-10 15:30:00-05:00,19.895000457763672,19.934999465942383,19.600000381469727,19.645000457763672,988157
2025-11-11 09:30:00-05:00,19.898099899291992,20.59000015258789,19.709999084472656,19.729999542236328,2190480
2025-11-11 10:30:00-05:00,19.802000045776367,20.030000686645508,19.565000534057617,19.90999984741211,1180028
2025-11-11 11:30:00-05:00,19.770000457763672,19.8799991607666,19.709999084472656,19.80500030517578,404327
2025-11-11 12:30:00-05:00,19.7450008392334,19.84000015258789,19.690000534057617,19.764999389648438,289411
2025-11-11 13:30:00-05:00,19.80500030517578,19.8700008392334,19.691600799560547,19.7450008392334,257801
2025-11-11 14:30:00-05:00,19.850000381469727,19.950000762939453,19.625,19.803499221801758,687203
2025-11-11 15:30:00-05:00,19.795000076293945,19.934999465942383,19.729999542236328,19.84000015258789,964762
2025-11-12 09:30:00-05:00,20.130800247192383,20.6299991607666,19.969999313354492,20.059999465942383,2048360
2025-11-12 10:30:00-05:00,19.690000534057617,20.165000915527344,19.6299991607666,20.139999389648438,1129449
2025-11-12 11:30:00-05:00,19.81999969482422,19.889999389648438,19.579999923706055,19.68000030517578,623651
2025-11-12 12:30:00-05:00,19.84779930114746,19.989999771118164,19.78499984741211,19.81999969482422,384284
2025-11-12 13:30:00-05:00,19.875,19.96500015258789,19.790000915527344,19.846500396728516,418230
2025-11-12 14:30:00-05:00,20.125,20.135000228881836,19.854999542236328,19.8799991607666,421166
2025-11-12 15:30:00-05:00,20.46500015258789,20.549999237060547,20.06999969482422,20.125,1453203
2025-11-13 09:30:00-05:00,19.389999389648438,20.219999313354492,19.31999969482422,20.200000762939453,2015858
2025-11-13 10:30:00-05:00,18.975000381469727,19.389999389648438,18.817899703979492,19.38450050354004,1432337
2025-11-13 11:30:00-05:00,18.75,18.989999771118164,18.690000534057617,18.969999313354492,803793
2025-11-13 12:30:00-05:00,18.510000228881836,18.850000381469727,18.420299530029297,18.760000228881836,845919
2025-11-13 13:30:00-05:00,18.559999465942383,18.56999969482422,18.239999771118164,18.5,1216377
2025-11-13 14:30:00-05:00,18.625,18.760000228881836,18.3700008392334,18.559999465942383,1139030
2025-11-13 15:30:00-05:00,18.510000228881836,18.655000686645508,18.459999084472656,18.625,1128934
2025-11-14 09:30:00-05:00,18.649999618530273,18.84000015258789,17.540000915527344,17.649999618530273,2597243
2025-11-14 10:30:00-05:00,18.94499969482422,19.049999237060547,18.6299991607666,18.655000686645508,1086277
2025-11-14 11:30:00-05:00,18.844999313354492,18.979900360107422,18.700000762939453,18.940000534057617,515891
2025-11-14 12:30:00-05:00,18.639999389648438,18.8700008392334,18.489999771118164,18.84000015258789,494274
2025-11-14 13:30:00-05:00,18.454999923706055,18.65999984741211,18.3799991607666,18.639999389648438,436724
2025-11-14 14:30:00-05:00,18.3799991607666,18.594999313354492,18.309999465942383,18.452499389648438,464506
2025-11-14 15:30:00-05:00,18.434999465942383,18.485000610351562,18.315000534057617,18.3700008392334,974060
2025-11-17 09:30:00-05:00,17.989999771118164,18.270000457763672,17.84000015258789,18.010000228881836,1230117
2025-11-17 10:30:00-05:00,17.739999771118164,18.020000457763672,17.559999465942383,17.985000610351562,1274657
2025-11-17 11:30:00-05:00,17.690000534057617,17.84000015258789,17.6200008392334,17.729999542236328,581801
2025-11-17 12:30:00-05:00,17.344999313354492,17.725000381469727,17.300100326538086,17.688600540161133,648887
2025-11-17 13:30:00-05:00,17.2450008392334,17.54010009765625,17.18199920654297,17.34000015258789,675685
2025-11-17 14:30:00-05:00,17.155000686645508,17.2549991607666,17.040000915527344,17.239999771118164,922470
2025-11-17 15:30:00-05:00,17.31999969482422,17.3799991607666,17.040000915527344,17.155000686645508,1203849
2025-11-18 09:30:00-05:00,16.889999389648438,17.088499069213867,16.65999984741211,16.940000534057617,1652100
2025-11-18 10:30:00-05:00,17.170000076293945,17.200000762939453,16.709999084472656,16.899999618530273,775938
2025-11-18 11:30:00-05:00,17.1299991607666,17.34000015258789,17.020000457763672,17.165000915527344,648680
2025-11-18 12:30:00-05:00,17.395000457763672,17.549999237060547,17.094999313354492,17.1200008392334,712967
2025-11-18 13:30:00-05:00,17.450000762939453,17.559999465942383,17.360000610351562,17.399999618530273,678423
2025-11-18 14:30:00-05:00,17.364999771118164,17.545499801635742,17.329999923706055,17.450000762939453,571564
2025-11-18 15:30:00-05:00,17.354999542236328,17.545000076293945,17.329999923706055,17.3700008392334,1080591
2025-11-19 09:30:00-05:00,17.510000228881836,17.670000076293945,17.170000076293945,17.5,950579
2025-11-19 10:30:00-05:00,17.19499969482422,17.565000534057617,17.170000076293945,17.520000457763672,548379
2025-11-19 11:30:00-05:00,16.989999771118164,17.190000534057617,16.920000076293945,17.190000534057617,579917
2025-11-19 12:30:00-05:00,16.924999237060547,17.075000762939453,16.854999542236328,16.9950008392334,559388
2025-11-19 13:30:00-05:00,16.924999237060547,17.1200008392334,16.899999618530273,16.90999984741211,511454
2025-11-19 14:30:00-05:00,17.084999084472656,17.170000076293945,16.885000228881836,16.93000030517578,543683
2025-11-19 15:30:00-05:00,16.882999420166016,17.149999618530273,16.8700008392334,17.075000762939453,798974
2025-11-20 09:30:00-05:00,17.825000762939453,17.864999771118164,17.450000762939453,17.510000228881836,1435570
2025-11-20 10:30:00-05:00,17.239999771118164,17.889999389648438,17.219999313354492,17.825000762939453,943811
2025-11-20 11:30:00-05:00,16.6033992767334,17.239999771118164,16.59000015258789,17.229999542236328,1271864
2025-11-20 12:30:00-05:00,16.670000076293945,16.75,16.40999984741211,16.600000381469727,853327
2025-11-20 13:30:00-05:00,16.6200008392334,16.65999984741211,16.30500030517578,16.65999984741211,760630
2025-11-20 14:30:00-05:00,16.354999542236328,16.649999618530273,16.270000457763672,16.6200008392334,1008355
2025-11-20 15:30:00-05:00,16.309999465942383,16.3700008392334,16.040000915527344,16.359899520874023,1734168
2025-11-21 09:30:00-05:00,15.989999771118164,16.530000686645508,15.979999542236328,16.299999237060547,2421923
2025-11-21 10:30:00-05:00,16.360000610351562,16.360000610351562,15.859999656677246,15.970000267028809,1429593
2025-11-21 11:30:00-05:00,17.030000686645508,17.030000686645508,16.34000015258789,16.3700008392334,1388308
2025-11-21 12:30:00-05:00,16.954999923706055,17.109899520874023,16.825000762939453,17.040000915527344,1274713
2025-11-21 13:30:00-05:00,17.205799102783203,17.30500030517578,16.934999465942383,16.959999084472656,1081028
2025-11-21 14:30:00-05:00,17.204999923706055,17.3700008392334,17.094999313354492,17.204999923706055,1272094
2025-11-21 15:30:00-05:00,17.295000076293945,17.31999969482422,17.139999389648438,17.200000762939453,1565859
2025-11-24 09:30:00-05:00,17.940000534057617,18.014999389648438,17.450000762939453,17.549999237060547,1337641
2025-11-24 10:30:00-05:00,17.899999618530273,18.174999237060547,17.825000762939453,17.93000030517578,690480
2025-11-24 11:30:00-05:00,17.825000762939453,17.989999771118164,17.719999313354492,17.895299911499023,536126
2025-11-24 12:30:00-05:00,17.764999389648438,17.899999618530273,17.760000228881836,17.829999923706055,341123
2025-11-24 13:30:00-05:00,17.584999084472656,17.795000076293945,17.579999923706055,17.760000228881836,382079
2025-11-24 14:30:00-05:00,17.56999969482422,17.639999389648438,17.514999389648438,17.59000015258789,375531
2025-11-24 15:30:00-05:00,17.475000381469727,17.579999923706055,17.450000762939453,17.565000534057617,576765
2025-11-25 09:30:00-05:00,18.114999771118164,18.399900436401367,17.700000762939453,18.34000015258789,2074878
2025-11-25 10:30:00-05:00,18.530000686645508,18.549999237060547,18.110000610351562,18.114999771118164,883078
2025-11-25 11:30:00-05:00,18.469999313354492,18.549999237060547,18.3799991607666,18.540000915527344,603025
2025-11-25 12:30:00-05:00,18.28499984741211,18.519899368286133,18.225000381469727,18.475000381469727,460542
2025-11-25 13:30:00-05:00,18.079999923706055,18.29990005493164,18.045000076293945,18.28499984741211,586156
2025-11-25 14:30:00-05:00,18.204999923706055,18.2549991607666,18.030000686645508,18.08530044555664,641373
2025-11-25 15:30:00-05:00,18.030000686645508,18.229999542236328,18.024999618530273,18.209999084472656,931177
2025-11-26 09:30:00-05:00,18.18869972229004,18.649999618530273,18.1299991607666,18.450000762939453,1263141
2025-11-26 10:30:00-05:00,18.18000030517578,18.299999237060547,18.155000686645508,18.190000534057617,482659
2025-11-26 11:30:00-05:00,18.065000534057617,18.219999313354492,17.9950008392334,18.190000534057617,456178
2025-11-26 12:30:00-05:00,18.225000381469727,18.270000457763672,18.059999465942383,18.06999969482422,405297
2025-11-26 13:30:00-05:00,18.280000686645508,18.309999465942383,18.18000030517578,18.225000381469727,329726
2025-11-26 14:30:00-05:00,18.315000534057617,18.32699966430664,18.219999313354492,18.28499984741211,335713
2025-11-26 15:30:00-05:00,18.190000534057617,18.325000762939453,18.18000030517578,18.309999465942383,690172
2025-11-28 09:30:00-05:00,18.364999771118164,18.520000457763672,18.110000610351562,18.399999618530273,852996
2025-11-28 10:30:00-05:00,18.295000076293945,18.405000686645508,18.204999923706055,18.364999771118164,366536
2025-11-28 11:30:00-05:00,18.31999969482422,18.34000015258789,18.190000534057617,18.290000915527344,486055
2025-12-01 09:30:00-05:00,17.864999771118164,18.135000228881836,17.690000534057617,17.780000686645508,958569
2025-12-01 10:30:00-05:00,18.215499877929688,18.229999542236328,17.825000762939453,17.860000610351562,414302
2025-12-01 11:30:00-05:00,18.264999389648438,18.405000686645508,18.184999465942383,18.219999313354492,473619
2025-12-01 12:30:00-05:00,18.18000030517578,18.28499984741211,18.174999237060547,18.270000457763672,319017
2025-12-01 13:30:00-05:00,18.0049991607666,18.239999771118164,17.989999771118164,18.184999465942383,474578
2025-12-01 14:30:00-05:00,18.014999389648438,18.030000686645508,17.905000686645508,18.0049991607666,487133
2025-12-01 15:30:00-05:00,17.940000534057617,18.024999618530273,17.854999542236328,18.014999389648438,914712
2025-12-02 09:30:00-05:00,18.145000457763672,18.225000381469727,17.920000076293945,17.93000030517578,968570
2025-12-02 10:30:00-05:00,17.940000534057617,18.5,17.895000457763672,18.145000457763672,829666
2025-12-02 11:30:00-05:00,18.045000076293945,18.059999465942383,17.885000228881836,17.940000534057617,399823
2025-12-02 12:30:00-05:00,17.950000762939453,18.084999084472656,17.889999389648438,18.049999237060547,303787
2025-12-02 13:30:00-05:00,17.9950008392334,18.084999084472656,17.875,17.94499969482422,327475
2025-12-02 14:30:00-05:00,17.891399383544922,18.010000228881836,17.883499145507812,18.0,326524
2025-12-02 15:30:00-05:00,17.709999084472656,17.899999618530273,17.69499969482422,17.895000457763672,728705
2025-12-03 09:30:00-05:00,18.100000381469727,18.170000076293945,17.510000228881836,17.649999618530273,838376
2025-12-03 10:30:00-05:00,18.18000030517578,18.274999618530273,18.040000915527344,18.100000381469727,442646
2025-12-03 11:30:00-05:00,18.30500030517578,18.3700008392334,18.125,18.184999465942383,281549
2025-12-03 12:30:00-05:00,18.25,18.307199478149414,18.204999923706055,18.30500030517578,221825
2025-12-03 13:30:00-05:00,18.295000076293945,18.299999237060547,18.219999313354492,18.25,159328
2025-12-03 14:30:00-05:00,18.315000534057617,18.405000686645508,18.260000228881836,18.295000076293945,278659
2025-12-03 15:30:00-05:00,18.389999389648438,18.434999465942383,18.290000915527344,18.315000534057617,599264
2025-12-04 09:30:00-05:00,18.489999771118164,18.600000381469727,18.299999237060547,18.520000457763672,626050
2025-12-04 10:30:00-05:00,18.43000030517578,18.5,18.299999237060547,18.4950008392334,451201
2025-12-04 11:30:00-05:00,18.575000762939453,18.71500015258789,18.385000228881836,18.43000030517578,1011333
2025-12-04 12:30:00-05:00,18.65399932861328,18.65999984741211,18.520000457763672,18.575000762939453,237432
2025-12-04 13:30:00-05:00,18.579999923706055,18.7450008392334,18.5,18.649999618530273,397237
2025-12-04 14:30:00-05:00,18.600000381469727,18.674999237060547,18.55500030517578,18.56999969482422,341370
2025-12-04 15:30:00-05:00,18.55500030517578,18.604999542236328,18.5049991607666,18.594999313354492,434318
2025-12-05 09:30:00-05:00,18.94499969482422,19.079999923706055,18.15999984741211,18.34000015258789,914928
2025-12-05 10:30:00-05:00,19.18000030517578,19.229999542236328,18.905500411987305,18.94499969482422,672719
2025-12-05 11:30:00-05:00,19.05500030517578,19.219999313354492,19.0049991607666,19.18000030517578,409190
2025-12-05 12:30:00-05:00,18.985000610351562,19.125,18.950000762939453,19.059999465942383,257054
2025-12-05 13:30:00-05:00,18.954999923706055,19.040000915527344,18.899999618530273,18.985000610351562,248023
2025-12-05 14:30:00-05:00,18.96500015258789,19.190000534057617,18.934999465942383,18.954999923706055,478019
2025-12-05 15:30:00-05:00,19.03499984741211,19.059999465942383,18.860000610351562,18.96500015258789,706132
2025-12-08 09:30:00-05:00,19.21500015258789,19.600000381469727,19.114999771118164,19.299999237060547,1087004
2025-12-08 10:30:00-05:00,19.440000534057617,19.440000534057617,19.040000915527344,19.209999084472656,551038
2025-12-08 11:30:00-05:00,19.219999313354492,19.44499969482422,19.16200065612793,19.434999465942383,408939
2025-12-08 12:30:00-05:00,19.110000610351562,19.354999542236328,19.110000610351562,19.219999313354492,320859
2025-12-08 13:30:00-05:00,19.184999465942383,19.19499969482422,19.065000534057617,19.110000610351562,277658
2025-12-08 14:30:00-05:00,19.18000030517578,19.2450008392334,19.170000076293945,19.184999465942383,285290
2025-12-08 15:30:00-05:00,19.200000762939453,19.2450008392334,19.139999389648438,19.184999465942383,537610
2025-12-09 09:30:00-05:00,19.385000228881836,19.395000457763672,18.8799991607666,18.979999542236328,649157
2025-12-09 10:30:00-05:00,19.440000534057617,19.510000228881836,19.322399139404297,19.3799991607666,493986
2025-12-09 11:30:00-05:00,19.344999313354492,19.489999771118164,19.31999969482422,19.440000534057617,281304
2025-12-09 12:30:00-05:00,19.225000381469727,19.360000610351562,19.174999237060547,19.350000381469727,217821
2025-12-09 13:30:00-05:00,19.2450008392334,19.34000015258789,19.18000030517578,19.219999313354492,219792
2025-12-09 14:30:00-05:00,19.34000015258789,19.360000610351562,19.239999771118164,19.25,248682
2025-12-09 15:30:00-05:00,19.274999618530273,19.440000534057617,19.25,19.34000015258789,505353
2025-12-10 09:30:00-05:00,19.344999313354492,19.479999542236328,19.020000457763672,19.100000381469727,621030
2025-12-10 10:30:00-05:00,19.385000228881836,19.420000076293945,19.079999923706055,19.34000015258789,415098
2025-12-10 11:30:00-05:00,19.323999404907227,19.409900665283203,19.264999389648438,19.385000228881836,250210
2025-12-10 12:30:00-05:00,19.350000381469727,19.415000915527344,19.290000915527344,19.31999969482422,182079
2025-12-10 13:30:00-05:00,19.530000686645508,19.684999465942383,19.26099967956543,19.334999084472656,439121
2025-12-10 14:30:00-05:00,19.809999465942383,19.959999084472656,19.44499969482422,19.530000686645508,1217017
2025-12-10 15:30:00-05:00,19.530000686645508,19.90679931640625,19.510000228881836,19.799999237060547,1210485
2025-12-11 09:30:00-05:00,19.5,19.84000015258789,19.202800750732422,19.360000610351562,1115966
2025-12-11 10:30:00-05:00,19.270000457763672,19.520000457763672,19.190000534057617,19.5,514763
2025-12-11 11:30:00-05:00,19.469999313354492,19.600000381469727,19.2549991607666,19.270000457763672,508364
2025-12-11 12:30:00-05:00,19.4950008392334,19.530000686645508,19.40999984741211,19.46500015258789,246974
2025-12-11 13:30:00-05:00,19.589000701904297,19.6299991607666,19.459999084472656,19.4950008392334,272901
2025-12-11 14:30:00-05:00,19.430999755859375,19.65999984741211,19.424999237060547,19.59000015258789,291628
2025-12-11 15:30:00-05:00,19.524999618530273,19.579999923706055,19.399999618530273,19.434999465942383,583362
2025-12-12 09:30:00-05:00,18.9950008392334,19.639999389648438,18.975000381469727,19.549999237060547,752566
2025-12-12 10:30:00-05:00,18.764999389648438,19.089000701904297,18.6200008392334,18.989999771118164,746134
2025-12-12 11:30:00-05:00,18.874799728393555,18.96500015258789,18.579999923706055,18.760000228881836,601289
2025-12-12 12:30:00-05:00,19.09000015258789,19.170000076293945,18.81999969482422,18.8799991607666,725244
2025-12-12 13:30:00-05:00,18.934999465942383,19.139999389648438,18.920000076293945,19.09000015258789,223747
2025-12-12 14:30:00-05:00,18.75,18.969999313354492,18.75,18.940000534057617,395315
2025-12-12 15:30:00-05:00,18.559999465942383,18.75,18.540000915527344,18.75,739060
2025-12-15 09:30:00-05:00,17.45009994506836,18.510000228881836,17.389999389648438,18.450000762939453,2028325
2025-12-15 10:30:00-05:00,17.96500015258789,17.969999313354492,17.434999465942383,17.450000762939453,929952
2025-12-15 11:30:00-05:00,17.934999465942383,17.979999542236328,17.790000915527344,17.96500015258789,699915
2025-12-15 12:30:00-05:00,17.6200008392334,17.959999084472656,17.559999465942383,17.940000534057617,1491748
2025-12-15 13:30:00-05:00,17.59000015258789,17.725000381469727,17.53499984741211,17.6200008392334,701704
2025-12-15 14:30:00-05:00,17.59000015258789,17.649999618530273,17.459999084472656,17.594999313354492,745711
2025-12-15 15:30:00-05:00,17.479999542236328,17.649999618530273,17.479999542236328,17.59000015258789,889720
2025-12-16 09:30:00-05:00,17.829999923706055,18.082000732421875,17.309999465942383,17.360000610351562,1292586
2025-12-16 10:30:00-05:00,17.719999313354492,17.959999084472656,17.6200008392334,17.81999969482422,706438
2025-12-16 11:30:00-05:00,17.710100173950195,17.850000381469727,17.69499969482422,17.709999084472656,411185
2025-12-16 12:30:00-05:00,17.700000762939453,17.799999237060547,17.645000457763672,17.709999084472656,438105
2025-12-16 13:30:00-05:00,17.84000015258789,17.899999618530273,17.690000534057617,17.719999313354492,347295
2025-12-16 14:30:00-05:00,17.905000686645508,18.045000076293945,17.84000015258789,17.854999542236328,401975
2025-12-16 15:30:00-05:00,18.1299991607666,18.145000457763672,17.905000686645508,17.905000686645508,1281160
2025-12-17 09:30:00-05:00,17.940000534057617,18.139999389648438,17.799999237060547,17.889999389648438,803997
2025-12-17 10:30:00-05:00,17.71500015258789,17.94499969482422,17.5,17.940000534057617,540204
2025-12-17 11:30:00-05:00,17.600000381469727,17.725000381469727,17.520000457763672,17.709999084472656,447426
2025-12-17 12:30:00-05:00,17.45800018310547,17.66010093688965,17.424999237060547,17.600000381469727,336242
2025-12-17 13:30:00-05:00,17.334999084472656,17.46500015258789,17.239999771118164,17.450000762939453,601506
2025-12-17 14:30:00-05:00,17.344999313354492,17.459999084472656,17.295000076293945,17.34000015258789,427953
2025-12-17 15:30:00-05:00,17.389999389648438,17.59000015258789,17.31999969482422,17.344999313354492,927113
2025-12-18 09:30:00-05:00,17.774999618530273,17.889999389648438,17.3700008392334,17.700000762939453,795054
2025-12-18 10:30:00-05:00,17.770000457763672,17.850000381469727,17.690000534057617,17.774999618530273,409159
2025-12-18 11:30:00-05:00,17.6200008392334,17.829999923706055,17.53499984741211,17.780000686645508,262234
2025-12-18 12:30:00-05:00,17.719999313354492,17.78689956665039,17.600000381469727,17.6299991607666,160306
2025-12-18 13:30:00-05:00,17.84000015258789,17.90999984741211,17.704999923706055,17.719999313354492,331585
2025-12-18 14:30:00-05:00,17.878999710083008,17.8799991607666,17.670000076293945,17.844999313354492,287226
2025-12-18 15:30:00-05:00,17.885000228881836,18.045000076293945,17.81999969482422,17.8799991607666,845946
2025-12-19 09:30:00-05:00,17.834999084472656,17.989999771118164,17.665000915527344,17.8700008392334,757362
2025-12-19 10:30:00-05:00,17.9950008392334,18.014999389648438,17.690000534057617,17.829999923706055,445623
2025-12-19 11:30:00-05:00,18.0049991607666,18.084999084472656,17.954999923706055,18.0,274374
2025-12-19 12:30:00-05:00,17.905000686645508,18.049999237060547,17.889999389648438,18.0,261082
2025-12-19 13:30:00-05:00,17.934999465942383,18.0049991607666,17.844999313354492,17.905000686645508,358646
2025-12-19 14:30:00-05:00,17.819700241088867,18.0049991607666,17.795000076293945,17.940000534057617,481786
2025-12-19 15:30:00-05:00,17.985000610351562,18.0,17.795000076293945,17.809999465942383,727676
2025-12-22 09:30:00-05:00,18.299999237060547,18.31999969482422,17.950000762939453,18.139999389648438,879295
2025-12-22 10:30:00-05:00,18.260000228881836,18.375,18.209999084472656,18.299999237060547,401711
2025-12-22 11:30:00-05:00,18.290000915527344,18.395000457763672,18.2450008392334,18.260000228881836,407090
2025-12-22 12:30:00-05:00,18.375,18.399999618530273,18.219999313354492,18.280000686645508,381378
2025-12-22 13:30:00-05:00,18.22439956665039,18.389999389648438,18.149999618530273,18.3799991607666,269483
2025-12-22 14:30:00-05:00,18.110000610351562,18.229999542236328,18.079999923706055,18.229999542236328,211699
2025-12-22 15:30:00-05:00,18.299999237060547,18.3799991607666,18.100000381469727,18.104999542236328,950589
2025-12-23 09:30:00-05:00,18.110000610351562,18.260000228881836,17.979999542236328,18.1200008392334,1124038
2025-12-23 10:30:00-05:00,18.1200008392334,18.31999969482422,18.104400634765625,18.114999771118164,486682
2025-12-23 11:30:00-05:00,18.155000686645508,18.200000762939453,18.045000076293945,18.1200008392334,299741
2025-12-23 12:30:00-05:00,18.165000915527344,18.184999465942383,18.06999969482422,18.15999984741211,303693
2025-12-23 13:30:00-05:00,18.139999389648438,18.225000381469727,18.1299991607666,18.165000915527344,221061
2025-12-23 14:30:00-05:00,18.385000228881836,18.389999389648438,18.135000228881836,18.135000228881836,389704
2025-12-23 15:30:00-05:00,18.344999313354492,18.399999618530273,18.260000228881836,18.38559913635254,691214
2025-12-24 09:30:00-05:00,19.15999984741211,19.34000015258789,18.829999923706055,19.010000228881836,2622804
2025-12-24 10:30:00-05:00,18.985000610351562,19.184999465942383,18.899999618530273,19.139999389648438,842603
2025-12-24 11:30:00-05:00,19.18000030517578,19.229999542236328,18.940000534057617,18.985000610351562,686831
2025-12-26 09:30:00-05:00,19.780000686645508,19.780000686645508,18.860000610351562,19.110000610351562,1322906
2025-12-26 10:30:00-05:00,19.899999618530273,20.0,19.610000610351562,19.78499984741211,2257539
2025-12-26 11:30:00-05:00,20.15999984741211,20.239999771118164,19.889999389648438,19.905000686645508,1954515
2025-12-26 12:30:00-05:00,20.225000381469727,20.289899826049805,20.1200008392334,20.167499542236328,731834
2025-12-26 13:30:00-05:00,20.436199188232422,20.439300537109375,20.18000030517578,20.225000381469727,1210941
2025-12-26 14:30:00-05:00,20.5049991607666,20.540000915527344,20.42449951171875,20.440000534057617,992993
2025-12-26 15:30:00-05:00,20.709999084472656,20.709999084472656,20.4950008392334,20.5,1180616
2025-12-29 09:30:00-05:00,19.864999771118164,20.420000076293945,19.860000610351562,20.420000076293945,2419243
2025-12-29 10:30:00-05:00,20.030000686645508,20.075599670410156,19.65999984741211,19.860000610351562,1937018
2025-12-29 11:30:00-05:00,20.114999771118164,20.295000076293945,20.020000457763672,20.030000686645508,817092
2025-12-29 12:30:00-05:00,20.44700050354004,20.44700050354004,20.104999542236328,20.114999771118164,506181
2025-12-29 13:30:00-05:00,20.427499771118164,20.4950008392334,20.3700008392334,20.445600509643555,447167
2025-12-29 14:30:00-05:00,20.46769905090332,20.530000686645508,20.395000457763672,20.43000030517578,475392
2025-12-29 15:30:00-05:00,20.399999618530273,20.485000610351562,20.360000610351562,20.459999084472656,718404
2025-12-30 09:30:00-05:00,21.059999465942383,21.079999923706055,20.309999465942383,20.5,2328816
2025-12-30 10:30:00-05:00,21.239999771118164,21.3700008392334,20.950000762939453,21.06999969482422,1564975
2025-12-30 11:30:00-05:00,20.864999771118164,21.290000915527344,20.799999237060547,21.2450008392334,934881
2025-12-30 12:30:00-05:00,21.139999389648438,21.25,20.86009979248047,20.864999771118164,771039
2025-12-30 13:30:00-05:00,21.079999923706055,21.170000076293945,20.969999313354492,21.149999618530273,578021
2025-12-30 14:30:00-05:00,20.829999923706055,21.174999237060547,20.799999237060547,21.084999084472656,984836
2025-12-30 15:30:00-05:00,20.809999465942383,20.899999618530273,20.760000228881836,20.84000015258789,895647
2025-12-31 09:30:00-05:00,20.920000076293945,21.110000610351562,20.559999465942383,20.790000915527344,1331251
2025-12-31 10:30:00-05:00,20.759700775146484,21.065000534057617,20.709999084472656,20.915000915527344,744098
2025-12-31 11:30:00-05:00,20.7549991607666,20.84000015258789,20.700000762939453,20.760000228881836,446210
2025-12-31 12:30:00-05:00,20.649999618530273,20.78499984741211,20.625,20.7549991607666,504120
2025-12-31 13:30:00-05:00,20.600000381469727,20.75,20.594999313354492,20.649999618530273,295682
2025-12-31 14:30:00-05:00,20.329999923706055,20.635000228881836,20.31999969482422,20.604999542236328,785973
2025-12-31 15:30:00-05:00,20.329999923706055,20.44499969482422,20.25,20.31999969482422,799976
2026-01-02 09:30:00-05:00,19.775800704956055,20.6299991607666,19.700000762939453,20.540000915527344,2823003
2026-01-02 10:30:00-05:00,20.045000076293945,20.14349937438965,19.479999542236328,19.774999618530273,2074142
2026-01-02 11:30:00-05:00,19.8700008392334,20.079999923706055,19.770000457763672,20.040000915527344,1297587
2026-01-02 12:30:00-05:00,19.715499877929688,19.90999984741211,19.69499969482422,19.8799991607666,693655
2026-01-02 13:30:00-05:00,19.920000076293945,19.979999542236328,19.649999618530273,19.719999313354492,867203
2026-01-02 14:30:00-05:00,20.045000076293945,20.270000457763672,19.895000457763672,19.914499282836914,1549519
2026-01-02 15:30:00-05:00,19.915000915527344,20.075000762939453,19.829999923706055,20.045000076293945,1307435
2026-01-05 09:30:00-05:00,21.604999542236328,21.68000030517578,20.29010009765625,20.3799991607666,3296218
2026-01-05 10:30:00-05:00,21.459999084472656,21.885000228881836,21.31999969482422,21.610000610351562,1851936
2026-01-05 11:30:00-05:00,21.799999237060547,21.844999313354492,21.375,21.459999084472656,975057
2026-01-05 12:30:00-05:00,21.37470054626465,21.82539939880371,21.299999237060547,21.809999465942383,742688
2026-01-05 13:30:00-05:00,21.579999923706055,21.639999389648438,21.29159927368164,21.375,814410
2026-01-05 14:30:00-05:00,21.725000381469727,21.875,21.385000228881836,21.604999542236328,913336
2026-01-05 15:30:00-05:00,21.679899215698242,21.739999771118164,21.559999465942383,21.719999313354492,995969
2026-01-06 09:30:00-05:00,23.690000534057617,23.770000457763672,22.450000762939453,23.0049991607666,8127820
2026-01-06 10:30:00-05:00,23.450000762939453,23.915000915527344,23.260000228881836,23.524999618530273,3568831
2026-01-06 11:30:00-05:00,23.184999465942383,23.479999542236328,23.125,23.45989990234375,1652027
2026-01-06 12:30:00-05:00,23.059999465942383,23.200000762939453,22.965999603271484,23.190000534057617,1336470
2026-01-06 13:30:00-05:00,23.28499984741211,23.43000030517578,23.0,23.059999465942383,1144965
2026-01-06 14:30:00-05:00,23.447500228881836,23.485000610351562,23.225000381469727,23.28499984741211,1031274
2026-01-06 15:30:00-05:00,23.799999237060547,23.809999465942383,23.415000915527344,23.454999923706055,2011796
2026-01-07 09:30:00-05:00,23.309999465942383,24.059999465942383,23.09000015258789,24.0,2697044
2026-01-07 10:30:00-05:00,23.334999084472656,23.485000610351562,23.264999389648438,23.315000534057617,1084223
2026-01-07 11:30:00-05:00,23.540000915527344,23.6299991607666,23.31999969482422,23.334999084472656,1088805
2026-01-07 12:30:00-05:00,23.545000076293945,23.75,23.520000457763672,23.545000076293945,923103
2026-01-07 13:30:00-05:00,23.389999389648438,23.649999618530273,23.299999237060547,23.540000915527344,937884
2026-01-07 14:30:00-05:00,23.245800018310547,23.440000534057617,23.180500030517578,23.389999389648438,976667
2026-01-07 15:30:00-05:00,23.170000076293945,23.25,23.079999923706055,23.2450008392334,1169482
2026-01-08 09:30:00-05:00,23.020000457763672,23.270000457763672,22.6299991607666,23.059999465942383,1952324
2026-01-08 10:30:00-05:00,22.920000076293945,23.183500289916992,22.899999618530273,23.020000457763672,1067561
2026-01-08 11:30:00-05:00,23.170000076293945,23.239999771118164,22.899999618530273,22.90999984741211,1029799
2026-01-08 12:30:00-05:00,23.219999313354492,23.420000076293945,23.174999237060547,23.174999237060547,865898
2026-01-08 13:30:00-05:00,23.385000228881836,23.489999771118164,23.204999923706055,23.21969985961914,762900
2026-01-08 14:30:00-05:00,23.30500030517578,23.440000534057617,23.209999084472656,23.385000228881836,630396
2026-01-08 15:30:00-05:00,23.655000686645508,23.68000030517578,23.309999465942383,23.309999465942383,1430834
2026-01-09 09:30:00-05:00,24.860000610351562,24.8700008392334,23.770000457763672,23.84000015258789,3713093
2026-01-09 10:30:00-05:00,24.514999389648438,24.899999618530273,24.479999542236328,24.860000610351562,1642906
2026-01-09 11:30:00-05:00,24.799999237060547,24.850000381469727,24.399999618530273,24.510000228881836,992043
2026-01-09 12:30:00-05:00,24.415000915527344,24.889999389648438,24.3700008392334,24.80500030517578,975564
2026-01-09 13:30:00-05:00,24.209999084472656,24.600000381469727,24.18000030517578,24.415000915527344,1050054
2026-01-09 14:30:00-05:00,24.43000030517578,24.459999084472656,24.020099639892578,24.209999084472656,996849
2026-01-09 15:30:00-05:00,24.399999618530273,24.525100708007812,24.375,24.424999237060547,1169607
2026-01-12 09:30:00-05:00,24.459999084472656,24.5,23.739999771118164,24.350000381469727,2056811
2026-01-12 10:30:00-05:00,24.634599685668945,24.73900032043457,24.459999084472656,24.46500015258789,1063497
2026-01-12 11:30:00-05:00,24.415000915527344,24.73699951171875,24.389999389648438,24.635000228881836,734635
2026-01-12 12:30:00-05:00,24.31999969482422,24.469999313354492,24.25,24.420000076293945,533188
2026-01-12 13:30:00-05:00,24.469999313354492,24.635000228881836,24.290000915527344,24.315000534057617,707363
2026-01-12 14:30:00-05:00,24.2549991607666,24.4950008392334,24.239999771118164,24.46500015258789,759580
2026-01-12 15:30:00-05:00,24.28499984741211,24.375,24.21500015258789,24.2549991607666,775127
2026-01-13 09:30:00-05:00,23.0049991607666,24.403799057006836,23.0,24.350000381469727,2303056
2026-01-13 10:30:00-05:00,23.375,23.485000610351562,22.950000762939453,23.0049991607666,1666942
2026-01-13 11:30:00-05:00,23.6299991607666,23.760000228881836,23.325000762939453,23.3700008392334,720468
2026-01-13 12:30:00-05:00,23.575000762939453,23.670000076293945,23.450000762939453,23.635000228881836,484792
2026-01-13 13:30:00-05:00,23.5398006439209,23.600000381469727,23.34000015258789,23.575000762939453,480501
2026-01-13 14:30:00-05:00,23.454999923706055,23.705400466918945,23.450000762939453,23.54010009765625,512788
2026-01-13 15:30:00-05:00,23.510000228881836,23.559999465942383,23.354999542236328,23.450000762939453,846625
2026-01-14 09:30:00-05:00,22.40399932861328,23.190000534057617,22.219999313354492,23.100000381469727,2601010
2026-01-14 10:30:00-05:00,22.5585994720459,22.58989906311035,22.260000228881836,22.405000686645508,1144161
2026-01-14 11:30:00-05:00,22.280000686645508,22.6200008392334,22.09000015258789,22.565000534057617,1032666
2026-01-14 12:30:00-05:00,22.145000457763672,22.290000915527344,22.059999465942383,22.274999618530273,688031
2026-01-14 13:30:00-05:00,21.864999771118164,22.149999618530273,21.809999465942383,22.145000457763672,1432996
2026-01-14 14:30:00-05:00,22.084999084472656,22.155000686645508,21.645000457763672,21.8700008392334,1991898
2026-01-14 15:30:00-05:00,22.290000915527344,22.295000076293945,22.03499984741211,22.084999084472656,1220414
2026-01-15 09:30:00-05:00,22.434999465942383,22.649999618530273,22.010000228881836,22.600000381469727,2322373
2026-01-15 10:30:00-05:00,22.364999771118164,22.594999313354492,22.350000381469727,22.43000030517578,957863
2026-01-15 11:30:00-05:00,22.328676223754883,22.46500015258789,22.299999237060547,22.3700008392334,599503
2026-01-15 12:30:00-05:00,22.295000076293945,22.399900436401367,22.209999084472656,22.325000762939453,492646
2026-01-15 13:30:00-05:00,21.815000534057617,22.31999969482422,21.795000076293945,22.295000076293945,797469
2026-01-15 14:30:00-05:00,21.565000534057617,21.950000762939453,21.520000457763672,21.810100555419922,1937764
2026-01-15 15:30:00-05:00,21.579999923706055,21.69499969482422,21.530000686645508,21.565000534057617,1152794
2026-01-16 09:30:00-05:00,20.719900131225586,21.690000534057617,20.530000686645508,21.690000534057617,4331383
2026-01-16 10:30:00-05:00,20.950000762939453,21.047700881958008,20.665000915527344,20.718000411987305,1804770
2026-01-16 11:30:00-05:00,20.899700164794922,21.084999084472656,20.7549991607666,20.94499969482422,968902
2026-01-16 12:30:00-05:00,20.95989990234375,21.049999237060547,20.790000915527344,20.895000457763672,837410
2026-01-16 13:30:00-05:00,20.80500030517578,21.030000686645508,20.774999618530273,20.959999084472656,779858
2026-01-16 14:30:00-05:00,20.599300384521484,20.81999969482422,20.56999969482422,20.809999465942383,1016337
2026-01-16 15:30:00-05:00,20.2549991607666,20.59000015258789,20.165000915527344,20.59000015258789,2543481
2026-01-20 09:30:00-05:00,20.47089958190918,20.579999923706055,19.510000228881836,19.600000381469727,3453552
2026-01-20 10:30:00-05:00,20.7549991607666,20.780000686645508,20.450000762939453,20.475000381469727,1922899
2026-01-20 11:30:00-05:00,20.729299545288086,20.864999771118164,20.65999984741211,20.75,799439
2026-01-20 12:30:00-05:00,20.735000610351562,20.78499984741211,20.6200008392334,20.719999313354492,719503
2026-01-20 13:30:00-05:00,20.5,20.735000610351562,20.43000030517578,20.729999542236328,1066875
2026-01-20 14:30:00-05:00,20.174999237060547,20.510000228881836,20.145000457763672,20.5049991607666,1088645
2026-01-20 15:30:00-05:00,20.0,20.260000228881836,19.989999771118164,20.174999237060547,1477857
2026-01-21 09:30:00-05:00,20.28499984741211,20.409900665283203,19.979999542236328,20.100000381469727,2142639
2026-01-21 10:30:00-05:00,20.510000228881836,20.639999389648438,20.28499984741211,20.290000915527344,1092176
2026-01-21 11:30:00-05:00,19.81999969482422,20.510000228881836,19.709999084472656,20.5,1639823
2026-01-21 12:30:00-05:00,19.81999969482422,19.885000228881836,19.6299991607666,19.815000534057617,1051307
2026-01-21 13:30:00-05:00,20.249300003051758,20.274999618530273,19.7549991607666,19.915000915527344,881956
2026-01-21 14:30:00-05:00,20.229999542236328,20.520000457763672,20.184999465942383,20.25,1529221
2026-01-21 15:30:00-05:00,20.450000762939453,20.530000686645508,20.15999984741211,20.225000381469727,1522210
2026-01-22 09:30:00-05:00,21.17639923095703,21.219999313354492,20.489999771118164,20.850000381469727,1842005
2026-01-22 10:30:00-05:00,21.270000457763672,21.524999618530273,21.170000076293945,21.174999237060547,1190919
2026-01-22 11:30:00-05:00,21.420000076293945,21.43000030517578,21.170000076293945,21.280000686645508,757384
2026-01-22 12:30:00-05:00,21.405000686645508,21.469999313354492,21.30500030517578,21.420000076293945,552504
2026-01-22 13:30:00-05:00,21.635000228881836,21.649999618530273,21.389999389648438,21.399999618530273,822332
2026-01-22 14:30:00-05:00,21.644500732421875,21.690000534057617,21.579999923706055,21.6299991607666,714162
2026-01-22 15:30:00-05:00,21.665000915527344,21.670000076293945,21.510000228881836,21.639999389648438,1078102
2026-01-23 09:30:00-05:00,22.172800064086914,22.334999084472656,21.350000381469727,21.510000228881836,2525788
2026-01-23 10:30:00-05:00,22.010000228881836,22.229999542236328,21.959999084472656,22.179500579833984,800878
2026-01-23 11:30:00-05:00,22.260000228881836,22.299999237060547,22.0,22.00819969177246,552714
2026-01-23 12:30:00-05:00,22.06999969482422,22.280000686645508,21.924999237060547,22.260000228881836,644435
2026-01-23 13:30:00-05:00,22.030000686645508,22.094999313354492,21.9512996673584,22.06999969482422,448098
2026-01-23 14:30:00-05:00,21.57550048828125,22.18000030517578,21.524999618530273,22.039899826049805,1472857
2026-01-23 15:30:00-05:00,21.75,21.770000457763672,21.454999923706055,21.56999969482422,1172013
2026-01-26 09:30:00-05:00,21.54509925842285,21.719999313354492,21.1299991607666,21.399999618530273,1794081
2026-01-26 10:30:00-05:00,21.18000030517578,21.610000610351562,21.014999389648438,21.540000915527344,942722
2026-01-26 11:30:00-05:00,21.19499969482422,21.2549991607666,20.979999542236328,21.184499740600586,701552
2026-01-26 12:30:00-05:00,21.139999389648438,21.360000610351562,21.110000610351562,21.19499969482422,504072
2026-01-26 13:30:00-05:00,21.145000457763672,21.18000030517578,21.030000686645508,21.145000457763672,467933
2026-01-26 14:30:00-05:00,21.1200008392334,21.204999923706055,21.040000915527344,21.145000457763672,593994
2026-01-26 15:30:00-05:00,21.059999465942383,21.155000686645508,21.045000076293945,21.110000610351562,748638
2026-01-27 09:30:00-05:00,20.165000915527344,21.219999313354492,20.139999389648438,21.209999084472656,3458034
2026-01-27 10:30:00-05:00,20.110000610351562,20.184999465942383,19.969999313354492,20.15999984741211,1597785
2026-01-27 11:30:00-05:00,20.049999237060547,20.209999084472656,19.889999389648438,20.114999771118164,1131588
2026-01-27 12:30:00-05:00,20.045499801635742,20.06999969482422,19.899999618530273,20.054500579833984,876434
2026-01-27 13:30:00-05:00,20.09000015258789,20.149999618530273,20.024999618530273,20.049999237060547,618851
2026-01-27 14:30:00-05:00,20.09000015258789,20.184999465942383,20.059999465942383,20.100000381469727,714962
2026-01-27 15:30:00-05:00,19.989999771118164,20.135000228881836,19.969999313354492,20.084999084472656,1105822
2026-01-28 09:30:00-05:00,20.28219985961914,20.415000915527344,19.969999313354492,20.190000534057617,1713698
2026-01-28 10:30:00-05:00,20.21500015258789,20.399999618530273,20.139999389648438,20.280000686645508,584508
2026-01-28 11:30:00-05:00,20.229900360107422,20.334999084472656,20.059999465942383,20.209999084472656,445809
2026-01-28 12:30:00-05:00,20.389999389648438,20.395000457763672,20.174999237060547,20.22010040283203,465608
2026-01-28 13:30:00-05:00,20.010799407958984,20.50779914855957,20.0,20.385000228881836,651320
2026-01-28 14:30:00-05:00,20.239999771118164,20.405000686645508,19.959999084472656,20.010000228881836,1011968
2026-01-28 15:30:00-05:00,20.30500030517578,20.395000457763672,20.229999542236328,20.239999771118164,957178
2026-01-29 09:30:00-05:00,19.350000381469727,20.290000915527344,19.25,20.239999771118164,3457577
2026-01-29 10:30:00-05:00,19.139999389648438,19.440000534057617,19.0,19.344999313354492,1973012
2026-01-29 11:30:00-05:00,19.579999923706055,19.670000076293945,19.110000610351562,19.1299991607666,926371
2026-01-29 12:30:00-05:00,19.488100051879883,19.625,19.360000610351562,19.59000015258789,581984
2026-01-29 13:30:00-05:00,19.469999313354492,19.55500030517578,19.280000686645508,19.485000610351562,636578
2026-01-29 14:30:00-05:00,19.15999984741211,19.489999771118164,19.15999984741211,19.469999313354492,879877
2026-01-29 15:30:00-05:00,19.459999084472656,19.479999542236328,19.139999389648438,19.15999984741211,940659
2026-01-30 09:30:00-05:00,19.1200008392334,19.399900436401367,19.020000457763672,19.25,987952
2026-02-02 13:30:00-05:00,18.809999465942383,18.834999084472656,18.729999542236328,18.749900817871094,3156911
2026-02-02 14:30:00-05:00,18.568599700927734,18.809999465942383,18.420000076293945,18.80500030517578,1261595
2026-02-02 15:30:00-05:00,18.690000534057617,18.690000534057617,18.510000228881836,18.565000534057617,952549
2026-02-03 09:30:00-05:00,18.176300048828125,18.739999771118164,17.950000762939453,18.700000762939453,2734490
2026-02-03 10:30:00-05:00,17.7549991607666,18.280000686645508,17.725000381469727,18.174999237060547,2098143
2026-02-03 11:30:00-05:00,17.59000015258789,18.03890037536621,17.53499984741211,17.7549991607666,2060600
2026-02-03 12:30:00-05:00,17.165000915527344,17.6200008392334,17.06999969482422,17.584999084472656,2053922
2026-02-03 13:30:00-05:00,16.829099655151367,17.184999465942383,16.809999465942383,17.170000076293945,2489922
2026-02-03 14:30:00-05:00,17.190000534057617,17.21500015258789,16.75,16.829999923706055,2200367
2026-02-03 15:30:00-05:00,17.719999313354492,17.739999771118164,17.124500274658203,17.184999465942383,3309228
2026-02-04 09:30:00-05:00,17.15130043029785,17.43000030517578,16.34000015258789,17.40999984741211,2875642
2026-02-04 10:30:00-05:00,17.270000457763672,17.3799991607666,16.962099075317383,17.149999618530273,1619701
2026-02-04 11:30:00-05:00,16.735000610351562,17.344999313354492,16.70009994506836,17.270000457763672,1182169
2026-02-04 12:30:00-05:00,16.905799865722656,16.920000076293945,16.600000381469727,16.735000610351562,967623
2026-02-04 13:30:00-05:00,16.93000030517578,17.059999465942383,16.764999389648438,16.905000686645508,944441
2026-02-04 14:30:00-05:00,17.450000762939453,17.485000610351562,16.915000915527344,16.924999237060547,1593874
2026-02-04 15:30:00-05:00,17.364999771118164,17.565000534057617,17.34000015258789,17.450000762939453,1535004
2026-02-05 09:30:00-05:00,16.309999465942383,17.170000076293945,16.164499282836914,16.940000534057617,3138369
2026-02-05 10:30:00-05:00,16.579999923706055,16.600000381469727,16.125,16.309999465942383,1824309
2026-02-05 11:30:00-05:00,16.709999084472656,16.729999542236328,16.44499969482422,16.584999084472656,817552
2026-02-05 12:30:00-05:00,16.364999771118164,16.809999465942383,16.34000015258789,16.709999084472656,953152
2026-02-05 13:30:00-05:00,16.2450008392334,16.415000915527344,16.170000076293945,16.3700008392334,1015425
2026-02-05 14:30:00-05:00,15.979999542236328,16.25,15.970000267028809,16.2450008392334,1496455
2026-02-05 15:30:00-05:00,16.010000228881836,16.09000015258789,15.850000381469727,15.979999542236328,2076560
2026-02-06 09:30:00-05:00,16.15999984741211,16.700000762939453,15.9399995803833,16.114999771118164,2838697
2026-02-06 10:30:00-05:00,16.55500030517578,16.65999984741211,16.25,16.31999969482422,1273919
2026-02-06 11:30:00-05:00,16.645000457763672,16.760000228881836,16.530000686645508,16.559999465942383,937859
2026-02-06 12:30:00-05:00,16.594999313354492,16.719999313354492,16.540000915527344,16.645000457763672,692431
2026-02-06 13:30:00-05:00,16.649999618530273,16.700000762939453,16.540000915527344,16.600000381469727,647691
2026-02-06 14:30:00-05:00,16.579999923706055,16.700000762939453,16.540000915527344,16.655000686645508,792143
2026-02-06 15:30:00-05:00,16.885000228881836,16.94969940185547,16.520000457763672,16.579999923706055,1635455
2026-02-09 09:30:00-05:00,16.834999084472656,16.850000381469727,16.260000228881836,16.670000076293945,2323182
2026-02-09 10:30:00-05:00,17.024999618530273,17.065000534057617,16.790000915527344,16.84000015258789,782839
2026-02-09 11:30:00-05:00,16.940000534057617,17.079999923706055,16.92009925842285,17.030000686645508,526026
2026-02-09 12:30:00-05:00,16.940000534057617,17.03499984741211,16.834999084472656,16.940000534057617,505307
2026-02-09 13:30:00-05:00,17.068599700927734,17.06999969482422,16.920000076293945,16.950000762939453,412713
2026-02-09 14:30:00-05:00,16.96500015258789,17.1200008392334,16.94499969482422,17.065099716186523,552335
2026-02-09 15:30:00-05:00,16.954999923706055,17.020000457763672,16.875,16.959999084472656,1278117
2026-02-10 09:30:00-05:00,17.349899291992188,17.610000610351562,16.87150001525879,16.979999542236328,1688158
2026-02-10 10:30:00-05:00,17.350000381469727,17.5049991607666,17.334999084472656,17.34000015258789,554061
2026-02-10 11:30:00-05:00,17.270000457763672,17.434999465942383,17.270000457763672,17.34000015258789,443099
2026-02-10 12:30:00-05:00,17.020099639892578,17.33139991760254,17.020000457763672,17.270000457763672,461984
2026-02-10 13:30:00-05:00,16.90999984741211,17.049999237060547,16.8700008392334,17.024999618530273,568568
2026-02-10 14:30:00-05:00,17.014999389648438,17.107500076293945,16.850000381469727,16.915000915527344,531912
2026-02-10 15:30:00-05:00,17.170000076293945,17.209999084472656,16.989999771118164,17.01099967956543,1018942
2026-02-11 09:30:00-05:00,16.040000915527344,17.479999542236328,15.958600044250488,17.399999618530273,2244743
2026-02-11 10:30:00-05:00,16.0049991607666,16.239999771118164,15.979999542236328,16.020000457763672,926247
2026-02-11 11:30:00-05:00,15.969799995422363,16.079999923706055,15.859999656677246,16.0,1117266
2026-02-11 12:30:00-05:00,16.059999465942383,16.12980079650879,15.914999961853027,15.970000267028809,762031
2026-02-11 13:30:00-05:00,16.295000076293945,16.299999237060547,16.014999389648438,16.06999969482422,662580
2026-02-11 14:30:00-05:00,15.9350004196167,16.354999542236328,15.9350004196167,16.295000076293945,1212750
2026-02-11 15:30:00-05:00,16.0049991607666,16.065000534057617,15.860099792480469,15.9350004196167,1896487
2026-02-12 09:30:00-05:00,15.649999618530273,16.18000030517578,15.399999618530273,16.110000610351562,2180416
2026-02-12 10:30:00-05:00,14.770000457763672,15.6899995803833,14.760000228881836,15.654999732971191,2452034
2026-02-12 11:30:00-05:00,14.71500015258789,14.869999885559082,14.649999618530273,14.770000457763672,2047192
2026-02-12 12:30:00-05:00,14.630000114440918,14.785400390625,14.529999732971191,14.71500015258789,1838897
2026-02-12 13:30:00-05:00,14.670000076293945,14.770000457763672,14.59000015258789,14.630000114440918,1188407
2026-02-12 14:30:00-05:00,14.829999923706055,14.995499610900879,14.65999984741211,14.664999961853027,1230454
2026-02-12 15:30:00-05:00,14.975000381469727,15.050000190734863,14.805000305175781,14.829999923706055,1573497
2026-02-13 09:30:00-05:00,15.539999961853027,15.550000190734863,14.859999656677246,15.100000381469727,2223231
2026-02-13 10:30:00-05:00,15.40999984741211,15.625,15.291999816894531,15.545000076293945,946158
2026-02-13 11:30:00-05:00,15.65999984741211,15.6899995803833,15.354999542236328,15.40999984741211,513688
2026-02-13 12:30:00-05:00,15.539999961853027,15.710000038146973,15.510000228881836,15.65999984741211,500300
2026-02-13 13:30:00-05:00,15.449999809265137,15.649999618530273,15.425000190734863,15.550000190734863,501096
2026-02-13 14:30:00-05:00,15.399999618530273,15.619999885559082,15.375,15.4399995803833,730442
2026-02-13 15:30:00-05:00,15.479999542236328,15.524999618530273,15.359999656677246,15.40999984741211,908174
2026-02-17 09:30:00-05:00,14.998000144958496,15.4399995803833,14.920000076293945,15.15999984741211,1285153
2026-02-17 10:30:00-05:00,15.21500015258789,15.300000190734863,14.914999961853027,14.994999885559082,675176
2026-02-17 11:30:00-05:00,15.300000190734863,15.3100004196167,15.170000076293945,15.220000267028809,395493
2026-02-17 12:30:00-05:00,15.3149995803833,15.319999694824219,15.0600004196167,15.3100004196167,512158
2026-02-17 13:30:00-05:00,15.322799682617188,15.4399995803833,15.295000076293945,15.319999694824219,520457
2026-02-17 14:30:00-05:00,15.395000457763672,15.489999771118164,15.324999809265137,15.326499938964844,524272
2026-02-17 15:30:00-05:00,15.3149995803833,15.414999961853027,15.274999618530273,15.390000343322754,796856
2026-02-18 09:30:00-05:00,15.78499984741211,15.829999923706055,15.079999923706055,15.25,1022485
2026-02-18 10:30:00-05:00,15.53499984741211,15.824999809265137,15.505000114440918,15.779999732971191,626528
2026-02-18 11:30:00-05:00,15.765000343322754,15.805000305175781,15.529999732971191,15.539999961853027,564525
2026-02-18 12:30:00-05:00,15.845000267028809,15.846599578857422,15.75,15.76550006866455,306327
2026-02-18 13:30:00-05:00,15.78499984741211,15.864999771118164,15.770000457763672,15.850000381469727,511331
2026-02-18 14:30:00-05:00,15.725000381469727,15.835000038146973,15.675000190734863,15.78499984741211,973015
2026-02-18 15:30:00-05:00,15.845000267028809,15.949999809265137,15.710000038146973,15.725000381469727,785343
2026-02-19 09:30:00-05:00,15.529999732971191,15.6899995803833,15.359999656677246,15.600000381469727,904475
2026-02-19 10:30:00-05:00,15.555000305175781,15.666399955749512,15.475000381469727,15.531000137329102,576937
2026-02-19 11:30:00-05:00,15.494999885559082,15.614999771118164,15.470000267028809,15.5600004196167,448468
2026-02-19 12:30:00-05:00,15.401599884033203,15.510000228881836,15.354999542236328,15.498600006103516,448354
2026-02-19 13:30:00-05:00,15.4399995803833,15.539999961853027,15.354999542236328,15.406499862670898,458690
2026-02-19 14:30:00-05:00,15.529999732971191,15.579999923706055,15.404999732971191,15.449999809265137,482017
2026-02-19 15:30:00-05:00,15.680000305175781,15.680000305175781,15.5,15.520000457763672,1186830
2026-02-20 09:30:00-05:00,16.329999923706055,16.530000686645508,15.390000343322754,15.529999732971191,2099600
2026-02-20 10:30:00-05:00,16.200000762939453,16.447999954223633,16.139999389648438,16.34000015258789,981867
2026-02-20 11:30:00-05:00,16.15999984741211,16.43000030517578,16.079999923706055,16.190000534057617,849352
2026-02-20 12:30:00-05:00,16.100000381469727,16.3700008392334,16.049999237060547,16.170000076293945,944641
2026-02-20 13:30:00-05:00,16.104999542236328,16.420000076293945,16.05500030517578,16.100000381469727,838571
2026-02-20 14:30:00-05:00,16.079999923706055,16.260000228881836,16.059999465942383,16.100000381469727,981263
2026-02-20 15:30:00-05:00,16.315000534057617,16.3700008392334,16.06999969482422,16.075000762939453,1123532
2026-02-23 09:30:00-05:00,15.335000038146973,15.949999809265137,15.229999542236328,15.869999885559082,2601294
2026-02-23 10:30:00-05:00,15.104999542236328,15.437199592590332,14.960000038146973,15.335000038146973,1296687
2026-02-23 11:30:00-05:00,14.789899826049805,15.104999542236328,14.75100040435791,15.100000381469727,1162630
2026-02-23 12:30:00-05:00,14.904999732971191,14.93649959564209,14.675000190734863,14.78499984741211,1565517
2026-02-23 13:30:00-05:00,14.895000457763672,15.029999732971191,14.845000267028809,14.90999984741211,866623
2026-02-23 14:30:00-05:00,14.8149995803833,15.025500297546387,14.770000457763672,14.899999618530273,1265836
2026-02-23 15:30:00-05:00,14.975000381469727,14.979999542236328,14.789999961853027,14.8100004196167,1331321
2026-02-24 09:30:00-05:00,16.100000381469727,16.10930061340332,14.84000015258789,15.020000457763672,3311827
2026-02-24 10:30:00-05:00,15.9350004196167,16.170000076293945,15.829999923706055,16.094999313354492,1357410
2026-02-24 11:30:00-05:00,16.145000457763672,16.200000762939453,15.835000038146973,15.925000190734863,1151220
2026-02-24 12:30:00-05:00,16.524999618530273,16.530000686645508,16.13010025024414,16.145000457763672,2126744
2026-02-24 13:30:00-05:00,16.780000686645508,16.864999771118164,16.513999938964844,16.524999618530273,2828125
2026-02-24 14:30:00-05:00,16.68000030517578,16.854999542236328,16.600099563598633,16.780000686645508,2452289
2026-02-24 15:30:00-05:00,16.979999542236328,16.989999771118164,16.510099411010742,16.674999237060547,2870631
2026-02-25 09:30:00-05:00,17.565000534057617,17.639999389648438,16.389999389648438,16.899999618530273,6111681
2026-02-25 10:30:00-05:00,17.200000762939453,17.674999237060547,17.0,17.565000534057617,1959986
2026-02-25 11:30:00-05:00,17.075000762939453,17.34000015258789,17.0,17.184999465942383,1639128
2026-02-25 12:30:00-05:00,17.100000381469727,17.239999771118164,17.0049991607666,17.075000762939453,961242
2026-02-25 13:30:00-05:00,17.2549991607666,17.360000610351562,17.059999465942383,17.104999542236328,1001773
2026-02-25 14:30:00-05:00,17.524999618530273,17.655000686645508,17.25,17.25,1321059
2026-02-25 15:30:00-05:00,17.854999542236328,17.915000915527344,17.489999771118164,17.524999618530273,2311828
2026-02-26 09:30:00-05:00,18.209999084472656,18.649999618530273,17.940000534057617,17.940000534057617,3250986
2026-02-26 10:30:00-05:00,18.278200149536133,18.479999542236328,18.11199951171875,18.190000534057617,1221329
2026-02-26 11:30:00-05:00,17.934999465942383,18.31599998474121,17.93000030517578,18.290000915527344,780911
2026-02-26 12:30:00-05:00,17.975000381469727,18.100000381469727,17.809999465942383,17.934999465942383,670769
2026-02-26 13:30:00-05:00,18.209999084472656,18.315000534057617,17.959999084472656,17.969999313354492,822452
2026-02-26 14:30:00-05:00,18.049999237060547,18.385000228881836,18.049999237060547,18.204999923706055,1150244
2026-02-26 15:30:00-05:00,18.059999465942383,18.09630012512207,17.81999969482422,18.05500030517578,2415940
2026-02-27 09:30:00-05:00,17.225000381469727,17.770000457763672,17.020000457763672,17.75,2767834
2026-02-27 10:30:00-05:00,16.93000030517578,17.325000762939453,16.915000915527344,17.225000381469727,1270083
2026-02-27 11:30:00-05:00,16.829999923706055,17.020700454711914,16.729999542236328,16.934999465942383,1044878
2026-02-27 12:30:00-05:00,16.80500030517578,17.014999389648438,16.729999542236328,16.84000015258789,974360
2026-02-27 13:30:00-05:00,16.864999771118164,17.03499984741211,16.700000762939453,16.799999237060547,1060607
2026-02-27 14:30:00-05:00,16.80500030517578,16.969999313354492,16.739999771118164,16.864999771118164,802078
2026-02-27 15:30:00-05:00,16.954999923706055,17.0,16.799999237060547,16.799999237060547,1937940
2026-03-02 09:30:00-05:00,17.209999084472656,17.219999313354492,16.100000381469727,16.190000534057617,2507513
2026-03-02 10:30:00-05:00,17.114999771118164,17.389999389648438,17.100000381469727,17.229999542236328,874515
2026-03-02 11:30:00-05:00,17.104999542236328,17.209999084472656,17.014999389648438,17.114999771118164,644183
2026-03-02 12:30:00-05:00,17.33289909362793,17.4950008392334,17.100000381469727,17.104999542236328,718993
2026-03-02 13:30:00-05:00,17.434999465942383,17.44499969482422,17.2549991607666,17.34000015258789,847730
2026-03-02 14:30:00-05:00,17.229999542236328,17.450000762939453,17.179899215698242,17.43000030517578,802556
2026-03-02 15:30:00-05:00,17.375,17.399999618530273,17.229999542236328,17.229999542236328,1279651
2026-03-03 09:30:00-05:00,16.950000762939453,17.280000686645508,16.6299991607666,16.75,1529488
2026-03-03 10:30:00-05:00,17.540000915527344,17.649999618530273,16.940000534057617,16.950000762939453,1548447
2026-03-03 11:30:00-05:00,17.739999771118164,17.8799991607666,17.5,17.549999237060547,1014535
2026-03-03 12:30:00-05:00,18.135000228881836,18.174999237060547,17.639999389648438,17.729999542236328,773382
2026-03-03 13:30:00-05:00,18.219999313354492,18.290000915527344,18.06999969482422,18.139999389648438,938235
2026-03-03 14:30:00-05:00,18.100000381469727,18.375,17.989999771118164,18.219999313354492,1595220
2026-03-03 15:30:00-05:00,18.049999237060547,18.125,17.850000381469727,18.09000015258789,1414034
2026-03-04 09:30:00-05:00,18.575000762939453,18.8617000579834,18.28499984741211,18.309999465942383,2502313
2026-03-04 10:30:00-05:00,18.610000610351562,18.610000610351562,18.375,18.575000762939453,1374201
2026-03-04 11:30:00-05:00,18.510099411010742,18.739999771118164,18.469999313354492,18.610000610351562,775141
2026-03-04 12:30:00-05:00,18.405000686645508,18.549999237060547,18.350000381469727,18.514999389648438,911448
2026-03-04 13:30:00-05:00,18.665000915527344,18.719999313354492,18.405000686645508,18.405000686645508,805944
2026-03-04 14:30:00-05:00,18.59000015258789,18.84000015258789,18.59000015258789,18.665000915527344,1182811
2026-03-04 15:30:00-05:00,18.770000457763672,18.815000534057617,18.540000915527344,18.59000015258789,1740334
2026-03-05 09:30:00-05:00,19.135000228881836,19.350000381469727,18.600000381469727,18.600000381469727,1462962
2026-03-05 10:30:00-05:00,18.93000030517578,19.155000686645508,18.729999542236328,19.139999389648438,1117071
2026-03-05 11:30:00-05:00,19.1299991607666,19.389999389648438,18.93000030517578,18.940000534057617,791262
2026-03-05 12:30:00-05:00,18.809999465942383,19.149999618530273,18.790000915527344,19.1299991607666,910529
2026-03-05 13:30:00-05:00,18.65999984741211,18.864999771118164,18.53499984741211,18.81999969482422,981618
2026-03-05 14:30:00-05:00,18.8799991607666,18.899999618530273,18.579999923706055,18.655000686645508,975746
2026-03-05 15:30:00-05:00,18.90999984741211,19.030000686645508,18.875,18.885000228881836,1147081
2026-03-06 09:30:00-05:00,18.635000228881836,18.790000915527344,18.300100326538086,18.489999771118164,1391150
2026-03-06 10:30:00-05:00,18.770000457763672,18.940000534057617,18.549999237060547,18.639999389648438,697007
2026-03-06 11:30:00-05:00,18.655000686645508,18.975000381469727,18.610000610351562,18.770000457763672,418030
2026-03-06 12:30:00-05:00,18.65999984741211,18.729999542236328,18.520000457763672,18.65999984741211,427141
2026-03-06 13:30:00-05:00,18.700000762939453,18.780000686645508,18.549999237060547,18.65999984741211,821922
2026-03-06 14:30:00-05:00,18.575000762939453,18.905000686645508,18.530000686645508,18.704999923706055,997408
2026-03-06 15:30:00-05:00,18.834999084472656,18.8799991607666,18.565000534057617,18.56999969482422,1452462
2026-03-09 09:30:00-04:00,18.520000457763672,18.670000076293945,17.989999771118164,18.19499969482422,1825238
2026-03-09 10:30:00-04:00,18.719999313354492,18.8799991607666,18.520000457763672,18.520000457763672,645565
2026-03-09 11:30:00-04:00,18.684999465942383,18.78499984741211,18.59000015258789,18.725000381469727,374064
2026-03-09 12:30:00-04:00,18.68000030517578,18.829999923706055,18.649999618530273,18.690000534057617,410870
2026-03-09 13:30:00-04:00,18.71500015258789,18.760000228881836,18.530000686645508,18.685100555419922,340830
2026-03-09 14:30:00-04:00,19.104999542236328,19.1200008392334,18.639999389648438,18.719999313354492,695127
2026-03-09 15:30:00-04:00,19.079999923706055,19.18000030517578,18.967599868774414,19.09000015258789,1503035
2026-03-10 09:30:00-04:00,18.489999771118164,19.25670051574707,18.299999237060547,19.09000015258789,1209493
2026-03-10 10:30:00-04:00,18.479999542236328,18.6299991607666,18.364999771118164,18.520000457763672,722180
2026-03-10 11:30:00-04:00,18.3700008392334,18.479999542236328,18.120100021362305,18.472700119018555,1021398
2026-03-10 12:30:00-04:00,18.389999389648438,18.424999237060547,18.264999389648438,18.3799991607666,565672
2026-03-10 13:30:00-04:00,18.1299991607666,18.43000030517578,18.09000015258789,18.389999389648438,1055251
2026-03-10 14:30:00-04:00,18.280000686645508,18.399999618530273,18.139999389648438,18.149999618530273,914159
2026-03-10 15:30:00-04:00,18.329999923706055,18.405000686645508,18.25,18.274999618530273,837869
2026-03-11 09:30:00-04:00,18.2549991607666,18.68000030517578,18.170000076293945,18.40999984741211,916517
2026-03-11 10:30:00-04:00,18.094999313354492,18.395000457763672,18.094999313354492,18.268999099731445,543494
2026-03-11 11:30:00-04:00,17.875,18.114999771118164,17.780000686645508,18.094999313354492,862748
2026-03-11 12:30:00-04:00,18.065000534057617,18.100000381469727,17.860000610351562,17.8700008392334,618532
2026-03-11 13:30:00-04:00,18.03499984741211,18.079999923706055,17.860000610351562,18.06999969482422,427402
2026-03-11 14:30:00-04:00,18.18000030517578,18.2549991607666,17.985000610351562,18.03499984741211,531520
2026-03-11 15:30:00-04:00,18.239999771118164,18.34000015258789,18.18000030517578,18.190000534057617,1103098
2026-03-12 09:30:00-04:00,18.1835994720459,18.46500015258789,17.690000534057617,17.690000534057617,888392
2026-03-12 10:30:00-04:00,18.020000457763672,18.329999923706055,17.959999084472656,18.18000030517578,497401
2026-03-12 11:30:00-04:00,17.950000762939453,18.190000534057617,17.860000610351562,18.0,450344
2026-03-12 12:30:00-04:00,18.110000610351562,18.149999618530273,17.90999984741211,17.950000762939453,308014
2026-03-12 13:30:00-04:00,18.106599807739258,18.149999618530273,17.906099319458008,18.114999771118164,529740
2026-03-12 14:30:00-04:00,18.139999389648438,18.18000030517578,18.049999237060547,18.104999542236328,489641
2026-03-12 15:30:00-04:00,18.059999465942383,18.235000610351562,17.934999465942383,18.149999618530273,955540
2026-03-13 09:30:00-04:00,18.100000381469727,18.1200008392334,17.860000610351562,18.049999237060547,870992
2026-03-13 10:30:00-04:00,17.6299991607666,18.219999313354492,17.579999923706055,18.09000015258789,723960
2026-03-13 11:30:00-04:00,17.760000228881836,17.809099197387695,17.560100555419922,17.635000228881836,474873
2026-03-13 12:30:00-04:00,17.850000381469727,17.889999389648438,17.700000762939453,17.760000228881836,441091
2026-03-13 13:30:00-04:00,17.719999313354492,17.8700008392334,17.610000610351562,17.854999542236328,409695
2026-03-13 14:30:00-04:00,17.704999923706055,17.795000076293945,17.65999984741211,17.719999313354492,478314
2026-03-13 15:30:00-04:00,17.84000015258789,17.84000015258789,17.625,17.709999084472656,772663
2026-03-16 09:30:00-04:00,17.934999465942383,18.059999465942383,17.739999771118164,17.84000015258789,1161936
2026-03-16 10:30:00-04:00,18.030000686645508,18.079999923706055,17.889999389648438,17.939699172973633,584089
2026-03-16 11:30:00-04:00,17.829999923706055,18.1200008392334,17.825000762939453,18.030000686645508,434679
2026-03-16 12:30:00-04:00,18.040000915527344,18.09000015258789,17.80500030517578,17.829999923706055,399859
2026-03-16 13:30:00-04:00,18.024999618530273,18.075000762939453,17.934999465942383,18.046499252319336,283562
2026-03-16 14:30:00-04:00,17.9414005279541,18.183500289916992,17.93000030517578,18.030000686645508,511980
2026-03-16 15:30:00-04:00,17.915000915527344,18.0049991607666,17.885000228881836,17.940000534057617,619415
2026-03-17 09:30:00-04:00,18.204999923706055,18.540000915527344,17.97209930419922,17.989999771118164,1057324
2026-03-17 10:30:00-04:00,18.18000030517578,18.290000915527344,18.059999465942383,18.200000762939453,346233
2026-03-17 11:30:00-04:00,18.18000030517578,18.25,18.114999771118164,18.190000534057617,283091
2026-03-17 12:30:00-04:00,18.225000381469727,18.239999771118164,18.08139991760254,18.18000030517578,158583
2026-03-17 13:30:00-04:00,17.924999237060547,18.269699096679688,17.924999237060547,18.225000381469727,243481
2026-03-17 14:30:00-04:00,17.90999984741211,17.959999084472656,17.815000534057617,17.924999237060547,402977
2026-03-17 15:30:00-04:00,18.040000915527344,18.06999969482422,17.875,17.93000030517578,939537
2026-03-18 09:30:00-04:00,17.666000366210938,17.950000762939453,17.600000381469727,17.709999084472656,960911
2026-03-18 10:30:00-04:00,17.700000762939453,17.780000686645508,17.559999465942383,17.665000915527344,549811
2026-03-18 11:30:00-04:00,17.600000381469727,17.760000228881836,17.579999923706055,17.700000762939453,331916
2026-03-18 12:30:00-04:00,17.44499969482422,17.610000610351562,17.43000030517578,17.600000381469727,401620
2026-03-18 13:30:00-04:00,17.344999313354492,17.55500030517578,17.309999465942383,17.450000762939453,616159
2026-03-18 14:30:00-04:00,17.34000015258789,17.479999542236328,17.150100708007812,17.350000381469727,796956
2026-03-18 15:30:00-04:00,17.229999542236328,17.3700008392334,17.204999923706055,17.336299896240234,937724
2026-03-19 09:30:00-04:00,17.100000381469727,17.59000015258789,16.850000381469727,16.90999984741211,1206313
2026-03-19 10:30:00-04:00,17.19499969482422,17.325000762939453,17.040000915527344,17.110000610351562,487747
2026-03-19 11:30:00-04:00,17.079999923706055,17.225000381469727,17.020000457763672,17.190000534057617,361909
2026-03-19 12:30:00-04:00,17.1299991607666,17.18000030517578,17.024999618530273,17.079999923706055,240747
2026-03-19 13:30:00-04:00,17.104000091552734,17.170000076293945,17.014999389648438,17.1299991607666,311610
2026-03-19 14:30:00-04:00,17.28499984741211,17.489999771118164,17.014999389648438,17.110000610351562,562144
2026-03-19 15:30:00-04:00,17.229999542236328,17.31999969482422,17.19499969482422,17.290000915527344,516810
2026-03-20 09:30:00-04:00,17.079999923706055,17.235000610351562,16.806900024414062,17.200000762939453,908676
2026-03-20 10:30:00-04:00,17.270000457763672,17.360000610351562,17.06999969482422,17.079999923706055,505423
2026-03-20 11:30:00-04:00,17.2450008392334,17.40999984741211,17.2450008392334,17.28499984741211,351966
2026-03-20 12:30:00-04:00,17.21500015258789,17.34510040283203,17.174999237060547,17.239999771118164,227493
2026-03-20 13:30:00-04:00,17.038299560546875,17.239999771118164,17.0,17.21500015258789,391809
2026-03-20 14:30:00-04:00,16.934999465942383,17.040000915527344,16.81999969482422,17.040000915527344,622474
2026-03-20 15:30:00-04:00,16.959999084472656,16.969999313354492,16.790000915527344,16.940000534057617,925931
2026-03-23 09:30:00-04:00,17.405000686645508,17.610000610351562,17.0,17.110000610351562,1397815
2026-03-23 10:30:00-04:00,17.420000076293945,17.559999465942383,17.3700008392334,17.399999618530273,512296
2026-03-23 11:30:00-04:00,17.209999084472656,17.459999084472656,17.079999923706055,17.420000076293945,542567
2026-03-23 12:30:00-04:00,17.264999389648438,17.30500030517578,17.165000915527344,17.204999923706055,317630
2026-03-23 13:30:00-04:00,17.649999618530273,17.690000534057617,17.264999389648438,17.270000457763672,636788
2026-03-23 14:30:00-04:00,17.649999618530273,17.764999389648438,17.6299991607666,17.649999618530273,675341
2026-03-23 15:30:00-04:00,17.670000076293945,17.729999542236328,17.614999771118164,17.645000457763672,1064097
2026-03-24 09:30:00-04:00,16.5,17.44230079650879,16.400100708007812,17.34000015258789,2110725
2026-03-24 10:30:00-04:00,16.530000686645508,16.704999923706055,16.309600830078125,16.5,1458378
2026-03-24 11:30:00-04:00,16.540000915527344,16.594999313354492,16.395000457763672,16.549999237060547,861265
2026-03-24 12:30:00-04:00,16.3700008392334,16.576799392700195,16.209999084472656,16.540000915527344,722543
2026-03-24 13:30:00-04:00,16.395000457763672,16.440000534057617,16.295000076293945,16.364999771118164,814852
2026-03-24 14:30:00-04:00,16.42530059814453,16.485000610351562,16.25,16.389999389648438,985656
2026-03-24 15:30:00-04:00,16.15999984741211,16.454999923706055,16.155000686645508,16.420000076293945,1041902
2026-03-25 09:30:00-04:00,16.809999465942383,17.139999389648438,16.684999465942383,16.739999771118164,1326491
2026-03-25 10:30:00-04:00,16.190000534057617,16.825000762939453,16.010000228881836,16.81999969482422,888992
2026-03-25 11:30:00-04:00,16.3799991607666,16.420000076293945,16.06999969482422,16.190000534057617,521184
2026-03-25 12:30:00-04:00,16.325000762939453,16.440000534057617,16.290000915527344,16.3799991607666,490421
2026-03-25 13:30:00-04:00,16.284900665283203,16.40999984741211,16.2549991607666,16.325000762939453,309009
2026-03-25 14:30:00-04:00,16.3700008392334,16.395000457763672,16.209999084472656,16.290000915527344,421809
2026-03-25 15:30:00-04:00,16.3799991607666,16.440000534057617,16.270000457763672,16.3799991607666,687894
2026-03-26 09:30:00-04:00,16.725000381469727,16.780000686645508,16.010000228881836,16.06999969482422,1107968
2026-03-26 10:30:00-04:00,16.479999542236328,16.770000457763672,16.459999084472656,16.729999542236328,551876
2026-03-26 11:30:00-04:00,16.40999984741211,16.655000686645508,16.3799991607666,16.475000381469727,324948
2026-03-26 12:30:00-04:00,16.260000228881836,16.46500015258789,16.225000381469727,16.420000076293945,505427
2026-03-26 13:30:00-04:00,16.225000381469727,16.3799991607666,16.155000686645508,16.270000457763672,835151
2026-03-26 14:30:00-04:00,16.139999389648438,16.264999389648438,16.100000381469727,16.219999313354492,826544
2026-03-26 15:30:00-04:00,16.075000762939453,16.184999465942383,16.040000915527344,16.139999389648438,717683
2026-03-27 09:30:00-04:00,15.449999809265137,15.920000076293945,15.350000381469727,15.699999809265137,1434533
2026-03-27 10:30:00-04:00,15.260000228881836,15.639900207519531,15.1850004196167,15.449999809265137,1342811
2026-03-27 11:30:00-04:00,14.84000015258789,15.3100004196167,14.8100004196167,15.260000228881836,3330254
2026-03-27 12:30:00-04:00,14.850000381469727,15.079999923706055,14.720000267028809,14.845000267028809,1268136
2026-03-27 13:30:00-04:00,14.520000457763672,14.859999656677246,14.364999771118164,14.859999656677246,2360095
2026-03-27 14:30:00-04:00,14.765000343322754,14.829899787902832,14.5,14.529999732971191,2547195
2026-03-27 15:30:00-04:00,14.545000076293945,14.819999694824219,14.510000228881836,14.765000343322754,2372071
2026-03-30 09:30:00-04:00,14.699999809265137,15.050000190734863,14.619999885559082,14.824999809265137,2258309
2026-03-30 10:30:00-04:00,14.960000038146973,15.029999732971191,14.619999885559082,14.6899995803833,1070219
2026-03-30 11:30:00-04:00,14.970000267028809,15.074999809265137,14.875,14.970000267028809,638258
2026-03-30 12:30:00-04:00,14.8100004196167,15.020000457763672,14.774999618530273,14.970000267028809,583577
2026-03-30 13:30:00-04:00,14.664999961853027,14.8100004196167,14.625,14.8100004196167,933155
2026-03-30 14:30:00-04:00,14.595000267028809,14.729999542236328,14.510000228881836,14.664999961853027,828135
2026-03-30 15:30:00-04:00,14.805000305175781,14.829999923706055,14.5649995803833,14.600000381469727,1315673
2026-03-31 09:30:00-04:00,15.265000343322754,15.309300422668457,14.720000267028809,15.100000381469727,1576882
2026-03-31 10:30:00-04:00,15.25,15.380000114440918,14.970000267028809,15.265000343322754,780960
2026-03-31 11:30:00-04:00,15.345000267028809,15.369999885559082,15.204999923706055,15.25,483946
2026-03-31 12:30:00-04:00,15.800000190734863,15.899999618530273,15.28499984741211,15.350000381469727,1070113
2026-03-31 13:30:00-04:00,15.835000038146973,15.929900169372559,15.65999984741211,15.800000190734863,1378426
2026-03-31 14:30:00-04:00,15.899999618530273,15.949999809265137,15.795000076293945,15.835000038146973,833219
2026-03-31 15:30:00-04:00,15.920000076293945,15.970000267028809,15.895000457763672,15.899999618530273,1461702
2026-04-01 09:30:00-04:00,15.829999923706055,16.299999237060547,15.550100326538086,16.200000762939453,1191527
2026-04-01 10:30:00-04:00,15.8149995803833,15.9399995803833,15.765000343322754,15.84000015258789,693131
2026-04-01 11:30:00-04:00,15.805000305175781,15.890000343322754,15.771400451660156,15.8100004196167,397036
2026-04-01 12:30:00-04:00,15.835000038146973,15.954999923706055,15.77340030670166,15.805000305175781,294944
2026-04-01 13:30:00-04:00,15.625,15.850000381469727,15.5600004196167,15.84000015258789,340842
2026-04-01 14:30:00-04:00,15.704999923706055,15.720000267028809,15.529999732971191,15.619999885559082,458675
2026-04-01 15:30:00-04:00,15.720000267028809,15.744999885559082,15.619999885559082,15.710000038146973,715106
2026-04-02 09:30:00-04:00,15.399999618530273,15.449999809265137,15.015000343322754,15.220000267028809,1022821
2026-04-02 10:30:00-04:00,15.779999732971191,15.960000038146973,15.399999618530273,15.399999618530273,583050
2026-04-02 11:30:00-04:00,15.664999961853027,15.8100004196167,15.600000381469727,15.78499984741211,361048
2026-04-02 12:30:00-04:00,15.744999885559082,15.78499984741211,15.630000114440918,15.65999984741211,259580
2026-04-02 13:30:00-04:00,15.729999542236328,15.800000190734863,15.704999923706055,15.744999885559082,272020
2026-04-02 14:30:00-04:00,15.739999771118164,15.800000190734863,15.71500015258789,15.739999771118164,339787
2026-04-02 15:30:00-04:00,15.779999732971191,15.8100004196167,15.680000305175781,15.744999885559082,589813
2026-04-06 09:30:00-04:00,15.899999618530273,16.1299991607666,15.65999984741211,15.739999771118164,634188
2026-04-06 10:30:00-04:00,15.819899559020996,15.930000305175781,15.71500015258789,15.895000457763672,378116
2026-04-06 11:30:00-04:00,15.845000267028809,15.895000457763672,15.805000305175781,15.824999809265137,217820
2026-04-06 12:30:00-04:00,15.84000015258789,15.914999961853027,15.6899995803833,15.845000267028809,311747
2026-04-06 13:30:00-04:00,15.880000114440918,15.914999961853027,15.755000114440918,15.845000267028809,297001
2026-04-06 14:30:00-04:00,15.800000190734863,15.895000457763672,15.765000343322754,15.880000114440918,236769
2026-04-06 15:30:00-04:00,15.805000305175781,15.84000015258789,15.765000343322754,15.800000190734863,408254
2026-04-07 09:30:00-04:00,15.675000190734863,15.872400283813477,15.470100402832031,15.609999656677246,424301
2026-04-07 10:30:00-04:00,15.609999656677246,15.6899995803833,15.380000114440918,15.680000305175781,361167
2026-04-07 11:30:00-04:00,15.720000267028809,15.899999618530273,15.5600004196167,15.609999656677246,281118
2026-04-07 12:30:00-04:00,15.6899995803833,15.779999732971191,15.664999961853027,15.710000038146973,140384
2026-04-07 13:30:00-04:00,15.710000038146973,15.890000343322754,15.6899995803833,15.6899995803833,274735
2026-04-07 14:30:00-04:00,15.720000267028809,15.869999885559082,15.579999923706055,15.710000038146973,489986
2026-04-07 15:30:00-04:00,15.729999542236328,15.779999732971191,15.630000114440918,15.704999923706055,619871
2026-04-08 09:30:00-04:00,16.459999084472656,17.040000915527344,16.40999984741211,17.0,1271774
2026-04-08 10:30:00-04:00,16.049999237060547,16.5,16.040000915527344,16.489999771118164,584666
2026-04-08 11:30:00-04:00,16.0802001953125,16.18000030517578,15.970000267028809,16.049999237060547,590004
2026-04-08 12:30:00-04:00,15.970000267028809,16.200000762939453,15.920000076293945,16.084999084472656,591654
2026-04-08 13:30:00-04:00,15.839900016784668,16.010000228881836,15.805000305175781,15.960000038146973,576638
2026-04-08 14:30:00-04:00,15.545000076293945,15.850000381469727,15.494999885559082,15.839900016784668,843267
2026-04-08 15:30:00-04:00,15.729999542236328,15.75,15.529999732971191,15.539999961853027,1458009
2026-04-09 09:30:00-04:00,14.704999923706055,15.65999984741211,14.608599662780762,15.569999694824219,2436024
2026-04-09 10:30:00-04:00,14.75,14.8149995803833,14.630000114440918,14.704999923706055,1085790
2026-04-09 11:30:00-04:00,15.039999961853027,15.289999961853027,14.744999885559082,14.75,1649460
2026-04-09 12:30:00-04:00,15.095000267028809,15.164999961853027,14.925000190734863,15.03499984741211,942778
2026-04-09 13:30:00-04:00,15.095000267028809,15.1899995803833,15.050000190734863,15.09000015258789,881792
2026-04-09 14:30:00-04:00,15.199999809265137,15.21500015258789,15.0649995803833,15.100000381469727,587788
2026-04-09 15:30:00-04:00,15.3100004196167,15.319999694824219,15.039999961853027,15.199999809265137,1722177
2026-04-10 09:30:00-04:00,14.869999885559082,15.5,14.720000267028809,15.430000305175781,1937444
2026-04-10 10:30:00-04:00,14.899999618530273,15.029999732971191,14.774999618530273,14.866900444030762,1148323
2026-04-10 11:30:00-04:00,14.914999961853027,14.920000076293945,14.760000228881836,14.899999618530273,686378
2026-04-10 12:30:00-04:00,14.8149995803833,14.920000076293945,14.8100004196167,14.90999984741211,445856
2026-04-10 13:30:00-04:00,14.654999732971191,14.819899559020996,14.609999656677246,14.8100004196167,1250737
2026-04-10 14:30:00-04:00,14.59000015258789,14.670000076293945,14.520000457763672,14.659299850463867,1896243
2026-04-10 15:30:00-04:00,14.609999656677246,14.664999961853027,14.505000114440918,14.59000015258789,1610673
2026-04-13 09:30:00-04:00,15.069999694824219,15.095000267028809,14.550000190734863,14.609999656677246,1414539
2026-04-13 10:30:00-04:00,15.119999885559082,15.154999732971191,14.960000038146973,15.07800006866455,817494
2026-04-13 11:30:00-04:00,15.350000381469727,15.40999984741211,15.109999656677246,15.125,977496
2026-04-13 12:30:00-04:00,15.479999542236328,15.5,15.319999694824219,15.351400375366211,925682
2026-04-13 13:30:00-04:00,15.430000305175781,15.515000343322754,15.40999984741211,15.475000381469727,427568
2026-04-13 14:30:00-04:00,15.520000457763672,15.569999694824219,15.399999618530273,15.430000305175781,553519
2026-04-13 15:30:00-04:00,15.630000114440918,15.65999984741211,15.520000457763672,15.520000457763672,829705
2026-04-14 09:30:00-04:00,16.19499969482422,16.360000610351562,15.9399995803833,16.100000381469727,1842286
2026-04-14 10:30:00-04:00,16.084999084472656,16.235000610351562,16.014999389648438,16.19499969482422,757739
2026-04-14 11:30:00-04:00,16.469999313354492,16.479900360107422,16.084999084472656,16.084999084472656,617239
2026-04-14 12:30:00-04:00,16.424999237060547,16.46500015258789,16.34000015258789,16.459999084472656,535879
2026-04-14 13:30:00-04:00,16.174999237060547,16.579999923706055,16.079999923706055,16.43000030517578,1021207
2026-04-14 14:30:00-04:00,16.260000228881836,16.288799285888672,16.1299991607666,16.174999237060547,643264
2026-04-14 15:30:00-04:00,16.200000762939453,16.260000228881836,16.170000076293945,16.260000228881836,1356348
2026-04-15 09:30:00-04:00,17.19499969482422,17.280000686645508,16.43000030517578,16.649999618530273,2300248
2026-04-15 10:30:00-04:00,17.545000076293945,17.584999084472656,17.075000762939453,17.200000762939453,1119615
2026-04-15 11:30:00-04:00,17.4950008392334,17.545000076293945,17.329999923706055,17.545000076293945,724248
2026-04-15 12:30:00-04:00,17.375,17.489999771118164,17.200000762939453,17.489999771118164,536611
2026-04-15 13:30:00-04:00,17.44499969482422,17.56999969482422,17.344999313354492,17.375699996948242,750109
2026-04-15 14:30:00-04:00,17.395000457763672,17.510000228881836,17.360000610351562,17.450000762939453,690739
2026-04-15 15:30:00-04:00,17.375,17.459999084472656,17.350000381469727,17.399999618530273,859650
2026-04-16 09:30:00-04:00,17.3799991607666,18.059999465942383,17.25,17.899999618530273,2197291
2026-04-16 10:30:00-04:00,17.540000915527344,17.670000076293945,17.365100860595703,17.385000228881836,798637
2026-04-16 11:30:00-04:00,17.575000762939453,17.670000076293945,17.44499969482422,17.530000686645508,557572
2026-04-16 12:30:00-04:00,17.53499984741211,17.649999618530273,17.399999618530273,17.575000762939453,619013
2026-04-16 13:30:00-04:00,17.454999923706055,17.579999923706055,17.440000534057617,17.53499984741211,403654
2026-04-16 14:30:00-04:00,17.399900436401367,17.559999465942383,17.3799991607666,17.45330047607422,412888
2026-04-16 15:30:00-04:00,17.434999465942383,17.440000534057617,17.34000015258789,17.395000457763672,743914
2026-04-17 09:30:00-04:00,18.405000686645508,18.450000762939453,17.975000381469727,18.0,2057706
2026-04-17 10:30:00-04:00,18.110000610351562,18.450000762939453,18.104999542236328,18.405000686645508,1138127
2026-04-17 11:30:00-04:00,18.200000762939453,18.20509910583496,17.940000534057617,18.110000610351562,824087
2026-04-17 12:30:00-04:00,18.040000915527344,18.280000686645508,17.989999771118164,18.209999084472656,603817
2026-04-17 13:30:00-04:00,17.94499969482422,18.190000534057617,17.91716957092285,18.030000686645508,572103
2026-04-17 14:30:00-04:00,18.0049991607666,18.065000534057617,17.875,17.94499969482422,489278
2026-04-17 15:30:00-04:00,17.979999542236328,18.114999771118164,17.94499969482422,18.00749969482422,1278716
2026-04-20 09:30:00-04:00,17.959999084472656,18.350000381469727,17.639999389648438,17.649999618530273,1475536
2026-04-20 10:30:00-04:00,17.860000610351562,17.969999313354492,17.649999618530273,17.96500015258789,687981
2026-04-20 11:30:00-04:00,17.9950008392334,18.040000915527344,17.815000534057617,17.854999542236328,363760
2026-04-20 12:30:00-04:00,18.130699157714844,18.15999984741211,18.0,18.0,691381
2026-04-20 13:30:00-04:00,18.110000610351562,18.18000030517578,18.030000686645508,18.135000228881836,437520
2026-04-20 14:30:00-04:00,18.135000228881836,18.170000076293945,18.06999969482422,18.1200008392334,310703
2026-04-20 15:30:00-04:00,18.15999984741211,18.21500015258789,18.1299991607666,18.139999389648438,545753
2026-04-21 09:30:00-04:00,18.6299991607666,18.770000457763672,17.920000076293945,18.200000762939453,1943087
2026-04-21 10:30:00-04:00,18.184999465942383,18.7549991607666,18.08329963684082,18.639999389648438,1148553
2026-04-21 11:30:00-04:00,18.045000076293945,18.280000686645508,18.020000457763672,18.18000030517578,487253
2026-04-21 12:30:00-04:00,17.80500030517578,18.1200008392334,17.770000457763672,18.045000076293945,610483
2026-04-21 13:30:00-04:00,17.934999465942383,18.059999465942383,17.795000076293945,17.8075008392334,566928
2026-04-21 14:30:00-04:00,18.14900016784668,18.174999237060547,17.850000381469727,17.940000534057617,437856
2026-04-21 15:30:00-04:00,17.815000534057617,18.159000396728516,17.799999237060547,18.149999618530273,793487
2026-04-22 09:30:00-04:00,18.2549991607666,18.399999618530273,18.09000015258789,18.1200008392334,1109290
2026-04-22 10:30:00-04:00,18.19499969482422,18.270000457763672,18.040000915527344,18.260000228881836,576788
2026-04-22 11:30:00-04:00,18.170000076293945,18.219999313354492,18.104999542236328,18.19499969482422,305531
2026-04-22 12:30:00-04:00,18.094999313354492,18.170000076293945,18.020000457763672,18.15999984741211,341014
2026-04-22 13:30:00-04:00,17.96500015258789,18.114999771118164,17.950000762939453,18.100000381469727,414622
2026-04-22 14:30:00-04:00,18.020000457763672,18.03499984741211,17.8799991607666,17.96500015258789,460150
2026-04-22 15:30:00-04:00,18.149999618530273,18.15999984741211,18.010000228881836,18.014999389648438,744009
2026-04-23 09:30:00-04:00,17.229999542236328,17.6200008392334,17.0,17.600000381469727,2516187
2026-04-23 10:30:00-04:00,17.3799991607666,17.575000762939453,17.239200592041016,17.239999771118164,1343379
2026-04-23 11:30:00-04:00,17.190099716186523,17.395000457763672,17.18000030517578,17.375,669301
2026-04-23 12:30:00-04:00,16.895000457763672,17.229999542236328,16.8700008392334,17.190000534057617,828661
2026-04-23 13:30:00-04:00,17.1299991607666,17.174999237060547,16.633899688720703,16.895000457763672,986380
2026-04-23 14:30:00-04:00,17.219900131225586,17.235000610351562,17.059999465942383,17.139999389648438,529474
2026-04-23 15:30:00-04:00,17.094999313354492,17.225000381469727,17.010000228881836,17.209999084472656,713408
2026-04-24 09:30:00-04:00,17.040000915527344,17.329999923706055,17.020000457763672,17.155000686645508,814149
2026-04-24 10:30:00-04:00,17.125,17.139999389648438,16.985000610351562,17.045000076293945,462720
2026-04-24 11:30:00-04:00,17.204999923706055,17.3700008392334,17.129899978637695,17.129899978637695,428260
2026-04-24 12:30:00-04:00,17.229999542236328,17.315000534057617,17.209999084472656,17.209999084472656,376072
2026-04-24 13:30:00-04:00,17.31999969482422,17.364999771118164,17.219999313354492,17.235000610351562,313265
2026-04-24 14:30:00-04:00,17.454999923706055,17.510000228881836,17.315000534057617,17.315000534057617,401538
2026-04-24 15:30:00-04:00,17.530000686645508,17.549999237060547,17.440000534057617,17.450000762939453,766263
2026-04-27 09:30:00-04:00,18.1299991607666,18.135000228881836,17.389999389648438,17.389999389648438,2114003
2026-04-27 10:30:00-04:00,18.235000610351562,18.344999313354492,18.04800033569336,18.12470054626465,1208844
2026-04-27 11:30:00-04:00,18.139999389648438,18.270000457763672,18.110000610351562,18.235000610351562,721862
2026-04-27 12:30:00-04:00,18.135000228881836,18.170000076293945,18.040000915527344,18.145000457763672,493066
2026-04-27 13:30:00-04:00,18.104999542236328,18.165000915527344,17.989999771118164,18.135000228881836,598619
2026-04-27 14:30:00-04:00,18.125,18.155000686645508,17.96500015258789,18.110000610351562,690627
2026-04-27 15:30:00-04:00,18.110000610351562,18.260000228881836,18.059999465942383,18.125,1494073
2026-04-28 09:30:00-04:00,17.985000610351562,18.42009925842285,17.899999618530273,17.94499969482422,1516791
2026-04-28 10:30:00-04:00,17.871000289916992,18.05500030517578,17.690000534057617,17.979999542236328,920491
2026-04-28 11:30:00-04:00,17.920000076293945,17.920700073242188,17.81999969482422,17.889999389648438,293706
2026-04-28 12:30:00-04:00,17.9950008392334,18.030000686645508,17.895000457763672,17.915000915527344,269173
2026-04-28 13:30:00-04:00,17.8799991607666,18.0,17.829999923706055,17.9950008392334,388751
2026-04-28 14:30:00-04:00,17.850000381469727,17.96500015258789,17.829999923706055,17.8799991607666,441766
2026-04-28 15:30:00-04:00,17.764999389648438,17.875,17.719999313354492,17.854999542236328,820257
2026-04-29 09:30:00-04:00,17.65999984741211,17.899999618530273,17.540000915527344,17.899999618530273,1740563
2026-04-29 10:30:00-04:00,17.6299991607666,17.69499969482422,17.479999542236328,17.65999984741211,657265
2026-04-29 11:30:00-04:00,17.6299991607666,17.649999618530273,17.434999465942383,17.6299991607666,556252
2026-04-29 12:30:00-04:00,17.684999465942383,17.75,17.55500030517578,17.6200008392334,516129
2026-04-29 13:30:00-04:00,17.704999923706055,17.774999618530273,17.614999771118164,17.690000534057617,522804
2026-04-29 14:30:00-04:00,17.809999465942383,17.889999389648438,17.655000686645508,17.704999923706055,757642
2026-04-29 15:30:00-04:00,17.825000762939453,17.84000015258789,17.709999084472656,17.809999465942383,842901
2026-04-30 09:30:00-04:00,17.739999771118164,17.950000762939453,17.450000762939453,17.950000762939453,2326165
2026-04-30 10:30:00-04:00,18.209999084472656,18.274999618530273,17.709999084472656,17.729999542236328,1557024
2026-04-30 11:30:00-04:00,18.260000228881836,18.350000381469727,18.114999771118164,18.209999084472656,1367158
2026-04-30 12:30:00-04:00,18.389999389648438,18.399999618530273,18.165000915527344,18.260000228881836,1207352
2026-04-30 13:30:00-04:00,18.770000457763672,18.780000686645508,18.399999618530273,18.399999618530273,1891285
2026-04-30 14:30:00-04:00,18.59000015258789,18.790000915527344,18.53499984741211,18.764999389648438,2570455
2026-04-30 15:30:00-04:00,18.415000915527344,18.614999771118164,18.110000610351562,18.579999923706055,3554697
2026-05-01 09:30:00-04:00,19.1200008392334,19.8799991607666,18.450000762939453,19.329999923706055,8220029
2026-05-01 10:30:00-04:00,18.982999801635742,19.329999923706055,18.815000534057617,19.129899978637695,3108206
2026-05-01 11:30:00-04:00,19.0049991607666,19.239999771118164,18.725000381469727,18.989999771118164,1872329
2026-05-01 12:30:00-04:00,18.739999771118164,19.09000015258789,18.725000381469727,19.0049991607666,1370455
2026-05-01 13:30:00-04:00,18.875,18.889999389648438,18.575000762939453,18.735000610351562,1379631
2026-05-01 14:30:00-04:00,18.825000762939453,18.885000228881836,18.594999313354492,18.8700008392334,1715407
2026-05-01 15:30:00-04:00,18.600000381469727,18.834999084472656,18.524999618530273,18.825000762939453,2055442
2026-05-04 09:30:00-04:00,18.635000228881836,18.809999465942383,17.90999984741211,18.520000457763672,4111896
2026-05-04 10:30:00-04:00,18.329999923706055,18.860000610351562,18.219999313354492,18.625,1928757
2026-05-04 11:30:00-04:00,18.375,18.40999984741211,18.1299991607666,18.325000762939453,972581
2026-05-04 12:30:00-04:00,18.325000762939453,18.389999389648438,18.170000076293945,18.3799991607666,590807
2026-05-04 13:30:00-04:00,18.389999389648438,18.389999389648438,18.200000762939453,18.325000762939453,666912
2026-05-04 14:30:00-04:00,18.739999771118164,18.774999618530273,18.309999465942383,18.399999618530273,1123083
2026-05-04 15:30:00-04:00,18.450000762939453,18.760000228881836,18.43000030517578,18.739999771118164,1784542
2026-05-05 09:30:00-04:00,17.959999084472656,18.290000915527344,17.700000762939453,18.290000915527344,2735217
2026-05-05 10:30:00-04:00,17.92020034790039,17.975000381469727,17.774999618530273,17.96500015258789,878470
2026-05-05 11:30:00-04:00,17.78499984741211,17.959999084472656,17.770000457763672,17.924400329589844,601021
2026-05-05 12:30:00-04:00,17.704999923706055,17.790000915527344,17.670000076293945,17.781400680541992,744543
2026-05-05 13:30:00-04:00,17.979999542236328,18.049999237060547,17.649999618530273,17.704999923706055,709700
2026-05-05 14:30:00-04:00,17.979999542236328,18.040000915527344,17.899999618530273,17.969999313354492,933222
2026-05-05 15:30:00-04:00,17.850000381469727,18.020000457763672,17.84000015258789,17.979999542236328,1324937
2026-05-06 09:30:00-04:00,17.135000228881836,17.850000381469727,16.8799991607666,17.850000381469727,3836599
2026-05-06 10:30:00-04:00,17.145000457763672,17.295000076293945,17.059999465942383,17.149999618530273,1341046
2026-05-06 11:30:00-04:00,17.145000457763672,17.190000534057617,17.049999237060547,17.145000457763672,823661
2026-05-06 12:30:00-04:00,17.1299991607666,17.21500015258789,17.040000915527344,17.145000457763672,910388
2026-05-06 13:30:00-04:00,17.28499984741211,17.329999923706055,17.114999771118164,17.12929916381836,649285
2026-05-06 14:30:00-04:00,17.364999771118164,17.540000915527344,17.270000457763672,17.280000686645508,925847
2026-05-06 15:30:00-04:00,17.235000610351562,17.399999618530273,17.229999542236328,17.360000610351562,1089509
2026-05-07 09:30:00-04:00,17.375,17.700000762939453,17.260400772094727,17.510000228881836,1532413
2026-05-07 10:30:00-04:00,17.559999465942383,17.780000686645508,17.341299057006836,17.375,920909
2026-05-07 11:30:00-04:00,17.520000457763672,17.575000762939453,17.309999465942383,17.565000534057617,740738
2026-05-07 12:30:00-04:00,17.155000686645508,17.514999389648438,17.10140037536621,17.514999389648438,753982
2026-05-07 13:30:00-04:00,17.2549991607666,17.360000610351562,17.110000610351562,17.155000686645508,506307
2026-05-07 14:30:00-04:00,17.149999618530273,17.325000762939453,17.104999542236328,17.2549991607666,472605
2026-05-07 15:30:00-04:00,17.274999618530273,17.46500015258789,17.13010025024414,17.155000686645508,1294763
2026-05-08 09:30:00-04:00,16.84000015258789,17.139999389648438,16.520000457763672,17.1299991607666,1818843
2026-05-08 10:30:00-04:00,16.989999771118164,16.989999771118164,16.770000457763672,16.829999923706055,624240
2026-05-08 11:30:00-04:00,17.065000534057617,17.065000534057617,16.899999618530273,17.0,579610
2026-05-08 12:30:00-04:00,17.075000762939453,17.114999771118164,17.0,17.06730079650879,388116
2026-05-08 13:30:00-04:00,17.129100799560547,17.135000228881836,17.0049991607666,17.075000762939453,341693
2026-05-08 14:30:00-04:00,17.09000015258789,17.125,16.96500015258789,17.125,540148
2026-05-08 15:30:00-04:00,17.1299991607666,17.23900032043457,17.075000762939453,17.09000015258789,1463005
2026-05-11 09:30:00-04:00,16.75,16.959999084472656,16.549999237060547,16.81999969482422,1657899
2026-05-11 10:30:00-04:00,16.645000457763672,16.770000457763672,16.514999389648438,16.739999771118164,963765
2026-05-11 11:30:00-04:00,16.674999237060547,16.690000534057617,16.55500030517578,16.645000457763672,732030
2026-05-11 12:30:00-04:00,16.655000686645508,16.77989959716797,16.604999542236328,16.674999237060547,631592
2026-05-11 13:30:00-04:00,16.53499984741211,16.709999084472656,16.479999542236328,16.655000686645508,1004771
2026-05-11 14:30:00-04:00,16.475000381469727,16.614999771118164,16.459999084472656,16.53499984741211,1220852
2026-05-11 15:30:00-04:00,16.530000686645508,16.6200008392334,16.475000381469727,16.475000381469727,1494966
2026-05-12 09:30:00-04:00,16.27192497253418,16.579999923706055,16.170000076293945,16.5,1643564
2026-05-12 10:30:00-04:00,16.014799118041992,16.315000534057617,15.970000267028809,16.270000457763672,1084288
2026-05-12 11:30:00-04:00,16.049999237060547,16.1200008392334,15.930000305175781,16.020000457763672,802251
2026-05-12 12:30:00-04:00,15.989999771118164,16.09000015258789,15.9350004196167,16.059999465942383,514212
2026-05-12 13:30:00-04:00,16.020000457763672,16.04990005493164,15.95300006866455,15.984999656677246,540850
2026-05-12 14:30:00-04:00,15.975000381469727,16.079999923706055,15.954999923706055,16.024999618530273,513162
2026-05-12 15:30:00-04:00,16.260000228881836,16.299999237060547,15.979999542236328,15.979999542236328,1867823
2026-05-13 09:30:00-04:00,15.84000015258789,16.15999984741211,15.600000381469727,16.110000610351562,2806120
2026-05-13 10:30:00-04:00,15.899999618530273,15.960000038146973,15.835000038146973,15.850000381469727,697972
2026-05-13 11:30:00-04:00,16.0,16.03499984741211,15.880000114440918,15.904999732971191,471704
2026-05-13 12:30:00-04:00,15.954999923706055,16.06999969482422,15.949999809265137,15.994999885559082,421027
2026-05-13 13:30:00-04:00,16.014999389648438,16.079999923706055,15.930000305175781,15.960000038146973,346136
2026-05-13 14:30:00-04:00,16.030000686645508,16.084999084472656,15.979999542236328,16.014999389648438,620858
2026-05-13 15:30:00-04:00,16.040000915527344,16.1299991607666,16.020000457763672,16.040000915527344,874269
2026-05-14 09:30:00-04:00,16.204999923706055,16.270000457763672,15.880000114440918,16.170000076293945,1004769
2026-05-14 10:30:00-04:00,16.44499969482422,16.44499969482422,16.172800064086914,16.209999084472656,736650
2026-05-14 11:30:00-04:00,16.514999389648438,16.628000259399414,16.43000030517578,16.44499969482422,492815
2026-05-14 12:30:00-04:00,16.454999923706055,16.540000915527344,16.402599334716797,16.514999389648438,444576
2026-05-14 13:30:00-04:00,16.489999771118164,16.540000915527344,16.399999618530273,16.454999923706055,474901
2026-05-14 14:30:00-04:00,16.4950008392334,16.569000244140625,16.43000030517578,16.4950008392334,483484
2026-05-14 15:30:00-04:00,16.59000015258789,16.59000015258789,16.5,16.5,704174
2026-05-15 09:30:00-04:00,16.774999618530273,16.889999389648438,16.31209945678711,16.34000015258789,1786950
2026-05-15 10:30:00-04:00,16.889999389648438,17.09000015258789,16.739999771118164,16.780000686645508,1012840
2026-05-15 11:30:00-04:00,17.084999084472656,17.09000015258789,16.78499984741211,16.899999618530273,740065
2026-05-15 12:30:00-04:00,17.30500030517578,17.360000610351562,17.065000534057617,17.084999084472656,458610
2026-05-15 13:30:00-04:00,17.307199478149414,17.56999969482422,17.299999237060547,17.348800659179688,861250
2026-05-15 14:30:00-04:00,17.325000762939453,17.424999237060547,17.274999618530273,17.309999465942383,568536
2026-05-15 15:30:00-04:00,17.200000762939453,17.395000457763672,17.18000030517578,17.34000015258789,846245
2026-05-18 09:30:00-04:00,18.864999771118164,18.979900360107422,17.450000762939453,17.56999969482422,5052609
2026-05-18 10:30:00-04:00,18.757999420166016,18.954999923706055,18.5,18.860000610351562,2512775
2026-05-18 11:30:00-04:00,18.614999771118164,18.93000030517578,18.610000610351562,18.75,1185382
2026-05-18 12:30:00-04:00,18.7450008392334,18.78499984741211,18.56999969482422,18.6200008392334,954696
2026-05-18 13:30:00-04:00,19.2450008392334,19.2450008392334,18.690000534057617,18.739999771118164,1895913
2026-05-18 14:30:00-04:00,18.954999923706055,19.440000534057617,18.8700008392334,19.2450008392334,2657540
2026-05-18 15:30:00-04:00,19.18000030517578,19.204999923706055,18.8700008392334,18.954999923706055,1968272
2026-05-19 09:30:00-04:00,18.860000610351562,19.549999237060547,18.809999465942383,19.479999542236328,3785358
2026-05-19 10:30:00-04:00,18.850000381469727,19.200000762939453,18.81999969482422,18.8799991607666,1142517
2026-05-19 11:30:00-04:00,18.510000228881836,18.950000762939453,18.31999969482422,18.84000015258789,1740248
2026-05-19 12:30:00-04:00,18.649999618530273,18.725000381469727,18.450000762939453,18.510000228881836,998180
2026-05-19 13:30:00-04:00,18.649999618530273,18.826900482177734,18.524999618530273,18.649999618530273,1003778
2026-05-19 14:30:00-04:00,18.424999237060547,18.93000030517578,18.420000076293945,18.645000457763672,1278461
2026-05-19 15:30:00-04:00,18.290000915527344,18.450000762939453,18.1299991607666,18.424999237060547,1529530
2026-05-20 09:30:00-04:00,18.260000228881836,18.290000915527344,17.510000228881836,18.049999237060547,2146913
2026-05-20 10:30:00-04:00,18.459999084472656,18.639999389648438,18.270000457763672,18.270000457763672,1422105
2026-05-20 11:30:00-04:00,18.479999542236328,18.549999237060547,18.29199981689453,18.469999313354492,699238
2026-05-20 12:30:00-04:00,18.3700008392334,18.579999923706055,18.344999313354492,18.489999771118164,450082
2026-05-20 13:30:00-04:00,18.385000228881836,18.4950008392334,18.30500030517578,18.3799991607666,429472
2026-05-20 14:30:00-04:00,18.235000610351562,18.434999465942383,18.219999313354492,18.389999389648438,650083
2026-05-20 15:30:00-04:00,18.31999969482422,18.34000015258789,18.149999618530273,18.235000610351562,962456
2026-05-21 09:30:00-04:00,18.010000228881836,18.149900436401367,17.735000610351562,18.0,1378333
2026-05-21 10:30:00-04:00,17.770000457763672,18.045000076293945,17.770000457763672,18.014999389648438,700595
2026-05-21 11:30:00-04:00,17.80500030517578,17.8700008392334,17.70199966430664,17.764999389648438,563087
2026-05-21 12:30:00-04:00,18.03499984741211,18.099300384521484,17.774999618530273,17.809999465942383,532758
2026-05-21 13:30:00-04:00,18.200000762939453,18.299999237060547,18.030000686645508,18.030000686645508,481424
2026-05-21 14:30:00-04:00,17.940000534057617,18.2549991607666,17.899999618530273,18.200000762939453,666184
2026-05-21 15:30:00-04:00,18.045000076293945,18.079999923706055,17.924999237060547,17.93000030517578,787997
2026-05-22 09:30:00-04:00,18.354999542236328,18.8700008392334,18.170000076293945,18.200000762939453,1721811
2026-05-22 10:30:00-04:00,18.450000762939453,18.4950008392334,18.350000381469727,18.360000610351562,417414
2026-05-22 11:30:00-04:00,18.6299991607666,18.659900665283203,18.40999984741211,18.450000762939453,416032
2026-05-22 12:30:00-04:00,18.864999771118164,18.889999389648438,18.6200008392334,18.6299991607666,663737
2026-05-22 13:30:00-04:00,18.7450008392334,18.875,18.650100708007812,18.8700008392334,424392
2026-05-22 14:30:00-04:00,18.6382999420166,18.80500030517578,18.594999313354492,18.739999771118164,608125
2026-05-22 15:30:00-04:00,18.809999465942383,18.809999465942383,18.579999923706055,18.6299991607666,708482
2026-05-26 09:30:00-04:00,19.389999389648438,19.549999237060547,18.649999618530273,18.8799991607666,2203474
2026-05-26 10:30:00-04:00,19.389999389648438,19.579999923706055,19.229999542236328,19.3799991607666,867999
2026-05-26 11:30:00-04:00,19.524999618530273,19.52989959716797,19.260000228881836,19.3882999420166,772520
2026-05-26 12:30:00-04:00,19.540000915527344,19.604999542236328,19.454999923706055,19.524999618530273,720082
2026-05-26 13:30:00-04:00,19.350000381469727,19.565000534057617,19.344999313354492,19.540000915527344,641110
2026-05-26 14:30:00-04:00,19.46500015258789,19.5,19.209999084472656,19.354999542236328,809507
2026-05-26 15:30:00-04:00,19.641000747680664,19.799999237060547,19.46500015258789,19.46500015258789,1801090
2026-05-27 09:30:00-04:00,20.010000228881836,20.540000915527344,19.649999618530273,19.799999237060547,3308124
2026-05-27 10:30:00-04:00,19.584999084472656,20.287500381469727,19.479999542236328,20.010000228881836,1156497
2026-05-27 11:30:00-04:00,19.21500015258789,19.690000534057617,19.084999084472656,19.59000015258789,1052060
2026-05-27 12:30:00-04:00,19.325000762939453,19.440000534057617,19.210100173950195,19.21500015258789,603659
2026-05-27 13:30:00-04:00,19.385000228881836,19.420000076293945,19.21500015258789,19.325000762939453,473398
2026-05-27 14:30:00-04:00,19.2450008392334,19.454999923706055,19.2450008392334,19.385000228881836,638113
2026-05-27 15:30:00-04:00,19.454999923706055,19.489999771118164,19.2450008392334,19.2450008392334,1107814
2026-05-28 09:30:00-04:00,20.350000381469727,20.389999389648438,19.24449920654297,19.299999237060547,2704333
2026-05-28 10:30:00-04:00,20.19499969482422,20.360000610351562,20.15999984741211,20.360000610351562,1104716
2026-05-28 11:30:00-04:00,20.24139976501465,20.5,20.15999984741211,20.19499969482422,1725945
2026-05-28 12:30:00-04:00,20.225000381469727,20.34000015258789,20.149999618530273,20.239999771118164,847906
2026-05-28 13:30:00-04:00,20.2450008392334,20.364999771118164,20.190000534057617,20.229299545288086,756017
2026-05-28 14:30:00-04:00,20.299999237060547,20.360000610351562,20.239999771118164,20.2450008392334,687775
2026-05-28 15:30:00-04:00,20.190000534057617,20.309999465942383,20.139999389648438,20.30500030517578,1087551
2026-05-29 09:30:00-04:00,21.594999313354492,22.059999465942383,20.399999618530273,20.5,4183253
2026-05-29 10:30:00-04:00,22.1200008392334,22.139999389648438,21.420000076293945,21.600000381469727,1851272
2026-05-29 11:30:00-04:00,21.9950008392334,22.219999313354492,21.950000762939453,22.125,1657634
2026-05-29 12:30:00-04:00,22.325000762939453,22.375,21.871999740600586,21.989999771118164,1680686
2026-05-29 13:30:00-04:00,22.545000076293945,22.600000381469727,22.295000076293945,22.325000762939453,1495862
2026-05-29 14:30:00-04:00,22.985000610351562,22.989999771118164,22.524999618530273,22.540000915527344,1488455
2026-05-29 15:30:00-04:00,22.899999618530273,23.030000686645508,22.69499969482422,22.985000610351562,2123223
2026-06-01 09:30:00-04:00,24.2450008392334,24.559999465942383,23.360000610351562,23.655000686645508,7054677
2026-06-01 10:30:00-04:00,24.774999618530273,25.170000076293945,24.049999237060547,24.25,3382790
2026-06-01 11:30:00-04:00,25.097200393676758,25.270000457763672,24.774999618530273,24.774999618530273,1890220
2026-06-01 12:30:00-04:00,25.65999984741211,25.736799240112305,25.060100555419922,25.110000610351562,1736204
2026-06-01 13:30:00-04:00,25.515199661254883,25.69499969482422,25.38010025024414,25.670000076293945,1371984
2026-06-01 14:30:00-04:00,25.600000381469727,25.665000915527344,25.350000381469727,25.514999389648438,1504645
2026-06-01 15:30:00-04:00,25.209999084472656,25.6299991607666,25.18000030517578,25.600000381469727,2465655
2026-06-02 09:30:00-04:00,24.84000015258789,25.950000762939453,24.709999084472656,25.549999237060547,5402173
2026-06-02 10:30:00-04:00,24.53499984741211,24.979999542236328,24.3799991607666,24.84000015258789,1776538
2026-06-02 11:30:00-04:00,24.860000610351562,24.889999389648438,24.479999542236328,24.53499984741211,1114646
2026-06-02 12:30:00-04:00,24.690000534057617,24.950000762939453,24.5,24.860000610351562,1093687
2026-06-02 13:30:00-04:00,24.635000228881836,24.75,24.579999923706055,24.69499969482422,667920
2026-06-02 14:30:00-04:00,24.889999389648438,24.915000915527344,24.6299991607666,24.635000228881836,788803
2026-06-02 15:30:00-04:00,25.235000610351562,25.28499984741211,24.889999389648438,24.889999389648438,1500910
2026-06-03 09:30:00-04:00,23.395000457763672,24.75,22.979999542236328,24.545000076293945,3589995
2026-06-03 10:30:00-04:00,23.069900512695312,23.420000076293945,22.979999542236328,23.399999618530273,1494174
2026-06-03 11:30:00-04:00,23.040000915527344,23.200000762939453,22.8799991607666,23.065000534057617,1077843
2026-06-03 12:30:00-04:00,23.03499984741211,23.094999313354492,22.90999984741211,23.030000686645508,537534
2026-06-03 13:30:00-04:00,23.174999237060547,23.2450008392334,23.0,23.030000686645508,451511
2026-06-03 14:30:00-04:00,22.639999389648438,23.209999084472656,22.584999084472656,23.18000030517578,1326819
2026-06-03 15:30:00-04:00,23.260000228881836,23.34000015258789,22.600000381469727,22.645000457763672,2045321
2026-06-04 09:30:00-04:00,23.510000228881836,23.65999984741211,22.55780029296875,23.360000610351562,2468453
2026-06-04 10:30:00-04:00,23.739999771118164,23.850000381469727,23.360000610351562,23.510000228881836,882611
2026-06-04 11:30:00-04:00,23.165000915527344,23.764999389648438,23.15999984741211,23.7450008392334,610759
2026-06-04 12:30:00-04:00,23.125,23.274999618530273,23.049999237060547,23.15999984741211,563110
2026-06-04 13:30:00-04:00,23.170000076293945,23.239999771118164,23.075000762939453,23.1200008392334,589446
2026-06-04 14:30:00-04:00,23.1200008392334,23.239999771118164,23.05500030517578,23.16990089416504,516486
2026-06-04 15:30:00-04:00,23.135000228881836,23.31999969482422,23.03499984741211,23.110000610351562,829821
2026-06-05 09:30:00-04:00,22.415000915527344,23.399999618530273,22.06999969482422,22.854999542236328,2428807
2026-06-05 10:30:00-04:00,22.190000534057617,22.59000015258789,22.15999984741211,22.405000686645508,835792
2026-06-05 11:30:00-04:00,21.934999465942383,22.229999542236328,21.81999969482422,22.174999237060547,988444
2026-06-05 12:30:00-04:00,22.110000610351562,22.119699478149414,21.7450008392334,21.93000030517578,1001293
2026-06-05 13:30:00-04:00,22.0,22.264999389648438,21.93000030517578,22.114999771118164,965168
2026-06-05 14:30:00-04:00,22.09000015258789,22.09000015258789,21.70009994506836,21.99799919128418,940347
2026-06-05 15:30:00-04:00,22.0,22.28499984741211,22.0,22.09000015258789,1405486
2026-06-08 09:30:00-04:00,21.969999313354492,22.170000076293945,21.40999984741211,21.969999313354492,1404188
2026-06-08 10:30:00-04:00,21.6299991607666,22.02680015563965,21.6200008392334,21.969999313354492,1125371
2026-06-08 11:30:00-04:00,21.729999542236328,21.790000915527344,21.53499984741211,21.6200008392334,631656
2026-06-08 12:30:00-04:00,21.674999237060547,21.780000686645508,21.56999969482422,21.739999771118164,353475
2026-06-08 13:30:00-04:00,21.780099868774414,21.860000610351562,21.6200008392334,21.674999237060547,555426
2026-06-08 14:30:00-04:00,21.630399703979492,21.795000076293945,21.5049991607666,21.78499984741211,452208
2026-06-08 15:30:00-04:00,21.739999771118164,21.829999923706055,21.614999771118164,21.639999389648438,853118
2026-06-09 09:30:00-04:00,21.459999084472656,21.979999542236328,21.100000381469727,21.309999465942383,1585644
2026-06-09 10:30:00-04:00,20.579999923706055,21.530000686645508,20.549999237060547,21.459999084472656,1020344
2026-06-09 11:30:00-04:00,20.079999923706055,20.670000076293945,19.90999984741211,20.579999923706055,1582357
2026-06-09 12:30:00-04:00,20.729999542236328,20.729999542236328,19.8799991607666,20.06999969482422,1040026
2026-06-09 13:30:00-04:00,20.984600067138672,21.030000686645508,20.68000030517578,20.729999542236328,553119
2026-06-09 14:30:00-04:00,21.030000686645508,21.059999465942383,20.864999771118164,20.989999771118164,505372
2026-06-09 15:30:00-04:00,21.09000015258789,21.19499969482422,20.9950008392334,21.040000915527344,1078800
2026-06-10 09:30:00-04:00,20.889999389648438,21.299999237060547,20.434999465942383,20.729999542236328,1004936
2026-06-10 10:30:00-04:00,20.739999771118164,20.959999084472656,20.559999465942383,20.90999984741211,436608
2026-06-10 11:30:00-04:00,20.739999771118164,20.950000762939453,20.670000076293945,20.739999771118164,698908
2026-06-10 12:30:00-04:00,20.510000228881836,20.790000915527344,20.454999923706055,20.725000381469727,258040
2026-06-10 13:30:00-04:00,20.385000228881836,20.610000610351562,20.3700008392334,20.510000228881836,415055
2026-06-10 14:30:00-04:00,20.114999771118164,20.389999389648438,20.06999969482422,20.385000228881836,558892
2026-06-10 15:30:00-04:00,19.940000534057617,20.21500015258789,19.920000076293945,20.110000610351562,941823
2026-06-11 09:30:00-04:00,19.44499969482422,20.06999969482422,19.139999389648438,19.549999237060547,1855455
2026-06-11 10:30:00-04:00,19.459999084472656,19.540000915527344,19.149999618530273,19.459999084472656,793363
2026-06-11 11:30:00-04:00,19.3700008392334,19.549999237060547,19.3700008392334,19.450000762939453,601194
2026-06-11 12:30:00-04:00,19.59000015258789,19.59510040283203,19.18000030517578,19.3700008392334,534393
2026-06-11 13:30:00-04:00,19.7549991607666,19.799999237060547,19.489999771118164,19.59000015258789,709640
2026-06-11 14:30:00-04:00,19.6200008392334,19.799400329589844,19.579999923706055,19.75,548973
2026-06-11 15:30:00-04:00,20.045000076293945,20.079999923706055,19.6299991607666,19.6299991607666,1165811
2026-06-12 09:30:00-04:00,19.829999923706055,20.149999618530273,19.3700008392334,20.030000686645508,1321810
2026-06-12 10:30:00-04:00,20.15999984741211,20.299999237060547,19.719999313354492,19.829999923706055,785251
2026-06-12 11:30:00-04:00,20.045000076293945,20.239999771118164,19.821500778198242,20.149999618530273,707341
2026-06-12 12:30:00-04:00,20.06879997253418,20.219999313354492,20.01759910583496,20.045000076293945,362722
2026-06-12 13:30:00-04:00,19.94499969482422,20.05150032043457,19.895000457763672,20.049999237060547,379237
2026-06-12 14:30:00-04:00,20.05500030517578,20.07900047302246,19.90999984741211,19.94499969482422,332849
2026-06-12 15:30:00-04:00,20.209999084472656,20.219999313354492,19.96500015258789,20.05500030517578,865046
2026-06-15 09:30:00-04:00,19.8799991607666,20.709999084472656,19.68199920654297,20.600000381469727,3686184
2026-06-15 10:30:00-04:00,20.34000015258789,20.450000762939453,19.799999237060547,19.8700008392334,1195324
2026-06-15 11:30:00-04:00,20.415000915527344,20.450000762939453,20.229999542236328,20.34000015258789,582694
2026-06-15 12:30:00-04:00,20.049999237060547,20.429899215698242,19.920000076293945,20.415000915527344,1031951
2026-06-15 13:30:00-04:00,19.950000762939453,20.06999969482422,19.915000915527344,20.045000076293945,405000
2026-06-15 14:30:00-04:00,19.959999084472656,19.975000381469727,19.8799991607666,19.94499969482422,557702
2026-06-15 15:30:00-04:00,19.774999618530273,20.065000534057617,19.7450008392334,19.950000762939453,1030305
2026-06-16 09:30:00-04:00,19.40999984741211,20.194000244140625,19.360000610351562,19.5049991607666,2350180
2026-06-16 10:30:00-04:00,19.46500015258789,19.524999618530273,19.2450008392334,19.3700008392334,731926
2026-06-16 11:30:00-04:00,19.523500442504883,19.739999771118164,19.354999542236328,19.459999084472656,927964
2026-06-16 12:30:00-04:00,19.524999618530273,19.625,19.43000030517578,19.539899826049805,523431
2026-06-16 13:30:00-04:00,19.645000457763672,19.68000030517578,19.45359992980957,19.530000686645508,525037
2026-06-16 14:30:00-04:00,19.735000610351562,19.950000762939453,19.6299991607666,19.645000457763672,706352
2026-06-16 15:30:00-04:00,19.75,19.868000030517578,19.68000030517578,19.735000610351562,1208256
2026-06-17 09:30:00-04:00,19.34000015258789,19.440000534057617,18.850000381469727,19.1200008392334,3203705
2026-06-17 10:30:00-04:00,19.43000030517578,19.510000228881836,19.079999923706055,19.34000015258789,877315
2026-06-17 11:30:00-04:00,19.579999923706055,19.610000610351562,19.43000030517578,19.43000030517578,604747
2026-06-17 12:30:00-04:00,19.530000686645508,19.599899291992188,19.479999542236328,19.584999084472656,364814
2026-06-17 13:30:00-04:00,19.209999084472656,19.639999389648438,19.165000915527344,19.53499984741211,849583
2026-06-17 14:30:00-04:00,18.8700008392334,19.31999969482422,18.764999389648438,19.204999923706055,1744377
2026-06-17 15:30:00-04:00,18.520000457763672,19.020000457763672,18.510000228881836,18.850000381469727,1649218
2026-06-18 09:30:00-04:00,18.409799575805664,18.604999542236328,17.81999969482422,18.59000015258789,3105343
2026-06-18 10:30:00-04:00,18.55500030517578,18.964000701904297,18.419099807739258,18.419099807739258,1306752
2026-06-18 11:30:00-04:00,18.690000534057617,18.769899368286133,18.475000381469727,18.56999969482422,594590
2026-06-18 12:30:00-04:00,18.78499984741211,18.850000381469727,18.610000610351562,18.690000534057617,555862
2026-06-18 13:30:00-04:00,18.764999389648438,18.854999542236328,18.729999542236328,18.799999237060547,418447
2026-06-18 14:30:00-04:00,18.774999618530273,18.81999969482422,18.6299991607666,18.764999389648438,673011
2026-06-18 15:30:00-04:00,18.899999618530273,18.93000030517578,18.709999084472656,18.774999618530273,1319986
2026-06-22 09:30:00-04:00,18.625,19.3700008392334,18.399999618530273,18.799999237060547,2017276
2026-06-22 10:30:00-04:00,18.350000381469727,18.65999984741211,18.239999771118164,18.621700286865234,1080546
2026-06-22 11:30:00-04:00,18.094999313354492,18.360000610351562,18.023399353027344,18.360000610351562,750702
2026-06-22 12:30:00-04:00,18.2549991607666,18.315000534057617,18.075000762939453,18.09980010986328,654950
2026-06-22 13:30:00-04:00,18.415000915527344,18.479999542236328,18.2101993560791,18.2450008392334,554068
2026-06-22 14:30:00-04:00,18.420000076293945,18.45989990234375,18.270000457763672,18.415000915527344,517617
2026-06-22 15:30:00-04:00,18.450000762939453,18.48859977722168,18.34000015258789,18.43000030517578,1074937
2026-06-23 09:30:00-04:00,19.93000030517578,20.5,19.260000228881836,19.520000457763672,6299127
2026-06-23 10:30:00-04:00,19.6200008392334,20.06999969482422,19.530000686645508,19.920000076293945,1545967
2026-06-23 11:30:00-04:00,19.864999771118164,19.940000534057617,19.6200008392334,19.6200008392334,2527407
2026-06-23 12:30:00-04:00,19.790000915527344,19.985000610351562,19.770000457763672,19.860000610351562,671401
2026-06-23 13:30:00-04:00,19.395000457763672,19.799999237060547,19.3799991607666,19.799999237060547,951991
2026-06-23 14:30:00-04:00,19.5049991607666,19.520000457763672,19.1200008392334,19.395000457763672,1256616
2026-06-23 15:30:00-04:00,19.489999771118164,19.549999237060547,19.399999618530273,19.5049991607666,1490364
2026-06-24 09:30:00-04:00,19.440000534057617,20.280000686645508,19.190000534057617,19.389999389648438,2952539
2026-06-24 10:30:00-04:00,19.56800079345703,19.68000030517578,19.285200119018555,19.420000076293945,935178
2026-06-24 11:30:00-04:00,19.059999465942383,19.56089973449707,19.030000686645508,19.559999465942383,838055
2026-06-24 12:30:00-04:00,18.7549991607666,19.079999923706055,18.702800750732422,19.059999465942383,1051400
2026-06-24 13:30:00-04:00,18.84000015258789,18.88909912109375,18.670000076293945,18.75,808262
2026-06-24 14:30:00-04:00,18.709999084472656,18.844999313354492,18.474000930786133,18.84000015258789,938613
2026-06-24 15:30:00-04:00,18.829999923706055,18.950000762939453,18.69499969482422,18.704999923706055,1774369
2026-06-25 09:30:00-04:00,18.471200942993164,18.940000534057617,17.850000381469727,18.940000534057617,2204962
2026-06-25 10:30:00-04:00,18.174999237060547,18.520000457763672,18.0,18.479900360107422,1088642
2026-06-25 11:30:00-04:00,18.235000610351562,18.360000610351562,18.18000030517578,18.190000534057617,499316
2026-06-25 12:30:00-04:00,18.113500595092773,18.229999542236328,18.06999969482422,18.229999542236328,756025
2026-06-25 13:30:00-04:00,18.19499969482422,18.209999084472656,17.985000610351562,18.1200008392334,715339
2026-06-25 14:30:00-04:00,18.010499954223633,18.190000534057617,17.920000076293945,18.190000534057617,786521
2026-06-25 15:30:00-04:00,17.860000610351562,18.010000228881836,17.774999618530273,18.010000228881836,1810217
2026-06-26 09:30:00-04:00,18.639999389648438,18.645000457763672,17.809999465942383,17.84000015258789,1819069
2026-06-26 10:30:00-04:00,18.864999771118164,18.8700008392334,18.40999984741211,18.639999389648438,890076
2026-06-26 11:30:00-04:00,18.875,19.114999771118164,18.86400032043457,18.8700008392334,892483
2026-06-26 12:30:00-04:00,18.809999465942383,19.0049991607666,18.75,18.8799991607666,464074
2026-06-26 13:30:00-04:00,18.8799991607666,19.065000534057617,18.780000686645508,18.815000534057617,712640
2026-06-26 14:30:00-04:00,18.75,18.905000686645508,18.65999984741211,18.8799991607666,762665
2026-06-26 15:30:00-04:00,18.950000762939453,18.989999771118164,18.719999313354492,18.7549991607666,1154815
2026-06-29 09:30:00-04:00,19.989999771118164,20.040000915527344,19.260000228881836,19.299999237060547,2713229
2026-06-29 10:30:00-04:00,19.579999923706055,20.038000106811523,19.440000534057617,19.989999771118164,1089849
2026-06-29 11:30:00-04:00,19.540000915527344,19.700000762939453,19.399999618530273,19.59000015258789,752801
2026-06-29 12:30:00-04:00,19.68000030517578,19.72800064086914,19.510000228881836,19.53499984741211,437148
2026-06-29 13:30:00-04:00,19.690000534057617,19.760000228881836,19.604999542236328,19.670000076293945,445094
2026-06-29 14:30:00-04:00,19.875,19.92140007019043,19.665000915527344,19.690000534057617,598046
2026-06-29 15:30:00-04:00,19.709999084472656,19.8700008392334,19.65999984741211,19.8700008392334,1072842
2026-06-30 09:30:00-04:00,19.549999237060547,19.739900588989258,19.309999465942383,19.459999084472656,1134832
2026-06-30 10:30:00-04:00,19.354999542236328,19.579999923706055,19.049999237060547,19.549999237060547,834119
2026-06-30 11:30:00-04:00,19.434999465942383,19.469999313354492,19.200000762939453,19.360000610351562,369250
2026-06-30 12:30:00-04:00,19.7322998046875,19.7549991607666,19.43000030517578,19.43000030517578,454546
2026-06-30 13:30:00-04:00,19.672500610351562,19.780000686645508,19.610000610351562,19.735000610351562,369129
2026-06-30 14:30:00-04:00,19.688600540161133,19.709999084472656,19.584999084472656,19.674999237060547,407116
2026-06-30 15:30:00-04:00,19.68000030517578,19.7450008392334,19.625,19.690000534057617,836907
2026-07-01 09:30:00-04:00,21.084999084472656,21.329999923706055,20.0,20.15999984741211,3066705
2026-07-01 10:30:00-04:00,21.270000457763672,21.364999771118164,20.940000534057617,21.09000015258789,1247249
2026-07-01 11:30:00-04:00,21.100000381469727,21.360000610351562,21.0,21.28499984741211,713292
2026-07-01 12:30:00-04:00,21.1200008392334,21.184999465942383,20.90999984741211,21.094999313354492,734432
2026-07-01 13:30:00-04:00,21.059999465942383,21.200000762939453,20.975000381469727,21.129499435424805,426084
2026-07-01 14:30:00-04:00,20.93000030517578,21.084999084472656,20.81999969482422,21.049999237060547,640575
2026-07-01 15:30:00-04:00,20.84000015258789,21.114999771118164,20.829999923706055,20.920000076293945,1032847
2026-07-02 09:30:00-04:00,20.920000076293945,21.239900588989258,20.709999084472656,20.795000076293945,1683930
2026-07-02 10:30:00-04:00,20.899999618530273,21.100000381469727,20.6299991607666,20.920000076293945,1079582
2026-07-02 11:30:00-04:00,20.620100021362305,21.040000915527344,20.620100021362305,20.90999984741211,617566
2026-07-02 12:30:00-04:00,20.489999771118164,20.6200008392334,20.360000610351562,20.6200008392334,530759
2026-07-02 13:30:00-04:00,20.729900360107422,20.729999542236328,20.399999618530273,20.485000610351562,496352
2026-07-02 14:30:00-04:00,20.729999542236328,20.834999084472656,20.65999984741211,20.719999313354492,602055
2026-07-02 15:30:00-04:00,20.68000030517578,20.815000534057617,20.68000030517578,20.725000381469727,965610
2026-07-06 09:30:00-04:00,21.040000915527344,21.43000030517578,20.34000015258789,20.489999771118164,1616149
2026-07-06 10:30:00-04:00,21.729999542236328,21.729999542236328,20.989999771118164,21.049999237060547,919790
2026-07-06 11:30:00-04:00,21.655000686645508,21.819900512695312,21.579999923706055,21.725000381469727,629193
2026-07-06 12:30:00-04:00,21.799999237060547,21.895000457763672,21.6299991607666,21.655000686645508,625382
2026-07-06 13:30:00-04:00,21.799999237060547,21.84000015258789,21.600000381469727,21.809999465942383,584839
2026-07-06 14:30:00-04:00,21.819900512695312,21.829999923706055,21.65999984741211,21.795000076293945,592230
2026-07-06 15:30:00-04:00,21.81999969482422,21.8700008392334,21.6200008392334,21.81049919128418,934009
2026-07-07 09:30:00-04:00,21.520000457763672,22.5,21.1299991607666,22.079999923706055,3568828
2026-07-07 10:30:00-04:00,21.40999984741211,21.540000915527344,21.219999313354492,21.514999389648438,923247
2026-07-07 11:30:00-04:00,21.799999237060547,21.88990020751953,21.244199752807617,21.420000076293945,976539
2026-07-07 12:30:00-04:00,22.1200008392334,22.139999389648438,21.79199981689453,21.799999237060547,876348
2026-07-07 13:30:00-04:00,22.760000228881836,22.899999618530273,22.059999465942383,22.118000030517578,2084515
2026-07-07 14:30:00-04:00,21.900100708007812,22.780000686645508,21.809999465942383,22.75,1803604
2026-07-07 15:30:00-04:00,21.875,22.045000076293945,21.760499954223633,21.905000686645508,1241500
2026-07-08 09:30:00-04:00,21.40999984741211,21.739999771118164,20.950000762939453,21.25,1983049
2026-07-08 10:30:00-04:00,21.135000228881836,21.489999771118164,21.030000686645508,21.405000686645508,920718
2026-07-08 11:30:00-04:00,21.385000228881836,21.385000228881836,20.940000534057617,21.1299991607666,783848
2026-07-08 12:30:00-04:00,21.360000610351562,21.479999542236328,21.139999389648438,21.3799991607666,460741
2026-07-08 13:30:00-04:00,21.450000762939453,21.565000534057617,21.350000381469727,21.354999542236328,476583
2026-07-08 14:30:00-04:00,21.450000762939453,21.594999313354492,21.350000381469727,21.440000534057617,556153
2026-07-08 15:30:00-04:00,21.65999984741211,21.714000701904297,21.44499969482422,21.459999084472656,876878
2026-07-09 09:30:00-04:00,22.280000686645508,22.280000686645508,20.770000457763672,21.114999771118164,2185232
2026-07-09 10:30:00-04:00,22.155000686645508,22.459999084472656,22.06999969482422,22.280000686645508,870967
2026-07-09 11:30:00-04:00,22.100000381469727,22.190000534057617,21.93000030517578,22.155000686645508,449106
2026-07-09 12:30:00-04:00,22.084999084472656,22.235000610351562,22.030000686645508,22.110000610351562,511852
2026-07-09 13:30:00-04:00,21.979999542236328,22.100000381469727,21.90999984741211,22.079999923706055,339975
2026-07-09 14:30:00-04:00,21.854999542236328,22.030000686645508,21.739999771118164,21.989999771118164,552476
2026-07-09 15:30:00-04:00,21.920000076293945,21.985000610351562,21.81999969482422,21.850000381469727,663841
2026-07-10 09:30:00-04:00,21.520000457763672,22.579999923706055,21.450000762939453,22.5,1206000
2026-07-10 10:30:00-04:00,21.489999771118164,21.57939910888672,21.219999313354492,21.5,702687
2026-07-10 11:30:00-04:00,21.475000381469727,21.572824478149414,21.440000534057617,21.489999771118164,321638
2026-07-10 12:30:00-04:00,21.25,21.56999969482422,21.235000610351562,21.479999542236328,388972
2026-07-10 13:30:00-04:00,21.34000015258789,21.3700008392334,21.201200485229492,21.2450008392334,348629
2026-07-10 14:30:00-04:00,21.582000732421875,21.729999542236328,21.299999237060547,21.34950065612793,559084
2026-07-10 15:30:00-04:00,21.5,21.575000762939453,21.407400131225586,21.575000762939453,724640
2026-07-13 09:30:00-04:00,22.229999542236328,22.229999542236328,21.450000762939453,21.450000762939453,1510764
2026-07-13 10:30:00-04:00,22.6299991607666,22.709999084472656,22.200000762939453,22.239999771118164,1280421
2026-07-13 11:30:00-04:00,22.222000122070312,22.84000015258789,22.18000030517578,22.6299991607666,1247096
2026-07-13 12:30:00-04:00,22.06999969482422,22.219999313354492,21.790000915527344,22.219999313354492,2067444
2026-07-13 13:30:00-04:00,21.735000610351562,22.18000030517578,21.735000610351562,22.079999923706055,1020837
2026-07-13 14:30:00-04:00,21.639999389648438,21.899999618530273,21.610000610351562,21.729999542236328,762592
2026-07-13 15:30:00-04:00,21.8700008392334,21.96500015258789,21.479999542236328,21.6299991607666,1354358
2026-07-14 09:30:00-04:00,22.04010009765625,22.065000534057617,20.5,20.7450008392334,2000848
2026-07-14 10:30:00-04:00,22.30500030517578,22.510000228881836,22.049999237060547,22.049999237060547,994415
2026-07-14 11:30:00-04:00,22.479999542236328,22.510000228881836,22.02899932861328,22.30500030517578,791914
2026-07-14 12:30:00-04:00,22.25079917907715,22.584999084472656,22.200000762939453,22.479999542236328,446670
2026-07-14 13:30:00-04:00,22.174999237060547,22.280000686645508,22.079999923706055,22.260000228881836,277840
2026-07-14 14:30:00-04:00,22.469999313354492,22.549999237060547,22.1299991607666,22.18000030517578,832498
2026-07-14 15:30:00-04:00,22.540000915527344,22.6299991607666,22.360000610351562,22.469999313354492,1118132
2026-07-15 09:30:00-04:00,22.81999969482422,23.34000015258789,22.5,22.950000762939453,2057594
2026-07-15 10:30:00-04:00,22.764999389648438,23.030000686645508,22.540000915527344,22.81920051574707,919906
2026-07-15 11:30:00-04:00,22.450000762939453,22.84000015258789,22.399999618530273,22.76180076599121,884559
2026-07-15 12:30:00-04:00,22.469999313354492,22.549999237060547,22.33679962158203,22.459999084472656,679742
2026-07-15 13:30:00-04:00,22.670000076293945,22.69729995727539,22.40999984741211,22.479999542236328,462997
2026-07-15 14:30:00-04:00,22.584999084472656,22.69499969482422,22.420000076293945,22.670000076293945,572182
2026-07-15 15:30:00-04:00,22.399999618530273,22.75,22.389999389648438,22.59000015258789,711233
2026-07-16 09:30:00-04:00,21.75,22.790000915527344,21.315000534057617,22.31999969482422,1904772
2026-07-16 10:30:00-04:00,21.829999923706055,22.010000228881836,21.68000030517578,21.75,563066
2026-07-16 11:30:00-04:00,21.600000381469727,21.889999389648438,21.489999771118164,21.809999465942383,363240
2026-07-16 12:30:00-04:00,21.799999237060547,21.889999389648438,21.559999465942383,21.610000610351562,446034
2026-07-16 13:30:00-04:00,21.764999389648438,21.979999542236328,21.639999389648438,21.799999237060547,483669
2026-07-16 14:30:00-04:00,21.399999618530273,21.770000457763672,21.329999923706055,21.770000457763672,584834
2026-07-16 15:30:00-04:00,21.415000915527344,21.479900360107422,21.239999771118164,21.399999618530273,1064944
2026-07-17 09:30:00-04:00,21.905000686645508,21.997900009155273,20.600000381469727,20.75,2421360
2026-07-17 10:30:00-04:00,21.530000686645508,21.920000076293945,21.40999984741211,21.919300079345703,1320316
2026-07-17 11:30:00-04:00,21.969999313354492,22.0,21.3799991607666,21.510000228881836,728703
2026-07-17 12:30:00-04:00,22.3700008392334,22.399999618530273,21.899999618530273,21.959999084472656,504009
2026-07-17 13:30:00-04:00,22.174999237060547,22.489999771118164,22.165000915527344,22.3700008392334,761154
2026-07-17 14:30:00-04:00,21.84000015258789,22.239999771118164,21.739999771118164,22.15999984741211,663116
2026-07-17 15:30:00-04:00,21.670000076293945,21.97010040283203,21.639999389648438,21.850000381469727,1372973
2026-07-20 09:30:00-04:00,20.802000045776367,21.520000457763672,20.6299991607666,21.18000030517578,1495981
2026-07-20 10:30:00-04:00,21.25,21.360000610351562,20.80500030517578,20.80500030517578,583953
2026-07-20 11:30:00-04:00,21.674999237060547,21.760000228881836,21.18000030517578,21.260000228881836,611112
2026-07-20 12:30:00-04:00,21.809999465942383,21.81999969482422,21.549999237060547,21.690000534057617,634127
2026-07-20 13:30:00-04:00,21.790000915527344,21.88050079345703,21.739999771118164,21.81999969482422,419782
2026-07-20 14:30:00-04:00,21.540000915527344,21.82990074157715,21.440000534057617,21.78499984741211,513783
2026-07-20 15:30:00-04:00,21.34000015258789,21.600000381469727,21.334999084472656,21.540000915527344,656877
2026-07-21 09:30:00-04:00,21.790000915527344,21.790000915527344,20.989999771118164,21.049999237060547,1026325
2026-07-21 10:30:00-04:00,21.520000457763672,21.920000076293945,21.420900344848633,21.78499984741211,660039
2026-07-21 11:30:00-04:00,21.25,21.565000534057617,21.19499969482422,21.5049991607666,586560
2026-07-21 12:30:00-04:00,21.219999313354492,21.25,21.079999923706055,21.25,385280
2026-07-21 13:30:00-04:00,21.15999984741211,21.260000228881836,21.06999969482422,21.209999084472656,488222
2026-07-21 14:30:00-04:00,20.985000610351562,21.170000076293945,20.97010040283203,21.155000686645508,675970
2026-07-21 15:30:00-04:00,21.18000030517578,21.31999969482422,20.985000610351562,20.985000610351562,1258419
2026-07-22 09:30:00-04:00,20.520000457763672,21.19879913330078,20.270000457763672,21.100000381469727,2119251
2026-07-22 10:30:00-04:00,20.635000228881836,20.739999771118164,20.459999084472656,20.530000686645508,854336
2026-07-22 11:30:00-04:00,20.219999313354492,20.655000686645508,20.15999984741211,20.639999389648438,786495
2026-07-22 12:30:00-04:00,20.145000457763672,20.309999465942383,20.010000228881836,20.219999313354492,608129
2026-07-22 13:30:00-04:00,20.030500411987305,20.184999465942383,19.90999984741211,20.144800186157227,808057
2026-07-22 14:30:00-04:00,20.084999084472656,20.110000610351562,19.969999313354492,20.030000686645508,512176
2026-07-22 15:30:00-04:00,20.15999984741211,20.190000534057617,19.959999084472656,20.09000015258789,971029
2026-07-23 09:30:00-04:00,19.809999465942383,20.450000762939453,19.680500030517578,20.3799991607666,1232345
2026-07-23 10:30:00-04:00,19.405000686645508,19.825000762939453,19.270000457763672,19.802499771118164,1181523
2026-07-23 11:30:00-04:00,19.440000534057617,19.5,19.25,19.405000686645508,576389
2026-07-23 12:30:00-04:00,19.34000015258789,19.4950008392334,19.31999969482422,19.440000534057617,399806
2026-07-23 13:30:00-04:00,19.350000381469727,19.40999984741211,19.280500411987305,19.350000381469727,325984
2026-07-23 14:30:00-04:00,19.21500015258789,19.3700008392334,19.190000534057617,19.344999313354492,456594
2026-07-23 15:30:00-04:00,19.375,19.399999618530273,19.155000686645508,19.219999313354492,1116580
2026-07-24 09:30:00-04:00,19.28499984741211,19.829999923706055,19.15999984741211,19.700000762939453,929514
2026-07-24 10:30:00-04:00,19.559999465942383,19.600000381469727,19.06999969482422,19.2549991607666,595934
2026-07-24 11:30:00-04:00,19.450000762939453,19.649999618530273,19.34000015258789,19.559999465942383,296706
2026-07-24 12:30:00-04:00,19.34000015258789,19.456100463867188,19.15999984741211,19.44499969482422,439202
2026-07-24 13:30:00-04:00,19.31999969482422,19.420000076293945,19.310100555419922,19.350000381469727,210916
2026-07-24 14:30:00-04:00,19.299999237060547,19.469999313354492,19.260000228881836,19.31999969482422,477483
2026-07-24 15:30:00-04:00,19.139999389648438,19.329999923706055,19.104999542236328,19.295000076293945,948281
2026-07-27 09:30:00-04:00,19.899999618530273,20.109500885009766,19.709999084472656,19.709999084472656,1075685
2026-07-27 10:30:00-04:00,20.469999313354492,20.514999389648438,19.8700008392334,19.899999618530273,852595
2026-07-27 11:30:00-04:00,20.55500030517578,20.604999542236328,20.190000534057617,20.46500015258789,582725
2026-07-27 12:30:00-04:00,20.657899856567383,20.759899139404297,20.514999389648438,20.56999969482422,517669
2026-07-27 13:30:00-04:00,20.75,21.0,20.6299991607666,20.649999618530273,519963
2026-07-27 14:30:00-04:00,20.93000030517578,20.979999542236328,20.674999237060547,20.739999771118164,816921
2026-07-27 15:30:00-04:00,20.75,21.010000228881836,20.674999237060547,20.940000534057617,1486836
2026-07-28 09:30:00-04:00,20.485000610351562,21.079999923706055,20.290000915527344,20.780000686645508,1451553
2026-07-28 10:30:00-04:00,21.274999618530273,21.31999969482422,20.440000534057617,20.46500015258789,678522
2026-07-28 11:30:00-04:00,21.739999771118164,21.770000457763672,21.200000762939453,21.27079963684082,939214
2026-07-28 12:30:00-04:00,22.010000228881836,22.03499984741211,21.65999984741211,21.719999313354492,1139004
2026-07-28 13:30:00-04:00,21.690000534057617,22.014999389648438,21.65999984741211,22.0,708057
2026-07-28 14:30:00-04:00,21.565000534057617,21.889999389648438,21.5049991607666,21.690000534057617,790014
2026-07-28 15:30:00-04:00,21.889999389648438,21.920000076293945,21.559999465942383,21.655000686645508,988333
2026-07-29 09:30:00-04:00,22.155000686645508,22.8799991607666,21.84000015258789,21.84000015258789,2129500
2026-07-29 10:30:00-04:00,22.149999618530273,22.341699600219727,22.101999282836914,22.15999984741211,669552
2026-07-29 11:30:00-04:00,22.139999389648438,22.270000457763672,21.979999542236328,22.139999389648438,529385
2026-07-29 12:30:00-04:00,22.170000076293945,22.32539939880371,21.959999084472656,22.139999389648438,471003
2026-07-29 13:30:00-04:00,22.549999237060547,22.675600051879883,22.04010009765625,22.179800033569336,756075
2026-07-29 14:30:00-04:00,22.43000030517578,22.989900588989258,22.3799991607666,22.559999465942383,1245454
2026-07-29 15:30:00-04:00,22.100000381469727,22.5049991607666,22.010000228881836,22.420000076293945,1097141
2026-07-30 09:30:00-04:00,20.899999618530273,21.45989990234375,20.830299377441406,21.420000076293945,1184981
2026-07-30 10:30:00-04:00,20.969999313354492,21.135000228881836,20.84000015258789,20.8799991607666,620665
2026-07-30 11:30:00-04:00,21.079999923706055,21.190000534057617,20.950000762939453,20.969999313354492,377618
2026-07-30 12:30:00-04:00,21.280000686645508,21.399999618530273,21.020000457763672,21.075000762939453,477514
2026-07-30 13:30:00-04:00,21.25,21.325000762939453,21.15999984741211,21.280000686645508,315811
2026-07-30 14:30:00-04:00,21.229999542236328,21.280000686645508,21.149999618530273,21.260000228881836,282386
2026-07-30 15:30:00-04:00,21.354999542236328,21.46500015258789,21.19499969482422,21.23040008544922,884569
2026-07-31 09:30:00-04:00,21.100000381469727,21.725000381469727,20.979999542236328,20.979999542236328,1191405
2026-07-31 10:30:00-04:00,20.985000610351562,21.19499969482422,20.905000686645508,21.104999542236328,600719
2026-07-31 11:30:00-04:00,21.3799991607666,21.40999984741211,20.920000076293945,20.989999771118164,501699
2026-07-31 12:30:00-04:00,21.65999984741211,21.665000915527344,21.31999969482422,21.389999389648438,354950
2026-07-31 13:30:00-04:00,21.559999465942383,21.71500015258789,21.469999313354492,21.65999984741211,427423
2026-07-31 14:30:00-04:00,21.584999084472656,21.684999465942383,21.520000457763672,21.559999465942383,439385
2026-07-31 15:30:00-04:00,21.614999771118164,21.75,21.520000457763672,21.579999923706055,866059
2026-08-03 09:30:00-04:00,22.5,22.989999771118164,22.030000686645508,22.049999237060547,1675913
2026-08-03 10:30:00-04:00,22.479400634765625,22.700000762939453,22.350000381469727,22.510000228881836,769286
2026-08-03 11:30:00-04:00,22.510000228881836,22.615100860595703,22.36280059814453,22.479999542236328,430645
2026-08-03 12:30:00-04:00,22.420000076293945,22.558300018310547,22.3700008392334,22.510000228881836,520040
2026-08-03 13:30:00-04:00,22.43000030517578,22.485000610351562,22.3799991607666,22.43000030517578,370765
2026-08-03 14:30:00-04:00,22.670000076293945,22.719999313354492,22.440000534057617,22.440000534057617,520761
2026-08-03 15:30:00-04:00,22.56999969482422,22.829999923706055,22.545000076293945,22.69499969482422,976662
2026-08-04 09:30:00-04:00,23.56999969482422,23.68000030517578,23.010000228881836,23.204999923706055,2489088
2026-08-04 10:30:00-04:00,23.40999984741211,23.690000534057617,23.375,23.579999923706055,1239044
2026-08-04 11:30:00-04:00,23.635000228881836,23.670000076293945,23.399999618530273,23.43000030517578,1305650
2026-08-04 12:30:00-04:00,23.8799991607666,23.959999084472656,23.59000015258789,23.635000228881836,1678737
2026-08-04 13:30:00-04:00,24.19499969482422,24.200000762939453,23.850000381469727,23.88010025024414,2174781
2026-08-04 14:30:00-04:00,24.329999923706055,24.3799991607666,24.075000762939453,24.19499969482422,2766579
2026-08-04 15:30:00-04:00,24.260000228881836,24.479999542236328,24.200000762939453,24.34000015258789,3052120
2026-08-05 09:30:00-04:00,28.26810073852539,28.5,24.450000762939453,24.649999618530273,20288694
2026-08-05 10:30:00-04:00,27.135000228881836,28.275800704956055,27.040000915527344,28.270000457763672,4869332
2026-08-05 11:30:00-04:00,27.09000015258789,27.209999084472656,26.729999542236328,27.1299991607666,2308967
2026-08-05 12:30:00-04:00,26.978700637817383,27.129899978637695,26.780000686645508,27.079999923706055,1273595
2026-08-05 13:30:00-04:00,27.389999389648438,27.479999542236328,26.8700008392334,26.97010040283203,1862425
2026-08-05 14:30:00-04:00,27.1299991607666,27.399999618530273,26.84000015258789,27.3700008392334,1955515
2026-08-05 15:30:00-04:00,27.08799934387207,27.56999969482422,27.05500030517578,27.1200008392334,2597351
2026-08-06 09:30:00-04:00,26.229999542236328,27.010000228881836,25.780000686645508,26.799999237060547,4699215
2026-08-06 10:30:00-04:00,25.709999084472656,26.360000610351562,25.6299991607666,26.239999771118164,1942696
2026-08-06 11:30:00-04:00,25.55500030517578,25.940000534057617,25.514999389648438,25.709999084472656,1319731
2026-08-06 12:30:00-04:00,25.75,25.875,25.540000915527344,25.549999237060547,770175
2026-08-06 13:30:00-04:00,25.530000686645508,25.7450008392334,25.469999313354492,25.7450008392334,702180
2026-08-06 14:30:00-04:00,25.354999542236328,25.579999923706055,25.31999969482422,25.520000457763672,1084890
2026-08-06 15:30:00-04:00,25.559999465942383,25.770000457763672,25.290000915527344,25.360000610351562,1764641
2026-08-07 09:30:00-04:00,26.399999618530273,26.479999542236328,25.0,25.510000228881836,2451197
2026-08-07 10:30:00-04:00,26.389999389648438,26.579999923706055,26.219999313354492,26.395099639892578,1470889
2026-08-07 11:30:00-04:00,26.190000534057617,26.434999465942383,26.1200008392334,26.389999389648438,993747
2026-08-07 12:30:00-04:00,26.170000076293945,26.395000457763672,26.030000686645508,26.190000534057617,683293
2026-08-07 13:30:00-04:00,26.364999771118164,26.3799991607666,26.125,26.170000076293945,517174
2026-08-07 14:30:00-04:00,26.299999237060547,26.389999389648438,26.0,26.3700008392334,1163354
2026-08-07 15:30:00-04:00,26.6299991607666,26.639999389648438,26.270999908447266,26.299999237060547,1193476
2026-08-10 09:30:00-04:00,27.405000686645508,27.41990089416504,26.299999237060547,26.610000610351562,2004190
2026-08-10 10:30:00-04:00,27.149999618530273,27.450000762939453,27.1299991607666,27.399999618530273,682397
2026-08-10 11:30:00-04:00,27.25,27.5,27.149999618530273,27.155000686645508,691497
2026-08-10 12:30:00-04:00,27.35140037536621,27.450000762939453,27.030000686645508,27.25,561795
2026-08-10 13:30:00-04:00,27.440000534057617,27.549999237060547,27.31999969482422,27.350000381469727,902823
2026-08-10 14:30:00-04:00,27.6200008392334,27.81999969482422,27.3799991607666,27.434999465942383,781472
2026-08-10 15:30:00-04:00,27.530000686645508,27.790000915527344,27.489999771118164,27.610000610351562,1054863
2026-08-11 09:30:00-04:00,27.829999923706055,27.950000762939453,27.0,27.479999542236328,1719400
2026-08-11 10:30:00-04:00,28.34000015258789,28.579999923706055,27.770000457763672,27.81999969482422,1754092
2026-08-11 11:30:00-04:00,28.300100326538086,28.584999084472656,28.15999984741211,28.334999084472656,953301
2026-08-11 12:30:00-04:00,28.199899673461914,28.34000015258789,28.1299991607666,28.299999237060547,721730
2026-08-11 13:30:00-04:00,28.459999084472656,28.559999465942383,28.190000534057617,28.209999084472656,938712
2026-08-11 14:30:00-04:00,28.639999389648438,28.670000076293945,28.329999923706055,28.469999313354492,1166826
2026-08-11 15:30:00-04:00,29.170000076293945,29.18000030517578,28.610000610351562,28.639999389648438,1933129
2026-08-12 09:30:00-04:00,28.190000534057617,29.889999389648438,28.030000686645508,28.989999771118164,3480591
2026-08-12 10:30:00-04:00,28.34000015258789,28.40999984741211,28.170000076293945,28.239999771118164,663941
2026-08-12 11:30:00-04:00,28.440000534057617,28.5,28.200000762939453,28.329999923706055,466672
2026-08-12 12:30:00-04:00,28.5,28.559900283813477,28.209999084472656,28.43000030517578,591776
2026-08-12 13:30:00-04:00,28.575000762939453,28.65999984741211,28.479999542236328,28.510000228881836,425655
2026-08-12 14:30:00-04:00,28.760000228881836,28.770000457763672,28.570499420166016,28.570499420166016,650092
2026-08-12 15:30:00-04:00,28.530000686645508,28.84000015258789,28.399999618530273,28.764999389648438,1245408
2026-08-13 09:30:00-04:00,28.700000762939453,29.18000030517578,28.489999771118164,28.700000762939453,1568939
2026-08-13 10:30:00-04:00,28.389999389648438,28.875,28.34000015258789,28.690000534057617,643586
2026-08-13 11:30:00-04:00,28.364999771118164,28.540000915527344,28.190000534057617,28.389999389648438,541656
2026-08-13 12:30:00-04:00,28.424999237060547,28.479999542236328,28.260000228881836,28.360300064086914,310621
2026-08-13 13:30:00-04:00,28.350000381469727,28.524999618530273,28.234600067138672,28.43000030517578,416863
2026-08-13 14:30:00-04:00,29.110000610351562,29.15999984741211,28.329999923706055,28.34000015258789,1347213
2026-08-13 15:30:00-04:00,29.6299991607666,29.75,29.059999465942383,29.110000610351562,1685976
2026-08-14 09:30:00-04:00,29.030000686645508,29.871599197387695,29.010000228881836,29.829999923706055,1090612
2026-08-14 10:30:00-04:00,29.260000228881836,29.260000228881836,28.84000015258789,29.049999237060547,630410
2026-08-14 11:30:00-04:00,29.145000457763672,29.399999618530273,29.06999969482422,29.25,383317
2026-08-14 12:30:00-04:00,29.299999237060547,29.334999084472656,29.049999237060547,29.149999618530273,419993
2026-08-14 13:30:00-04:00,29.309999465942383,29.450000762939453,29.294200897216797,29.309999465942383,462183
2026-08-14 14:30:00-04:00,29.145000457763672,29.3700008392334,29.114999771118164,29.31999969482422,466804
2026-08-14 15:30:00-04:00,29.059999465942383,29.239999771118164,29.0,29.139999389648438,907944
2026-08-17 09:30:00-04:00,29.110000610351562,29.239999771118164,28.389999389648438,28.770000457763672,1234755
2026-08-17 10:30:00-04:00,28.66900062561035,29.229999542236328,28.579999923706055,29.1200008392334,761274
2026-08-17 11:30:00-04:00,28.520000457763672,28.704999923706055,28.440000534057617,28.670000076293945,367085
2026-08-17 12:30:00-04:00,28.54789924621582,28.690000534057617,28.510000228881836,28.549999237060547,268670
2026-08-17 13:30:00-04:00,28.524999618530273,28.579999923706055,28.43000030517578,28.533300399780273,258100
2026-08-17 14:30:00-04:00,28.709999084472656,28.850000381469727,28.4950008392334,28.530000686645508,507652
2026-08-17 15:30:00-04:00,28.834999084472656,28.8799991607666,28.53499984741211,28.655000686645508,831676
