Datetime,Close,High,Low,Open,Volume
2025-03-28 12:30:00-04:00,37.904998779296875,39.900001525878906,37.79999923706055,39.0,8888983
2025-03-28 13:30:00-04:00,40.584999084472656,41.7400016784668,37.5,37.90999984741211,12379375
2025-03-28 14:30:00-04:00,40.18000030517578,41.88999938964844,40.0099983215332,40.649898529052734,5164263
2025-03-28 15:30:00-04:00,40.0099983215332,40.25,39.31999969482422,40.189998626708984,4714197
2025-03-31 09:30:00-04:00,36.31999969482422,38.4900016784668,36.0,38.45000076293945,5107672
2025-03-31 10:30:00-04:00,36.54999923706055,37.20000076293945,36.07500076293945,36.33000183105469,2131686
2025-03-31 11:30:00-04:00,36.167999267578125,37.439998626708984,36.150001525878906,36.57500076293945,1461994
2025-03-31 12:30:00-04:00,36.314998626708984,36.79869842529297,36.099998474121094,36.18000030517578,902950
2025-03-31 13:30:00-04:00,36.54999923706055,36.61000061035156,36.130001068115234,36.290000915527344,825202
2025-03-31 14:30:00-04:00,36.83000183105469,38.0,36.50130081176758,36.560001373291016,1928109
2025-03-31 15:30:00-04:00,36.95000076293945,37.470001220703125,36.27000045776367,36.84000015258789,2297568
2025-04-01 09:30:00-04:00,39.84000015258789,40.95000076293945,37.20000076293945,38.49140167236328,6106098
2025-04-01 10:30:00-04:00,41.6442985534668,41.779998779296875,39.76139831542969,39.76139831542969,3360016
2025-04-01 11:30:00-04:00,43.724998474121094,46.459999084472656,41.625,41.634300231933594,8063816
2025-04-01 12:30:00-04:00,44.714500427246094,45.0,42.994998931884766,43.724998474121094,3053964
2025-04-01 13:30:00-04:00,44.30500030517578,45.380001068115234,43.529998779296875,44.70000076293945,2908740
2025-04-01 14:30:00-04:00,47.915000915527344,49.419898986816406,43.529998779296875,44.334999084472656,5874409
2025-04-01 15:30:00-04:00,52.689300537109375,53.27000045776367,46.720001220703125,47.915000915527344,6390233
2025-04-02 09:30:00-04:00,59.290000915527344,64.62000274658203,52.59000015258789,55.90999984741211,19604330
2025-04-02 10:30:00-04:00,55.599998474121094,61.29999923706055,51.400001525878906,59.21730041503906,11222807
2025-04-02 11:30:00-04:00,55.459999084472656,58.290000915527344,54.41999816894531,55.529998779296875,4049255
2025-04-02 12:30:00-04:00,56.60710144042969,57.648799896240234,52.56999969482422,55.54999923706055,2709901
2025-04-02 13:30:00-04:00,53.81999969482422,56.75,52.56999969482422,56.63999938964844,2092399
2025-04-02 14:30:00-04:00,56.00400161743164,56.970001220703125,53.709999084472656,53.81999969482422,2243111
2025-04-02 15:30:00-04:00,61.46799850463867,63.75,55.849998474121094,56.0,7584938
2025-04-03 09:30:00-04:00,56.2599983215332,57.64619827270508,53.2599983215332,55.22999954223633,7323989
2025-04-03 10:30:00-04:00,51.17499923706055,56.90999984741211,50.220001220703125,56.250099182128906,4261119
2025-04-03 11:30:00-04:00,50.904998779296875,52.290000915527344,48.2599983215332,51.220001220703125,3929653
2025-04-03 12:30:00-04:00,54.34000015258789,54.5,50.29999923706055,50.907798767089844,3562745
2025-04-03 13:30:00-04:00,52.474998474121094,54.880001068115234,52.0,54.34000015258789,1694336
2025-04-03 14:30:00-04:00,53.10499954223633,54.25,51.95009994506836,52.5,1703799
2025-04-03 15:30:00-04:00,53.125,53.83000183105469,52.90010070800781,53.10499954223633,1368485
2025-04-04 09:30:00-04:00,47.04499816894531,50.999900817871094,47.0,49.50199890136719,3906825
2025-04-04 10:30:00-04:00,48.4010009765625,49.90999984741211,43.564998626708984,47.0890998840332,3652822
2025-04-04 11:30:00-04:00,47.20000076293945,49.97999954223633,46.70000076293945,48.403499603271484,1590291
2025-04-04 12:30:00-04:00,46.97999954223633,47.33000183105469,45.541099548339844,47.11009979248047,1250755
2025-04-04 13:30:00-04:00,47.189998626708984,48.20000076293945,46.170101165771484,46.94499969482422,1107392
2025-04-04 14:30:00-04:00,46.190101623535156,47.5,45.13010025024414,47.140098571777344,1453330
2025-04-04 15:30:00-04:00,47.61000061035156,47.95000076293945,46.119998931884766,46.209999084472656,1193511
2025-04-07 09:30:00-04:00,47.3650016784668,51.5,42.20000076293945,43.814998626708984,4726281
2025-04-07 10:30:00-04:00,45.630001068115234,48.9900016784668,45.40010070800781,47.224300384521484,1849366
2025-04-07 11:30:00-04:00,47.724998474121094,48.29999923706055,45.5,45.63999938964844,851220
2025-04-07 12:30:00-04:00,49.996700286865234,50.0,47.29999923706055,47.724998474121094,844251
2025-04-07 13:30:00-04:00,50.014400482177734,51.40999984741211,49.000099182128906,49.97999954223633,1470043
2025-04-07 14:30:00-04:00,49.939998626708984,50.589900970458984,49.099998474121094,50.000099182128906,683295
2025-04-07 15:30:00-04:00,49.630001068115234,51.34000015258789,49.5,50.0,832499
2025-04-08 09:30:00-04:00,51.82500076293945,54.79999923706055,51.5,54.369998931884766,3676463
2025-04-08 10:30:00-04:00,45.8911018371582,51.849998474121094,45.70000076293945,51.79999923706055,2858787
2025-04-08 11:30:00-04:00,46.029998779296875,46.75,44.709999084472656,45.849998474121094,1841889
2025-04-08 12:30:00-04:00,43.367000579833984,46.2400016784668,43.16999816894531,46.0099983215332,1417105
2025-04-08 13:30:00-04:00,44.150001525878906,44.999900817871094,43.15999984741211,43.380001068115234,991340
2025-04-08 14:30:00-04:00,43.60499954223633,45.6431999206543,42.5,44.150001525878906,1437845
2025-04-08 15:30:00-04:00,43.5702018737793,43.77000045776367,42.36000061035156,43.60499954223633,1219162
2025-04-09 09:30:00-04:00,43.59000015258789,44.66619873046875,43.0,43.724998474121094,2143184
2025-04-09 10:30:00-04:00,41.400001525878906,43.7599983215332,40.25,43.40999984741211,2393832
2025-04-09 11:30:00-04:00,40.100101470947266,41.79999923706055,39.12110137939453,41.41999816894531,2175721
2025-04-09 12:30:00-04:00,43.91999816894531,46.5,40.040000915527344,40.20000076293945,2386192
2025-04-09 13:30:00-04:00,47.849998474121094,48.049800872802734,43.920101165771484,43.974700927734375,4044103
2025-04-09 14:30:00-04:00,48.60499954223633,49.150001525878906,46.15999984741211,47.85559844970703,2292813
2025-04-09 15:30:00-04:00,48.7401008605957,49.880001068115234,48.0,48.60499954223633,1606025
2025-04-10 09:30:00-04:00,45.005001068115234,46.999900817871094,42.900001525878906,46.89500045776367,3041821
2025-04-10 10:30:00-04:00,43.70970153808594,46.5,43.630001068115234,45.0099983215332,1110467
2025-04-10 11:30:00-04:00,42.845001220703125,44.29990005493164,42.02000045776367,43.7400016784668,1178438
2025-04-10 12:30:00-04:00,42.98749923706055,43.899898529052734,42.099998474121094,42.56169891357422,899990
2025-04-10 13:30:00-04:00,44.40010070800781,44.74420166015625,42.55009841918945,43.0,870859
2025-04-10 14:30:00-04:00,43.625,45.18000030517578,43.61000061035156,44.459999084472656,758340
2025-04-10 15:30:00-04:00,42.22999954223633,43.75,41.84429931640625,43.599998474121094,1400823
2025-04-11 09:30:00-04:00,42.119998931884766,44.880001068115234,41.61000061035156,42.5,1842616
2025-04-11 10:30:00-04:00,41.442501068115234,43.18000030517578,41.02000045776367,42.040000915527344,901767
2025-04-11 11:30:00-04:00,42.525001525878906,43.06999969482422,41.20000076293945,41.439998626708984,546173
2025-04-11 12:30:00-04:00,42.05500030517578,43.5,42.0,42.56999969482422,636252
2025-04-11 13:30:00-04:00,43.1890983581543,43.58000183105469,42.0,42.11000061035156,510939
2025-04-11 14:30:00-04:00,43.650001525878906,43.94990158081055,42.81999969482422,43.249900817871094,569476
2025-04-11 15:30:00-04:00,43.7400016784668,43.79999923706055,43.37200164794922,43.599998474121094,495133
2025-04-14 09:30:00-04:00,44.845001220703125,46.849998474121094,44.290000915527344,46.849998474121094,1931213
2025-04-14 10:30:00-04:00,43.0099983215332,45.380001068115234,43.0,44.869998931884766,848289
2025-04-14 11:30:00-04:00,43.150001525878906,43.630001068115234,42.40999984741211,43.150001525878906,583718
2025-04-14 12:30:00-04:00,43.380001068115234,43.630001068115234,43.0,43.20000076293945,238432
2025-04-14 13:30:00-04:00,44.08000183105469,44.29999923706055,43.13240051269531,43.435001373291016,300814
2025-04-14 14:30:00-04:00,44.35749816894531,44.739898681640625,44.02000045776367,44.064998626708984,341340
2025-04-14 15:30:00-04:00,43.61000061035156,44.36000061035156,43.36000061035156,44.29499816894531,492815
2025-04-15 09:30:00-04:00,42.599998474121094,44.739898681640625,42.390098571777344,43.560001373291016,933506
2025-04-15 10:30:00-04:00,40.474998474121094,42.75,40.18000030517578,42.560001373291016,1824089
2025-04-15 11:30:00-04:00,40.83489990234375,41.4192008972168,40.45009994506836,40.5,847061
2025-04-15 12:30:00-04:00,40.51499938964844,41.06999969482422,40.33000183105469,40.83000183105469,644919
2025-04-15 13:30:00-04:00,40.43000030517578,41.5,40.000301361083984,40.505001068115234,977309
2025-04-15 14:30:00-04:00,40.70500183105469,41.0099983215332,40.36000061035156,40.39500045776367,802852
2025-04-15 15:30:00-04:00,40.66999816894531,40.869998931884766,40.42940139770508,40.690101623535156,551110
2025-04-16 09:30:00-04:00,38.849998474121094,40.70000076293945,38.26409912109375,40.165000915527344,2207780
2025-04-16 10:30:00-04:00,39.470001220703125,39.70000076293945,38.599998474121094,38.84400177001953,683877
2025-04-16 11:30:00-04:00,39.29999923706055,39.499900817871094,39.099998474121094,39.496700286865234,372227
2025-04-16 12:30:00-04:00,39.04999923706055,39.78990173339844,38.8140983581543,39.3650016784668,489292
2025-04-16 13:30:00-04:00,38.810001373291016,39.03900146484375,38.369998931884766,39.03900146484375,847045
2025-04-16 14:30:00-04:00,39.90999984741211,40.400001525878906,38.310001373291016,38.77000045776367,1050774
2025-04-16 15:30:00-04:00,40.770599365234375,40.84000015258789,39.18000030517578,40.0,1180314
2025-04-17 09:30:00-04:00,38.86000061035156,41.630001068115234,38.70000076293945,41.04999923706055,1474031
2025-04-17 10:30:00-04:00,39.46500015258789,39.779998779296875,38.349998474121094,38.849998474121094,803174
2025-04-17 11:30:00-04:00,39.834999084472656,39.8650016784668,38.900001525878906,39.46500015258789,405431
2025-04-17 12:30:00-04:00,39.65999984741211,40.36000061035156,39.650001525878906,39.7599983215332,434646
2025-04-17 13:30:00-04:00,39.65999984741211,40.22999954223633,39.599998474121094,39.65999984741211,357135
2025-04-17 14:30:00-04:00,39.400001525878906,39.9900016784668,39.25,39.68000030517578,371376
2025-04-17 15:30:00-04:00,39.15299987792969,39.63999938964844,38.81010055541992,39.34000015258789,811747
2025-04-21 09:30:00-04:00,36.37519836425781,38.63880157470703,36.34170150756836,38.619998931884766,1725694
2025-04-21 10:30:00-04:00,35.619998931884766,36.82590103149414,35.560001373291016,36.36000061035156,934780
2025-04-21 11:30:00-04:00,34.400001525878906,35.65909957885742,33.51499938964844,35.61000061035156,2483812
2025-04-21 12:30:00-04:00,34.644901275634766,35.513099670410156,34.400001525878906,34.42499923706055,1203164
2025-04-21 13:30:00-04:00,35.279998779296875,35.65449905395508,34.599998474121094,34.599998474121094,541057
2025-04-21 14:30:00-04:00,35.025001525878906,35.36000061035156,34.900001525878906,35.27000045776367,486257
2025-04-21 15:30:00-04:00,35.41999816894531,35.65999984741211,35.0,35.02000045776367,676354
2025-04-22 09:30:00-04:00,37.68000030517578,37.900001525878906,36.0,37.099998474121094,2734785
2025-04-22 10:30:00-04:00,38.23500061035156,38.5,37.59000015258789,38.149898529052734,1501739
2025-04-22 11:30:00-04:00,38.119300842285156,38.75,37.66999816894531,38.20000076293945,1216963
2025-04-22 12:30:00-04:00,37.564998626708984,38.5,37.3120002746582,38.04999923706055,1084566
2025-04-22 13:30:00-04:00,38.89440155029297,39.06990051269531,37.40999984741211,37.55939865112305,1070835
2025-04-22 14:30:00-04:00,38.90129852294922,39.61000061035156,38.7599983215332,38.900001525878906,928672
2025-04-22 15:30:00-04:00,38.5099983215332,39.130001068115234,38.099998474121094,38.95000076293945,829303
2025-04-23 09:30:00-04:00,42.334999084472656,43.948001861572266,41.06999969482422,42.07500076293945,4139078
2025-04-23 10:30:00-04:00,41.0099983215332,42.849998474121094,40.79999923706055,42.369998931884766,1106579
2025-04-23 11:30:00-04:00,40.61000061035156,41.4099006652832,40.15999984741211,41.08000183105469,737056
2025-04-23 12:30:00-04:00,41.32500076293945,41.900001525878906,40.505001068115234,40.665000915527344,498844
2025-04-23 13:30:00-04:00,40.849998474121094,41.499900817871094,40.849998474121094,41.349998474121094,322650
2025-04-23 14:30:00-04:00,40.665000915527344,41.12419891357422,40.40010070800781,40.8849983215332,301386
2025-04-23 15:30:00-04:00,41.560001373291016,41.650001525878906,40.65999984741211,40.665000915527344,424119
2025-04-24 09:30:00-04:00,43.29999923706055,43.5,41.29999923706055,42.54999923706055,1717377
2025-04-24 10:30:00-04:00,41.619998931884766,43.388999938964844,41.349998474121094,43.275001525878906,1304083
2025-04-24 11:30:00-04:00,40.2400016784668,41.63010025024414,38.810001373291016,41.630001068115234,2361671
2025-04-24 12:30:00-04:00,40.9900016784668,41.380001068115234,40.189998626708984,40.22200012207031,1097503
2025-04-24 13:30:00-04:00,41.875,42.20000076293945,40.7599983215332,40.9900016784668,908377
2025-04-24 14:30:00-04:00,41.525001525878906,42.0,41.41999816894531,41.875,628546
2025-04-24 15:30:00-04:00,41.779998779296875,42.150001525878906,41.48419952392578,41.50550079345703,1006273
2025-04-25 09:30:00-04:00,41.95500183105469,44.36000061035156,41.31999969482422,41.95000076293945,3540078
2025-04-25 10:30:00-04:00,42.11000061035156,42.499900817871094,40.900001525878906,41.998600006103516,1514498
2025-04-25 11:30:00-04:00,42.29499816894531,42.599998474121094,41.77000045776367,42.099998474121094,553370
2025-04-25 12:30:00-04:00,42.54499816894531,43.04999923706055,41.880001068115234,42.16999816894531,905760
2025-04-25 13:30:00-04:00,42.09000015258789,42.5796012878418,41.420101165771484,42.5099983215332,717106
2025-04-25 14:30:00-04:00,41.869998931884766,42.11819839477539,41.20000076293945,42.09049987792969,615713
2025-04-25 15:30:00-04:00,41.55889892578125,41.9900016784668,41.312198638916016,41.90549850463867,652563
2025-04-28 09:30:00-04:00,40.810001373291016,43.29999923706055,40.54999923706055,42.20000076293945,1729833
2025-04-28 10:30:00-04:00,39.83000183105469,41.10369873046875,39.779998779296875,40.790000915527344,962025
2025-04-28 11:30:00-04:00,39.97710037231445,40.279998779296875,39.810001373291016,39.825401306152344,404061
2025-04-28 12:30:00-04:00,40.30500030517578,40.560001373291016,39.97999954223633,39.97999954223633,411093
2025-04-28 13:30:00-04:00,40.70500183105469,40.77000045776367,40.25,40.314998626708984,246651
2025-04-28 14:30:00-04:00,41.130001068115234,41.328399658203125,40.66999816894531,40.70500183105469,565014
2025-04-28 15:30:00-04:00,42.130001068115234,42.20000076293945,41.139400482177734,41.22359848022461,780787
2025-04-29 09:30:00-04:00,43.380001068115234,44.689998626708984,41.010101318359375,42.20500183105469,1804711
2025-04-29 10:30:00-04:00,44.14830017089844,46.45000076293945,43.29999923706055,43.375,3908808
2025-04-29 11:30:00-04:00,44.130001068115234,44.4900016784668,43.099998474121094,44.099998474121094,1572057
2025-04-29 12:30:00-04:00,43.86000061035156,44.56999969482422,43.599998474121094,44.130001068115234,728460
2025-04-29 13:30:00-04:00,43.849998474121094,44.29999923706055,43.75,43.86000061035156,601355
2025-04-29 14:30:00-04:00,42.939300537109375,44.09000015258789,42.66999816894531,43.86000061035156,859750
2025-04-29 15:30:00-04:00,42.93000030517578,43.34000015258789,42.810001373291016,42.93000030517578,665651
2025-04-30 09:30:00-04:00,41.27000045776367,41.399898529052734,39.5,41.02360153198242,2435992
2025-04-30 10:30:00-04:00,41.16999816894531,41.400001525878906,40.779998779296875,41.20000076293945,518357
2025-04-30 11:30:00-04:00,40.744998931884766,41.290000915527344,40.650001525878906,41.15010070800781,473200
2025-04-30 12:30:00-04:00,41.154998779296875,41.18000030517578,40.68709945678711,40.744998931884766,277158
2025-04-30 13:30:00-04:00,41.220001220703125,41.5098991394043,41.06999969482422,41.130001068115234,306612
2025-04-30 14:30:00-04:00,40.94960021972656,41.2400016784668,40.54999923706055,41.099998474121094,402759
2025-04-30 15:30:00-04:00,41.349998474121094,41.439998626708984,40.869998931884766,40.88999938964844,470625
2025-05-01 09:30:00-04:00,46.13999938964844,47.025001525878906,44.810001373291016,47.025001525878906,4784879
2025-05-01 10:30:00-04:00,47.369998931884766,48.349998474121094,45.77000045776367,46.08399963378906,2742636
2025-05-01 11:30:00-04:00,46.75,47.97990036010742,46.5,47.39889907836914,1182739
2025-05-01 12:30:00-04:00,45.93000030517578,46.75,45.58000183105469,46.70000076293945,877116
2025-05-01 13:30:00-04:00,45.75699996948242,46.099998474121094,44.290000915527344,46.0099983215332,1398986
2025-05-01 14:30:00-04:00,45.298500061035156,45.97999954223633,44.900001525878906,45.72999954223633,656784
2025-05-01 15:30:00-04:00,44.31999969482422,45.310001373291016,44.029998779296875,45.310001373291016,1073154
2025-05-02 09:30:00-04:00,49.81999969482422,50.4900016784668,45.79999923706055,46.93899917602539,3716814
2025-05-02 10:30:00-04:00,48.5,50.0,48.40999984741211,49.79999923706055,1306582
2025-05-02 11:30:00-04:00,49.78200149536133,50.5,48.27000045776367,48.505001068115234,972372
2025-05-02 12:30:00-04:00,49.72999954223633,50.220001220703125,49.33000183105469,49.779998779296875,559851
2025-05-02 13:30:00-04:00,50.23500061035156,50.47999954223633,49.61000061035156,49.724998474121094,558413
2025-05-02 14:30:00-04:00,51.119998931884766,51.33300018310547,49.63999938964844,50.34000015258789,770578
2025-05-02 15:30:00-04:00,51.54999923706055,51.81999969482422,50.58060073852539,51.08000183105469,1041194
2025-05-05 09:30:00-04:00,50.65999984741211,52.5,49.70000076293945,50.42900085449219,2344022
2025-05-05 10:30:00-04:00,51.279998779296875,51.349998474121094,50.349998474121094,50.91999816894531,709380
2025-05-05 11:30:00-04:00,51.66999816894531,52.0099983215332,50.52000045776367,51.292999267578125,527691
2025-05-05 12:30:00-04:00,52.52000045776367,52.75,51.66999816894531,52.150001525878906,787865
2025-05-05 13:30:00-04:00,52.025001525878906,52.779998779296875,51.81999969482422,52.5099983215332,535986
2025-05-05 14:30:00-04:00,52.36970138549805,52.439998626708984,51.83000183105469,52.025001525878906,692245
2025-05-05 15:30:00-04:00,50.9900016784668,52.52000045776367,50.63999938964844,52.400001525878906,670582
2025-05-06 09:30:00-04:00,52.322601318359375,52.97999954223633,49.06079864501953,49.36000061035156,2273772
2025-05-06 10:30:00-04:00,54.33000183105469,54.79999923706055,52.23749923706055,52.33599853515625,2482048
2025-05-06 11:30:00-04:00,53.1150016784668,54.68000030517578,53.06999969482422,54.349998474121094,1215982
2025-05-06 12:30:00-04:00,52.58000183105469,53.36000061035156,52.20000076293945,53.11000061035156,900577
2025-05-06 13:30:00-04:00,51.7400016784668,52.900001525878906,51.529998779296875,52.54050064086914,588958
2025-05-06 14:30:00-04:00,53.56999969482422,53.65999984741211,51.755001068115234,51.755001068115234,639909
2025-05-06 15:30:00-04:00,54.23500061035156,54.79999923706055,53.241600036621094,53.5723991394043,1283417
2025-05-07 09:30:00-04:00,53.560001373291016,54.75,52.27009963989258,54.75,1879050
2025-05-07 10:30:00-04:00,52.5099983215332,53.70000076293945,52.29999923706055,53.56999969482422,647096
2025-05-07 11:30:00-04:00,52.43000030517578,53.57820129394531,52.29999923706055,52.51499938964844,651443
2025-05-07 12:30:00-04:00,53.0,53.45000076293945,52.345001220703125,52.43000030517578,227145
2025-05-07 13:30:00-04:00,51.89820098876953,53.040000915527344,51.400001525878906,52.98640060424805,764338
2025-05-07 14:30:00-04:00,52.5099983215332,53.0099983215332,51.7599983215332,51.875,520844
2025-05-07 15:30:00-04:00,53.494998931884766,53.70000076293945,52.380001068115234,52.61000061035156,970276
2025-05-08 09:30:00-04:00,54.4911994934082,55.20000076293945,52.770599365234375,54.560001373291016,1726057
2025-05-08 10:30:00-04:00,54.119998931884766,55.099998474121094,52.81999969482422,54.46480178833008,991382
2025-05-08 11:30:00-04:00,54.34600067138672,54.96889877319336,53.5,54.09000015258789,867667
2025-05-08 12:30:00-04:00,53.75,54.779998779296875,53.7400016784668,54.400001525878906,559403
2025-05-08 13:30:00-04:00,54.3849983215332,54.599998474121094,53.66999816894531,53.810001373291016,283954
2025-05-08 14:30:00-04:00,55.49079895019531,55.70000076293945,54.40010070800781,54.42499923706055,964153
2025-05-08 15:30:00-04:00,55.0,55.70000076293945,54.57500076293945,55.56999969482422,779436
2025-05-09 09:30:00-04:00,52.85150146484375,56.810001373291016,52.790000915527344,55.9900016784668,2125662
2025-05-09 10:30:00-04:00,50.8468017578125,53.20000076293945,50.29999923706055,52.849998474121094,2692949
2025-05-09 11:30:00-04:00,50.88999938964844,51.79999923706055,50.529998779296875,50.79999923706055,735606
2025-05-09 12:30:00-04:00,50.584999084472656,51.08760070800781,50.400001525878906,50.919898986816406,442713
2025-05-09 13:30:00-04:00,50.45989990234375,51.119998931884766,50.189998626708984,50.58470153808594,411897
2025-05-09 14:30:00-04:00,50.290000915527344,51.09000015258789,50.18000030517578,50.422000885009766,664948
2025-05-09 15:30:00-04:00,51.369998931884766,51.52000045776367,50.18000030517578,50.25,683384
2025-05-12 09:30:00-04:00,54.45000076293945,55.21989822387695,52.900001525878906,54.209999084472656,2906090
2025-05-12 10:30:00-04:00,58.18000030517578,59.20000076293945,53.959999084472656,54.369998931884766,3356212
2025-05-12 11:30:00-04:00,59.099998474121094,59.439998626708984,57.813499450683594,58.158599853515625,1585958
2025-05-12 12:30:00-04:00,59.12990188598633,59.419898986816406,58.45000076293945,59.13999938964844,645104
2025-05-12 13:30:00-04:00,58.93000030517578,59.25619888305664,57.859901428222656,58.93009948730469,763368
2025-05-12 14:30:00-04:00,58.189998626708984,59.0,58.189998626708984,58.86000061035156,484784
2025-05-12 15:30:00-04:00,58.47999954223633,58.4900016784668,57.68000030517578,58.189998626708984,707071
2025-05-13 09:30:00-04:00,58.56999969482422,60.2599983215332,57.31999969482422,57.599998474121094,2549517
2025-05-13 10:30:00-04:00,60.650001525878906,61.220001220703125,57.79999923706055,58.56999969482422,1512734
2025-05-13 11:30:00-04:00,60.599998474121094,61.285400390625,60.0,60.630001068115234,847154
2025-05-13 12:30:00-04:00,62.064701080322266,62.18000030517578,60.25,60.599998474121094,1016429
2025-05-13 13:30:00-04:00,63.689998626708984,64.0999984741211,61.779998779296875,62.06999969482422,1243207
2025-05-13 14:30:00-04:00,63.849998474121094,64.33000183105469,63.310001373291016,63.65999984741211,1218801
2025-05-13 15:30:00-04:00,63.189998626708984,64.87000274658203,63.02000045776367,63.900001525878906,1408354
2025-05-14 09:30:00-04:00,64.3499984741211,66.83999633789062,64.0,65.98999786376953,3880901
2025-05-14 10:30:00-04:00,65.70999908447266,66.55999755859375,64.05500030517578,64.3949966430664,2220684
2025-05-14 11:30:00-04:00,66.4000015258789,66.5999984741211,65.45999908447266,65.65499877929688,1222719
2025-05-14 12:30:00-04:00,65.58000183105469,66.87519836425781,64.94999694824219,66.38009643554688,1478127
2025-05-14 13:30:00-04:00,66.3499984741211,66.87999725341797,65.50499725341797,65.6500015258789,1674080
2025-05-14 14:30:00-04:00,67.62010192871094,68.5,66.01000213623047,66.36280059814453,2006934
2025-05-14 15:30:00-04:00,67.51499938964844,68.25,65.76000213623047,67.62000274658203,2640814
2025-05-15 09:30:00-04:00,63.81999969482422,69.94989776611328,61.33000183105469,68.87999725341797,13064954
2025-05-15 10:30:00-04:00,71.12000274658203,72.97000122070312,62.5,63.83000183105469,9519324
2025-05-15 11:30:00-04:00,70.07039642333984,71.58000183105469,69.5999984741211,71.1500015258789,3434423
2025-05-15 12:30:00-04:00,68.7699966430664,71.5999984741211,68.05000305175781,70.0999984741211,2828794
2025-05-15 13:30:00-04:00,68.42179870605469,68.7782974243164,66.26000213623047,68.7782974243164,2305294
2025-05-15 14:30:00-04:00,66.12999725341797,68.43949890136719,66.0,68.37110137939453,1687305
2025-05-15 15:30:00-04:00,66.0,66.5199966430664,64.0199966430664,66.18000030517578,2727814
2025-05-16 09:30:00-04:00,77.94499969482422,79.2300033569336,67.55000305175781,68.0,15326321
2025-05-16 10:30:00-04:00,79.80000305175781,79.93000030517578,75.2699966430664,77.94499969482422,6013573
2025-05-16 11:30:00-04:00,81.31999969482422,83.08000183105469,79.56999969482422,79.76499938964844,7326700
2025-05-16 12:30:00-04:00,80.48500061035156,82.1093978881836,79.31999969482422,81.33499908447266,2832570
2025-05-16 13:30:00-04:00,81.43000030517578,81.5999984741211,79.62999725341797,80.44999694824219,2313866
2025-05-16 14:30:00-04:00,83.51499938964844,84.0,81.1500015258789,81.36499786376953,4500576
2025-05-16 15:30:00-04:00,80.30000305175781,83.7699966430664,79.83999633789062,83.5884017944336,3566943
2025-05-19 09:30:00-04:00,82.43080139160156,84.79000091552734,77.1500015258789,77.52999877929688,11582336
2025-05-19 10:30:00-04:00,82.25,87.44000244140625,82.01020050048828,82.5,7110597
2025-05-19 11:30:00-04:00,84.3385009765625,85.69999694824219,77.55370330810547,82.25900268554688,3280034
2025-05-19 12:30:00-04:00,87.80000305175781,88.9000015258789,83.5999984741211,84.30999755859375,3739698
2025-05-19 13:30:00-04:00,86.55999755859375,88.16100311279297,86.38999938964844,87.69999694824219,2214052
2025-05-19 14:30:00-04:00,85.48500061035156,87.62999725341797,85.08000183105469,86.55999755859375,2456411
2025-05-19 15:30:00-04:00,86.58000183105469,87.30000305175781,84.69999694824219,85.48500061035156,2096689
2025-05-20 09:30:00-04:00,89.11000061035156,89.9800033569336,83.30500030517578,89.66999816894531,11872225
2025-05-20 10:30:00-04:00,88.62000274658203,90.72000122070312,87.62999725341797,89.0999984741211,3569847
2025-05-20 11:30:00-04:00,91.052001953125,91.5,87.94000244140625,88.68000030517578,3299470
2025-05-20 12:30:00-04:00,94.27999877929688,94.4800033569336,89.5000991821289,91.01499938964844,4045628
2025-05-20 13:30:00-04:00,93.6050033569336,96.34989929199219,93.26000213623047,94.27999877929688,5224005
2025-05-20 14:30:00-04:00,90.31999969482422,94.33999633789062,89.11000061035156,93.4000015258789,4652354
2025-05-20 15:30:00-04:00,90.22850036621094,91.33999633789062,89.70999908447266,90.40989685058594,1797090
2025-05-21 09:30:00-04:00,101.44499969482422,103.44999694824219,89.30000305175781,89.45999908447266,16790450
2025-05-21 10:30:00-04:00,105.19000244140625,105.55000305175781,98.25,101.45999908447266,9932547
2025-05-21 11:30:00-04:00,107.33499908447266,108.5,105.05999755859375,105.20999908447266,8678645
2025-05-21 12:30:00-04:00,101.10639953613281,109.48999786376953,100.91000366210938,107.44499969482422,7215665
2025-05-21 13:30:00-04:00,106.58999633789062,106.92579650878906,100.7699966430664,101.18000030517578,7276500
2025-05-21 14:30:00-04:00,103.7300033569336,108.80000305175781,101.26000213623047,106.58999633789062,6683221
2025-05-21 15:30:00-04:00,107.3499984741211,107.62999725341797,103.60009765625,103.77999877929688,4154259
2025-05-22 09:30:00-04:00,112.13999938964844,114.25990295410156,103.5199966430664,112.13999938964844,20946961
2025-05-22 10:30:00-04:00,108.5,116.53880310058594,107.9000015258789,112.14080047607422,11534012
2025-05-22 11:30:00-04:00,113.63500213623047,114.9800033569336,108.35009765625,108.58460235595703,6070439
2025-05-22 12:30:00-04:00,110.75,114.08999633789062,110.19999694824219,113.69860076904297,3134985
2025-05-22 13:30:00-04:00,107.875,111.94879913330078,106.12999725341797,110.69290161132812,4728750
2025-05-22 14:30:00-04:00,102.4800033569336,110.44000244140625,100.4800033569336,107.78620147705078,9244754
2025-05-22 15:30:00-04:00,100.1792984008789,102.55000305175781,99.51000213623047,102.4800033569336,4515060
2025-05-23 09:30:00-04:00,99.34500122070312,104.3949966430664,97.0999984741211,97.83499908447266,12067325
2025-05-23 10:30:00-04:00,102.76499938964844,106.79000091552734,98.88999938964844,99.4000015258789,7305029
2025-05-23 11:30:00-04:00,102.69000244140625,104.44999694824219,101.08999633789062,102.62999725341797,2777642
2025-05-23 12:30:00-04:00,104.125,105.9000015258789,101.69999694824219,102.7300033569336,2980021
2025-05-23 13:30:00-04:00,103.75679779052734,104.96990203857422,103.4800033569336,104.12999725341797,1779901
2025-05-23 14:30:00-04:00,103.80999755859375,104.88999938964844,103.01000213623047,103.59010314941406,1966685
2025-05-23 15:30:00-04:00,102.80000305175781,104.80000305175781,102.5,103.77999877929688,1802012
2025-05-27 09:30:00-04:00,121.18000030517578,121.3499984741211,107.9749984741211,109.26799774169922,15788536
2025-05-27 10:30:00-04:00,117.41999816894531,121.45999908447266,116.61000061035156,121.09500122070312,5028350
2025-05-27 11:30:00-04:00,119.27770233154297,119.27999877929688,116.54010009765625,117.56999969482422,2904665
2025-05-27 12:30:00-04:00,117.71589660644531,119.5,117.0,119.26000213623047,2106910
2025-05-27 13:30:00-04:00,119.06009674072266,119.80000305175781,117.06809997558594,117.7249984741211,2036959
2025-05-27 14:30:00-04:00,121.1405029296875,122.19999694824219,119.12999725341797,119.12999725341797,3818386
2025-05-27 15:30:00-04:00,123.80719757080078,125.0199966430664,120.0,120.9800033569336,4410131
2025-05-28 09:30:00-04:00,116.04989624023438,123.75,114.0,123.75,11079187
2025-05-28 10:30:00-04:00,115.54000091552734,117.96720123291016,113.03009796142578,115.99500274658203,3740563
2025-05-28 11:30:00-04:00,117.0,119.36000061035156,115.19999694824219,115.6010971069336,3120862
2025-05-28 12:30:00-04:00,118.84320068359375,119.1500015258789,116.625,117.07499694824219,1637205
2025-05-28 13:30:00-04:00,118.75399780273438,119.08830261230469,117.3499984741211,118.80000305175781,1463089
2025-05-28 14:30:00-04:00,116.37329864501953,118.87000274658203,116.0999984741211,118.73999786376953,1865539
2025-05-28 15:30:00-04:00,116.11000061035156,116.95999908447266,114.6500015258789,116.36000061035156,2140510
2025-05-29 09:30:00-04:00,118.98999786376953,130.75999450683594,118.5199966430664,123.56999969482422,14424847
2025-05-29 10:30:00-04:00,121.62999725341797,122.5,117.0,119.04000091552734,5484654
2025-05-29 11:30:00-04:00,119.79000091552734,121.89910125732422,118.52999877929688,121.62000274658203,2677903
2025-05-29 12:30:00-04:00,119.36000061035156,120.83999633789062,118.98999786376953,119.77999877929688,1505289
2025-05-29 13:30:00-04:00,109.11000061035156,119.95999908447266,109.0,119.36000061035156,6405828
2025-05-29 14:30:00-04:00,107.22000122070312,111.0,107.0,109.12999725341797,4130683
2025-05-29 15:30:00-04:00,105.63999938964844,108.85990142822266,105.52999877929688,107.27870178222656,3120556
2025-05-30 09:30:00-04:00,107.38310241699219,110.38999938964844,104.9000015258789,109.0,7941943
2025-05-30 10:30:00-04:00,110.8499984741211,110.98999786376953,107.0199966430664,107.39399719238281,4131441
2025-05-30 11:30:00-04:00,107.61009979248047,111.94999694824219,107.54000091552734,110.80999755859375,3947311
2025-05-30 12:30:00-04:00,109.82499694824219,110.4800033569336,106.50070190429688,107.76000213623047,2765951
2025-05-30 13:30:00-04:00,109.5999984741211,110.79989624023438,108.7249984741211,109.8499984741211,1332963
2025-05-30 14:30:00-04:00,111.05999755859375,111.5,109.02999877929688,109.6449966430664,1647634
2025-05-30 15:30:00-04:00,111.31510162353516,111.5,110.5999984741211,110.95999908447266,1336912
2025-06-02 09:30:00-04:00,118.48829650878906,123.66000366210938,114.0,116.375,13197196
2025-06-02 10:30:00-04:00,116.75,121.0,116.07839965820312,118.58999633789062,4240618
2025-06-02 11:30:00-04:00,116.41000366210938,117.32550048828125,114.75,116.97579956054688,2260730
2025-06-02 12:30:00-04:00,117.08370208740234,117.93000030517578,115.8499984741211,116.44999694824219,1131925
2025-06-02 13:30:00-04:00,118.0989990234375,118.5199966430664,116.12010192871094,117.18000030517578,1218948
2025-06-02 14:30:00-04:00,118.48999786376953,118.58999633789062,117.0,118.04000091552734,1358518
2025-06-02 15:30:00-04:00,120.19999694824219,120.5,117.94999694824219,118.43000030517578,2406163
2025-06-03 09:30:00-04:00,136.72999572753906,137.66990661621094,124.69999694824219,125.29000091552734,14974193
2025-06-03 10:30:00-04:00,140.96499633789062,142.5,134.8802947998047,136.6999969482422,9218868
2025-06-03 11:30:00-04:00,144.25,144.8000030517578,140.8000030517578,140.95399475097656,5227121
2025-06-03 12:30:00-04:00,145.19500732421875,145.58990478515625,138.0,144.24000549316406,5588443
2025-06-03 13:30:00-04:00,148.4600067138672,149.38999938964844,144.94000244140625,145.19500732421875,7658098
2025-06-03 14:30:00-04:00,149.0749969482422,150.0,146.0500030517578,148.49420166015625,4710505
2025-06-03 15:30:00-04:00,150.4438018798828,150.85000610351562,147.60000610351562,149.00999450683594,4339134
2025-06-04 09:30:00-04:00,151.38999938964844,157.99989318847656,144.3000030517578,156.0,20068680
2025-06-04 10:30:00-04:00,154.94500732421875,159.0,151.0500030517578,151.2899932861328,9192429
2025-06-04 11:30:00-04:00,152.44500732421875,155.69000244140625,151.3300018310547,154.94500732421875,3056190
2025-06-04 12:30:00-04:00,155.70010375976562,158.3000030517578,149.0200958251953,152.44500732421875,5236396
2025-06-04 13:30:00-04:00,162.7899932861328,163.9600067138672,155.1300048828125,155.789306640625,6451559
2025-06-04 14:30:00-04:00,163.0050048828125,166.60000610351562,160.39999389648438,162.7675018310547,6666519
2025-06-04 15:30:00-04:00,163.52000427246094,163.53250122070312,159.0500030517578,163.02999877929688,3585146
2025-06-05 09:30:00-04:00,149.9149932861328,157.4600067138672,142.58189392089844,155.72799682617188,19208473
2025-06-05 10:30:00-04:00,147.8800048828125,151.25,145.32000732421875,149.9799041748047,6009232
2025-06-05 11:30:00-04:00,141.13999938964844,148.8000030517578,140.5,147.8800048828125,6532641
2025-06-05 12:30:00-04:00,140.64999389648438,141.49000549316406,135.5,141.11000061035156,7611761
2025-06-05 13:30:00-04:00,134.2261962890625,140.88999938964844,133.3300018310547,140.76109313964844,4311159
2025-06-05 14:30:00-04:00,135.71890258789062,136.9886016845703,133.3699951171875,134.2449951171875,3517306
2025-06-05 15:30:00-04:00,135.11000061035156,136.66729736328125,132.8000030517578,135.7100067138672,2503928
2025-06-06 09:30:00-04:00,144.75799560546875,148.7899932861328,143.00999450683594,144.88250732421875,10572068
2025-06-06 10:30:00-04:00,141.3957061767578,147.25,141.0,144.77999877929688,4288283
2025-06-06 11:30:00-04:00,141.3000030517578,142.75,140.35910034179688,141.11990356445312,1931030
2025-06-06 12:30:00-04:00,139.55999755859375,142.50999450683594,138.58999633789062,141.30099487304688,1979816
2025-06-06 13:30:00-04:00,140.74000549316406,143.60000610351562,139.52000427246094,139.79510498046875,1879322
2025-06-06 14:30:00-04:00,140.01690673828125,141.2899932861328,140.0,140.74000549316406,1044273
2025-06-06 15:30:00-04:00,140.16000366210938,141.1699981689453,139.52999877929688,140.00999450683594,1216200
2025-06-09 09:30:00-04:00,156.35499572753906,158.89999389648438,144.13670349121094,147.75,11492054
2025-06-09 10:30:00-04:00,156.6999969482422,159.9499969482422,153.50999450683594,156.40890502929688,4605161
2025-06-09 11:30:00-04:00,159.8300018310547,162.0,156.67010498046875,156.8000030517578,4715266
2025-06-09 12:30:00-04:00,162.0,162.0,158.66000366210938,159.85000610351562,2338825
2025-06-09 13:30:00-04:00,161.36000061035156,162.97999572753906,160.30999755859375,162.0399932861328,1961641
2025-06-09 14:30:00-04:00,160.23599243164062,161.9290008544922,159.3800048828125,161.27000427246094,1560361
2025-06-09 15:30:00-04:00,162.0449981689453,163.2899932861328,158.4149932861328,160.25999450683594,2305791
2025-06-10 09:30:00-04:00,154.37820434570312,156.5,149.58999633789062,156.5,9055161
2025-06-10 10:30:00-04:00,151.42250061035156,155.5,150.41000366210938,154.3000030517578,3979114
2025-06-10 11:30:00-04:00,153.25,154.75,149.0,151.35000610351562,3386877
2025-06-10 12:30:00-04:00,156.02999877929688,158.3000030517578,152.52000427246094,153.2100067138672,2713735
2025-06-10 13:30:00-04:00,154.8524932861328,156.69000244140625,152.75999450683594,156.02999877929688,1762124
2025-06-10 14:30:00-04:00,155.5749969482422,156.25,153.07009887695312,154.8000030517578,1564448
2025-06-10 15:30:00-04:00,154.88340759277344,156.49000549316406,154.17579650878906,155.57000732421875,1483766
2025-06-11 09:30:00-04:00,153.8800048828125,166.02999877929688,151.82000732421875,160.0050048828125,9112453
2025-06-11 10:30:00-04:00,148.0800018310547,154.13609313964844,145.9499969482422,153.89999389648438,5889088
2025-06-11 11:30:00-04:00,149.3300018310547,149.60000610351562,146.8000946044922,148.89230346679688,2234054
2025-06-11 12:30:00-04:00,148.1894073486328,150.36000061035156,147.25,149.25999450683594,2026852
2025-06-11 13:30:00-04:00,146.3000030517578,148.30999755859375,145.5,148.17999267578125,1971352
2025-06-11 14:30:00-04:00,148.11000061035156,148.47000122070312,145.91000366210938,146.28500366210938,1254583
2025-06-11 15:30:00-04:00,149.9499969482422,150.9499969482422,147.83999633789062,148.0800018310547,1700922
2025-06-12 09:30:00-04:00,147.40499877929688,154.8000030517578,142.75,153.6999969482422,6801702
2025-06-12 10:30:00-04:00,148.77220153808594,148.99000549316406,146.1999969482422,147.39500427246094,2240699
2025-06-12 11:30:00-04:00,149.80499267578125,150.5500030517578,148.0,148.91000366210938,1780607
2025-06-12 12:30:00-04:00,147.25,150.10000610351562,146.72999572753906,149.80499267578125,1382270
2025-06-12 13:30:00-04:00,149.4398956298828,150.35000610351562,147.10000610351562,147.1199951171875,1226453
2025-06-12 14:30:00-04:00,149.14999389648438,149.64990234375,148.0500030517578,149.389892578125,756660
2025-06-12 15:30:00-04:00,148.99000549316406,149.25,148.11000061035156,149.13999938964844,726228
2025-06-13 09:30:00-04:00,146.25,148.8000030517578,142.5,143.0,4123035
2025-06-13 10:30:00-04:00,149.3782958984375,149.98919677734375,144.8000030517578,146.38499450683594,2288774
2025-06-13 11:30:00-04:00,152.22500610351562,153.0,148.60009765625,149.2899932861328,2626881
2025-06-13 12:30:00-04:00,152.93240356445312,154.49000549316406,151.35000610351562,152.24000549316406,1987773
2025-06-13 13:30:00-04:00,150.5386962890625,154.1616973876953,150.50010681152344,152.92999267578125,1722163
2025-06-13 14:30:00-04:00,147.67999267578125,151.64840698242188,147.67999267578125,150.50999450683594,2024532
2025-06-13 15:30:00-04:00,147.05499267578125,148.69000244140625,146.50169372558594,147.6800994873047,1421502
2025-06-16 09:30:00-04:00,150.35000610351562,152.44000244140625,143.47999572753906,148.78500366210938,6210232
2025-06-16 10:30:00-04:00,157.1699981689453,157.47999572753906,150.02279663085938,150.34500122070312,5191005
2025-06-16 11:30:00-04:00,154.9550018310547,157.72000122070312,154.5,157.16990661621094,1868960
2025-06-16 12:30:00-04:00,156.5937957763672,156.8300018310547,153.22000122070312,155.0800018310547,1271675
2025-06-16 13:30:00-04:00,155.8699951171875,157.6999969482422,155.32000732421875,156.398193359375,1326159
2025-06-16 14:30:00-04:00,154.65499877929688,156.44000244140625,153.3000030517578,155.9199981689453,1286739
2025-06-16 15:30:00-04:00,158.3800048828125,158.5,154.10009765625,154.75999450683594,1917451
2025-06-17 09:30:00-04:00,161.99000549316406,164.8000030517578,155.8000030517578,157.0,8374676
2025-06-17 10:30:00-04:00,159.4149932861328,163.42999267578125,157.66000366210938,161.61000061035156,2671289
2025-06-17 11:30:00-04:00,165.41000366210938,165.88999938964844,159.30099487304688,159.52000427246094,2895143
2025-06-17 12:30:00-04:00,171.90499877929688,175.3800048828125,165.07000732421875,165.33070373535156,8359313
2025-06-17 13:30:00-04:00,171.36000061035156,174.7100067138672,169.5,171.6999969482422,3718438
2025-06-17 14:30:00-04:00,171.79989624023438,173.5,167.71490478515625,171.35000610351562,3484123
2025-06-17 15:30:00-04:00,171.74000549316406,173.47999572753906,171.1999969482422,171.77000427246094,2073218
2025-06-18 09:30:00-04:00,166.91189575195312,175.5,165.57000732421875,173.3300018310547,7170539
2025-06-18 10:30:00-04:00,174.0500030517578,176.35000610351562,166.50010681152344,166.9459991455078,4594833
2025-06-18 11:30:00-04:00,170.61000061035156,174.49000549316406,170.39999389648438,174.49000549316406,1836140
2025-06-18 12:30:00-04:00,168.6707000732422,171.73989868164062,168.6707000732422,170.65499877929688,1180644
2025-06-18 13:30:00-04:00,171.75999450683594,172.16819763183594,167.6501007080078,168.75,1498249
2025-06-18 14:30:00-04:00,171.25,173.4499969482422,170.52000427246094,171.68960571289062,1692077
2025-06-18 15:30:00-04:00,169.92599487304688,173.60000610351562,169.7100067138672,171.3800048828125,1284760
2025-06-20 09:30:00-04:00,181.31100463867188,184.6999969482422,168.85000610351562,171.89999389648438,9772979
2025-06-20 10:30:00-04:00,180.8258056640625,184.44000244140625,175.49000549316406,181.4499969482422,4794236
2025-06-20 11:30:00-04:00,184.56350708007812,187.0,180.50999450683594,180.5800018310547,4233235
2025-06-20 12:30:00-04:00,181.5800018310547,185.85000610351562,181.02059936523438,184.6300048828125,1960655
2025-06-20 13:30:00-04:00,184.89999389648438,186.0,180.0,181.47999572753906,2242702
2025-06-20 14:30:00-04:00,182.35989379882812,185.92999267578125,180.50999450683594,184.81500244140625,2163789
2025-06-20 15:30:00-04:00,183.83999633789062,184.36000061035156,179.5,182.35000610351562,2680256
2025-06-23 09:30:00-04:00,181.22000122070312,183.52999877929688,171.5,183.32000732421875,7572217
2025-06-23 10:30:00-04:00,175.8800048828125,181.49440002441406,175.72000122070312,181.05999755859375,2642236
2025-06-23 11:30:00-04:00,161.28500366210938,177.0,159.88999938964844,175.99000549316406,5560770
2025-06-23 12:30:00-04:00,168.92990112304688,169.0,159.0,160.97000122070312,4318561
2025-06-23 13:30:00-04:00,171.7115936279297,172.0,167.25999450683594,168.875,2690668
2025-06-23 14:30:00-04:00,171.7899932861328,174.0,170.5,171.66000366210938,2095136
2025-06-23 15:30:00-04:00,173.55999755859375,174.0,171.33999633789062,171.74000549316406,1247299
2025-06-24 09:30:00-04:00,179.41180419921875,183.97999572753906,171.87010192871094,176.4250030517578,6879872
2025-06-24 10:30:00-04:00,180.3350067138672,182.6999969482422,178.52999877929688,179.2050018310547,1939038
2025-06-24 11:30:00-04:00,179.6750030517578,181.69000244140625,178.39999389648438,180.44459533691406,1245868
2025-06-24 12:30:00-04:00,175.9600067138672,181.1199951171875,171.2301025390625,179.64999389648438,2786031
2025-06-24 13:30:00-04:00,173.71470642089844,177.0,172.1999969482422,175.99000549316406,2188230
2025-06-24 14:30:00-04:00,172.97999572753906,174.99000549316406,172.6300048828125,173.72999572753906,1284340
2025-06-24 15:30:00-04:00,172.67999267578125,174.1999969482422,172.0,172.8188018798828,1459417
2025-06-25 09:30:00-04:00,169.85000610351562,180.25,168.0,178.0749969482422,5390013
2025-06-25 10:30:00-04:00,167.39999389648438,171.27999877929688,164.6300048828125,169.8699951171875,2725253
2025-06-25 11:30:00-04:00,165.10009765625,167.50050354003906,164.02000427246094,167.50050354003906,1918771
2025-06-25 12:30:00-04:00,165.80999755859375,168.1199951171875,165.10000610351562,165.10000610351562,1105814
2025-06-25 13:30:00-04:00,163.72000122070312,166.3000030517578,163.3000030517578,165.8188018798828,1498056
2025-06-25 14:30:00-04:00,160.87120056152344,163.82000732421875,160.75010681152344,163.73500061035156,1806352
2025-06-25 15:30:00-04:00,159.49000549316406,161.05999755859375,157.89999389648438,160.8800048828125,2062467
2025-06-26 09:30:00-04:00,162.1199951171875,164.1999053955078,154.07000732421875,164.14999389648438,5735561
2025-06-26 10:30:00-04:00,160.1300048828125,165.99000549316406,160.1215057373047,162.0,3051546
2025-06-26 11:30:00-04:00,155.97149658203125,163.8699951171875,155.55999755859375,160.22000122070312,1839124
2025-06-26 12:30:00-04:00,158.1199951171875,160.7899932861328,152.8892059326172,155.9833984375,2755090
2025-06-26 13:30:00-04:00,157.11000061035156,159.83999633789062,156.85549926757812,158.14999389648438,1194774
2025-06-26 14:30:00-04:00,158.18499755859375,160.0,156.8800048828125,157.22999572753906,1278737
2025-06-26 15:30:00-04:00,158.4199981689453,159.33999633789062,157.5500030517578,158.18499755859375,971308
2025-06-27 09:30:00-04:00,162.8498992919922,164.9600067138672,158.1999969482422,160.1300048828125,4672377
2025-06-27 10:30:00-04:00,162.92999267578125,165.72000122070312,162.0500030517578,162.8000030517578,3135146
2025-06-27 11:30:00-04:00,166.9040069580078,166.98989868164062,162.5137939453125,162.92999267578125,2925466
2025-06-27 12:30:00-04:00,165.77499389648438,167.8800048828125,165.5800018310547,166.97999572753906,1999057
2025-06-27 13:30:00-04:00,160.32000732421875,165.93240356445312,160.16000366210938,165.77999877929688,1746884
2025-06-27 14:30:00-04:00,160.3000030517578,161.27999877929688,158.57000732421875,160.3699951171875,1488215
2025-06-27 15:30:00-04:00,159.99000549316406,160.4698944091797,158.7100067138672,160.39500427246094,1203951
2025-06-30 09:30:00-04:00,163.84500122070312,166.9499969482422,160.4600067138672,163.5399932861328,3706427
2025-06-30 10:30:00-04:00,169.0426025390625,173.3489990234375,162.0,163.8885040283203,4300041
2025-06-30 11:30:00-04:00,165.02999877929688,169.33990478515625,164.0,169.0,1775033
2025-06-30 12:30:00-04:00,163.1251983642578,165.2899932861328,163.02000427246094,165.047607421875,765565
2025-06-30 13:30:00-04:00,163.3800048828125,163.86630249023438,162.0,163.14500427246094,1041879
2025-06-30 14:30:00-04:00,163.0,163.60000610351562,161.89999389648438,163.38999938964844,966203
2025-06-30 15:30:00-04:00,163.33999633789062,164.4615936279297,162.8000946044922,163.02000427246094,874127
2025-07-01 09:30:00-04:00,158.40499877929688,162.77999877929688,156.7368927001953,162.64999389648438,3724421
2025-07-01 10:30:00-04:00,156.41000366210938,159.13999938964844,154.89999389648438,158.38999938964844,2211239
2025-07-01 11:30:00-04:00,156.05810546875,156.7967071533203,155.0,156.22999572753906,900997
2025-07-01 12:30:00-04:00,157.375,159.2100067138672,155.8000030517578,155.9600067138672,1081949
2025-07-01 13:30:00-04:00,157.5399932861328,159.41250610351562,157.10000610351562,157.47239685058594,807357
2025-07-01 14:30:00-04:00,157.10000610351562,158.19830322265625,155.85000610351562,157.6199951171875,1117589
2025-07-01 15:30:00-04:00,156.3000030517578,157.2899932861328,155.52000427246094,157.10000610351562,862884
2025-07-02 09:30:00-04:00,156.85000610351562,158.5,152.64149475097656,152.64149475097656,2073612
2025-07-02 10:30:00-04:00,156.76499938964844,158.72000122070312,156.00999450683594,156.91000366210938,1013777
2025-07-02 11:30:00-04:00,154.34129333496094,157.14500427246094,153.27699279785156,156.76499938964844,1083392
2025-07-02 12:30:00-04:00,154.1699981689453,155.5,153.5,154.375,900337
2025-07-02 13:30:00-04:00,151.77980041503906,154.8970947265625,151.5500030517578,154.2899932861328,1062025
2025-07-02 14:30:00-04:00,152.3000030517578,152.8000030517578,151.5500030517578,151.8376007080078,899328
2025-07-02 15:30:00-04:00,151.77000427246094,152.60000610351562,151.25999450683594,152.2375030517578,760024
2025-07-03 09:30:00-04:00,154.75999450683594,157.72999572753906,153.97999572753906,154.8000030517578,2436516
2025-07-03 10:30:00-04:00,158.5290985107422,158.52999877929688,153.968994140625,154.8800048828125,1733786
2025-07-03 11:30:00-04:00,161.49839782714844,162.07870483398438,157.80999755859375,158.5800018310547,3084466
2025-07-07 09:30:00-04:00,159.4199981689453,163.39999389648438,155.2716064453125,161.17999267578125,5312984
2025-07-07 10:30:00-04:00,161.90499877929688,163.66000366210938,157.61000061035156,159.3300018310547,1884320
2025-07-07 11:30:00-04:00,159.44790649414062,162.0,158.89999389648438,161.80999755859375,954022
2025-07-07 12:30:00-04:00,160.22500610351562,161.47999572753906,158.3000030517578,159.41220092773438,800583
2025-07-07 13:30:00-04:00,156.99000549316406,160.92999267578125,156.89999389648438,160.2736053466797,877499
2025-07-07 14:30:00-04:00,160.74000549316406,160.97000122070312,156.89999389648438,157.06500244140625,909304
2025-07-07 15:30:00-04:00,159.8800048828125,162.8800048828125,159.02000427246094,160.83999633789062,1252479
2025-07-08 09:30:00-04:00,155.27999877929688,159.34500122070312,153.9700927734375,159.34500122070312,4064870
2025-07-08 10:30:00-04:00,155.5,156.36000061035156,153.3000030517578,155.4499969482422,1359286
2025-07-08 11:30:00-04:00,154.60000610351562,156.0590057373047,154.00999450683594,155.57000732421875,831631
2025-07-08 12:30:00-04:00,154.810302734375,155.1999969482422,153.75,154.58999633789062,1009217
2025-07-08 13:30:00-04:00,153.64999389648438,154.9698944091797,153.58999633789062,154.88999938964844,800158
2025-07-08 14:30:00-04:00,151.53500366210938,154.25,148.75,153.71499633789062,2349416
2025-07-08 15:30:00-04:00,151.39999389648438,152.89999389648438,150.89999389648438,151.53500366210938,1189769
2025-07-09 09:30:00-04:00,150.64999389648438,155.82000732421875,150.5,155.14999389648438,3161177
2025-07-09 10:30:00-04:00,153.27499389648438,154.1999969482422,149.6999969482422,150.61599731445312,1526147
2025-07-09 11:30:00-04:00,155.13760375976562,156.47000122070312,152.75999450683594,153.2949981689453,1593460
2025-07-09 12:30:00-04:00,153.10000610351562,156.1699981689453,152.61000061035156,154.9199981689453,893693
2025-07-09 13:30:00-04:00,153.99850463867188,154.1295928955078,152.85000610351562,153.10000610351562,476189
2025-07-09 14:30:00-04:00,153.8101043701172,155.69000244140625,153.4801025390625,153.9600067138672,783735
2025-07-09 15:30:00-04:00,153.0500030517578,154.1199951171875,152.5,153.89999389648438,898950
2025-07-10 09:30:00-04:00,146.8800048828125,153.5,145.25999450683594,152.8000030517578,4030159
2025-07-10 10:30:00-04:00,146.7843017578125,147.99000549316406,146.14999389648438,146.89500427246094,1205449
2025-07-10 11:30:00-04:00,145.9281005859375,147.89999389648438,144.57000732421875,146.6999969482422,1383299
2025-07-10 12:30:00-04:00,145.5850067138672,146.0,144.6999969482422,145.88999938964844,1122178
2025-07-10 13:30:00-04:00,143.80999755859375,146.2899932861328,143.65499877929688,145.64999389648438,1401172
2025-07-10 14:30:00-04:00,138.5,144.08889770507812,136.39999389648438,143.77999877929688,4621010
2025-07-10 15:30:00-04:00,138.2899932861328,138.6999969482422,136.00999450683594,138.5500030517578,2379990
2025-07-11 09:30:00-04:00,130.72500610351562,136.35989379882812,128.610107421875,132.9250030517578,6117293
2025-07-11 10:30:00-04:00,129.88580322265625,132.74989318847656,128.41000366210938,130.77000427246094,2276109
2025-07-11 11:30:00-04:00,131.2375946044922,131.39199829101562,129.0800018310547,129.8885955810547,1150000
2025-07-11 12:30:00-04:00,130.2218017578125,131.3699951171875,129.80999755859375,131.1199951171875,856865
2025-07-11 13:30:00-04:00,127.62300109863281,130.2949981689453,127.38009643554688,130.1999969482422,1444668
2025-07-11 14:30:00-04:00,126.44000244140625,128.13999938964844,125.66999816894531,127.56909942626953,2026740
2025-07-11 15:30:00-04:00,125.79000091552734,126.80500030517578,125.75,126.3499984741211,1501625
2025-07-14 09:30:00-04:00,134.10499572753906,135.49000549316406,129.99000549316406,130.3800048828125,5753959
2025-07-14 10:30:00-04:00,132.3300018310547,135.6699981689453,131.64999389648438,134.1999969482422,1632214
2025-07-14 11:30:00-04:00,133.69000244140625,133.79359436035156,131.25999450683594,132.4250030517578,918692
2025-07-14 12:30:00-04:00,134.5500030517578,135.24000549316406,133.18499755859375,133.7050018310547,800010
2025-07-14 13:30:00-04:00,133.99000549316406,135.47000122070312,133.35000610351562,134.53500366210938,709657
2025-07-14 14:30:00-04:00,133.0832061767578,134.77000427246094,133.0,133.90499877929688,531356
2025-07-14 15:30:00-04:00,132.35000610351562,133.60989379882812,132.3000030517578,133.1367950439453,812479
2025-07-15 09:30:00-04:00,144.9763946533203,146.75,141.25,143.8800048828125,7066125
2025-07-15 10:30:00-04:00,142.8148956298828,145.42990112304688,142.39999389648438,144.91000366210938,2570903
2025-07-15 11:30:00-04:00,143.75,145.5,142.2899932861328,142.85000610351562,1539525
2025-07-15 12:30:00-04:00,146.11500549316406,146.5,143.1999969482422,143.877197265625,1719952
2025-07-15 13:30:00-04:00,144.07000732421875,146.5,143.91000366210938,145.99000549316406,1335283
2025-07-15 14:30:00-04:00,141.35000610351562,144.10000610351562,141.27999877929688,144.10000610351562,1386612
2025-07-15 15:30:00-04:00,140.49000549316406,142.36000061035156,140.0500030517578,141.36000061035156,1377347
2025-07-16 09:30:00-04:00,146.63999938964844,146.9799041748047,140.5,143.0,3788623
2025-07-16 10:30:00-04:00,142.61000061035156,146.8000030517578,141.07000732421875,146.6199951171875,1969716
2025-07-16 11:30:00-04:00,141.00999450683594,142.64999389648438,139.02000427246094,142.5500030517578,1679555
2025-07-16 12:30:00-04:00,141.89939880371094,143.85000610351562,140.8000030517578,140.92999267578125,992201
2025-07-16 13:30:00-04:00,142.0500030517578,142.9499969482422,141.38999938964844,141.8000030517578,665382
2025-07-16 14:30:00-04:00,143.0,143.25,141.67999267578125,142.01400756835938,649680
2025-07-16 15:30:00-04:00,143.0,143.39999389648438,142.33999633789062,142.91000366210938,811924
2025-07-17 09:30:00-04:00,137.6300048828125,141.36000061035156,135.0,141.00999450683594,3822160
2025-07-17 10:30:00-04:00,137.60000610351562,139.0,137.4801025390625,137.61959838867188,1018712
2025-07-17 11:30:00-04:00,135.98500061035156,138.35000610351562,135.5,137.6999969482422,1276842
2025-07-17 12:30:00-04:00,133.1820068359375,136.1999969482422,133.02000427246094,135.9499969482422,1747416
2025-07-17 13:30:00-04:00,134.24000549316406,134.29989624023438,131.93299865722656,133.17080688476562,1497096
2025-07-17 14:30:00-04:00,133.39999389648438,135.0,133.1300048828125,134.25,1392677
2025-07-17 15:30:00-04:00,132.27000427246094,133.7100067138672,131.33999633789062,133.4600067138672,1135875
2025-07-18 09:30:00-04:00,125.80989837646484,132.3000030517578,125.30000305175781,132.24000549316406,4419193
2025-07-18 10:30:00-04:00,126.04940032958984,126.94999694824219,124.5,125.63999938964844,1885603
2025-07-18 11:30:00-04:00,123.97969818115234,126.6500015258789,123.02999877929688,126.0,1767078
2025-07-18 12:30:00-04:00,123.40229797363281,124.50640106201172,122.87999725341797,123.86689758300781,1348039
2025-07-18 13:30:00-04:00,123.13999938964844,123.62999725341797,122.58000183105469,123.5,808602
2025-07-18 14:30:00-04:00,122.8499984741211,124.19499969482422,122.25,123.23899841308594,1032417
2025-07-18 15:30:00-04:00,122.76000213623047,123.19999694824219,122.19000244140625,122.78109741210938,1199306
2025-07-21 09:30:00-04:00,128.2178955078125,129.33560180664062,125.32360076904297,126.52999877929688,3808709
2025-07-21 10:30:00-04:00,131.6999969482422,134.3000030517578,128.0,128.31500244140625,3185530
2025-07-21 11:30:00-04:00,128.83999633789062,131.97999572753906,128.10220336914062,131.77999877929688,1258801
2025-07-21 12:30:00-04:00,128.51119995117188,130.25,128.0800018310547,128.8300018310547,694873
2025-07-21 13:30:00-04:00,128.25999450683594,128.8699951171875,127.43399810791016,128.36000061035156,514911
2025-07-21 14:30:00-04:00,125.92500305175781,128.57000732421875,125.69999694824219,128.43690490722656,729478
2025-07-21 15:30:00-04:00,124.9000015258789,126.22000122070312,124.11000061035156,125.93000030517578,829128
2025-07-22 09:30:00-04:00,126.75,129.99000549316406,122.70010375976562,125.62999725341797,3519243
2025-07-22 10:30:00-04:00,128.4600067138672,129.75999450683594,126.66000366210938,126.82499694824219,1503592
2025-07-22 11:30:00-04:00,126.94000244140625,128.7100067138672,126.62999725341797,128.4600067138672,600755
2025-07-22 12:30:00-04:00,128.02000427246094,128.02000427246094,126.37999725341797,126.87999725341797,476476
2025-07-22 13:30:00-04:00,131.25,131.36000061035156,127.0,128.05999755859375,1118882
2025-07-22 14:30:00-04:00,130.0,132.39999389648438,129.75,131.21749877929688,1249440
2025-07-22 15:30:00-04:00,129.72000122070312,130.38729858398438,129.1300048828125,130.0399932861328,674384
2025-07-23 09:30:00-04:00,127.61309814453125,132.1199951171875,126.33000183105469,132.0,2300373
2025-07-23 10:30:00-04:00,127.0999984741211,127.82450103759766,125.38310241699219,127.63999938964844,1043482
2025-07-23 11:30:00-04:00,126.9800033569336,127.98999786376953,126.24040222167969,127.16300201416016,746798
2025-07-23 12:30:00-04:00,127.25039672851562,127.54000091552734,126.12999725341797,126.8499984741211,600881
2025-07-23 13:30:00-04:00,127.35820007324219,128.25,126.7300033569336,127.16999816894531,398160
2025-07-23 14:30:00-04:00,125.80500030517578,127.19999694824219,125.51000213623047,127.19999694824219,624025
2025-07-23 15:30:00-04:00,126.04000091552734,126.2699966430664,125.5,125.80500030517578,681452
2025-07-24 09:30:00-04:00,120.79000091552734,126.31999969482422,120.0,125.97000122070312,2906330
2025-07-24 10:30:00-04:00,123.13999938964844,123.22940063476562,120.0,120.7300033569336,1303878
2025-07-24 11:30:00-04:00,121.38999938964844,123.56999969482422,121.24009704589844,123.05000305175781,583318
2025-07-24 12:30:00-04:00,121.07550048828125,121.80000305175781,120.5,121.25,570779
2025-07-24 13:30:00-04:00,121.06500244140625,122.19999694824219,120.70999908447266,121.06500244140625,528069
2025-07-24 14:30:00-04:00,121.12999725341797,121.72000122070312,120.69000244140625,121.05999755859375,535440
2025-07-24 15:30:00-04:00,120.04000091552734,121.98999786376953,120.0,121.12999725341797,1018314
2025-07-25 09:30:00-04:00,115.2490005493164,119.93000030517578,114.80000305175781,119.93000030517578,3618206
2025-07-25 10:30:00-04:00,116.0199966430664,116.23999786376953,114.2300033569336,115.19499969482422,1935208
2025-07-25 11:30:00-04:00,116.4188003540039,117.16999816894531,115.0999984741211,116.05999755859375,1200356
2025-07-25 12:30:00-04:00,116.1500015258789,116.9999008178711,115.33000183105469,116.41000366210938,1146399
2025-07-25 13:30:00-04:00,115.69999694824219,116.62999725341797,115.5,116.30000305175781,684953
2025-07-25 14:30:00-04:00,115.46600341796875,116.33989715576172,115.19999694824219,115.69000244140625,600109
2025-07-25 15:30:00-04:00,115.61000061035156,115.9000015258789,115.0,115.44999694824219,928716
2025-07-28 09:30:00-04:00,112.51750183105469,116.80000305175781,112.03040313720703,115.0,3069487
2025-07-28 10:30:00-04:00,112.01100158691406,113.0999984741211,111.47000122070312,112.52999877929688,1415803
2025-07-28 11:30:00-04:00,111.4845962524414,112.69000244140625,111.22000122070312,112.02999877929688,979632
2025-07-28 12:30:00-04:00,111.31500244140625,112.29989624023438,110.7300033569336,111.4800033569336,1037928
2025-07-28 13:30:00-04:00,111.26499938964844,112.4000015258789,111.20999908447266,111.31500244140625,730010
2025-07-28 14:30:00-04:00,110.70999908447266,111.5989990234375,110.68000030517578,111.23999786376953,883131
2025-07-28 15:30:00-04:00,110.30000305175781,110.83999633789062,109.5999984741211,110.66999816894531,1247862
2025-07-29 09:30:00-04:00,108.5999984741211,110.79989624023438,106.30000305175781,108.83999633789062,3425597
2025-07-29 10:30:00-04:00,110.7699966430664,111.44000244140625,108.6510009765625,108.65730285644531,2089150
2025-07-29 11:30:00-04:00,110.90579986572266,113.44000244140625,109.62000274658203,110.88999938964844,2026581
2025-07-29 12:30:00-04:00,109.92500305175781,111.30000305175781,109.86000061035156,110.84500122070312,749772
2025-07-29 13:30:00-04:00,110.18499755859375,111.4000015258789,109.61000061035156,109.92500305175781,533705
2025-07-29 14:30:00-04:00,110.2249984741211,111.11000061035156,110.13999938964844,110.18499755859375,542210
2025-07-29 15:30:00-04:00,108.69999694824219,110.47000122070312,108.69000244140625,110.27249908447266,754883
2025-07-30 09:30:00-04:00,107.06999969482422,109.5,105.5999984741211,108.02999877929688,1987874
2025-07-30 10:30:00-04:00,105.12999725341797,107.2699966430664,105.0199966430664,107.06999969482422,1039593
2025-07-30 11:30:00-04:00,104.34500122070312,105.98999786376953,104.0999984741211,105.17359924316406,1082482
2025-07-30 12:30:00-04:00,102.95999908447266,104.45989990234375,102.29000091552734,104.34500122070312,1530869
2025-07-30 13:30:00-04:00,103.58000183105469,103.77989959716797,102.4000015258789,102.90010070800781,1262073
2025-07-30 14:30:00-04:00,101.32240295410156,103.63999938964844,100.80000305175781,103.58000183105469,1764437
2025-07-30 15:30:00-04:00,102.95999908447266,103.34149932861328,101.25,101.33000183105469,953209
2025-07-31 09:30:00-04:00,115.7750015258789,118.9800033569336,111.5,112.16999816894531,9414605
2025-07-31 10:30:00-04:00,115.58000183105469,118.44999694824219,114.70999908447266,115.67520141601562,3868386
2025-07-31 11:30:00-04:00,116.84500122070312,117.88999938964844,114.4000015258789,115.68000030517578,2146903
2025-07-31 12:30:00-04:00,117.1050033569336,119.58999633789062,114.5,116.81999969482422,2936683
2025-07-31 13:30:00-04:00,115.79000091552734,118.94000244140625,114.5,117.1050033569336,2162379
2025-07-31 14:30:00-04:00,115.87000274658203,117.44000244140625,114.75,115.79000091552734,1696292
2025-07-31 15:30:00-04:00,114.31999969482422,116.06500244140625,113.62000274658203,115.87000274658203,1703984
2025-08-01 09:30:00-04:00,106.97000122070312,108.2699966430664,103.1050033569336,104.3949966430664,4976509
2025-08-01 10:30:00-04:00,106.11000061035156,109.22000122070312,105.9000015258789,107.06500244140625,1457770
2025-08-01 11:30:00-04:00,107.62000274658203,109.08000183105469,105.9000015258789,106.21990203857422,1440903
2025-08-01 12:30:00-04:00,104.32980346679688,107.7405014038086,103.85009765625,107.62000274658203,1250112
2025-08-01 13:30:00-04:00,104.52999877929688,104.81990051269531,103.2300033569336,104.23999786376953,1372132
2025-08-01 14:30:00-04:00,104.30500030517578,105.7300033569336,103.94010162353516,104.52999877929688,1394820
2025-08-01 15:30:00-04:00,104.12999725341797,105.0,103.69999694824219,104.30000305175781,863908
2025-08-04 09:30:00-04:00,103.86499786376953,107.2699966430664,101.80000305175781,106.38300323486328,3136359
2025-08-04 10:30:00-04:00,104.5999984741211,106.08999633789062,101.5999984741211,103.86499786376953,1806931
2025-08-04 11:30:00-04:00,104.91000366210938,105.5999984741211,104.12010192871094,104.55000305175781,841330
2025-08-04 12:30:00-04:00,105.94999694824219,106.23999786376953,104.49189758300781,104.91000366210938,618381
2025-08-04 13:30:00-04:00,106.64450073242188,107.58000183105469,105.60009765625,105.94999694824219,944514
2025-08-04 14:30:00-04:00,106.83999633789062,107.4999008178711,106.33000183105469,106.59500122070312,698181
2025-08-04 15:30:00-04:00,105.91000366210938,107.0,105.5999984741211,106.88500213623047,704751
2025-08-05 09:30:00-04:00,108.7300033569336,112.97989654541016,104.50299835205078,105.2249984741211,3810400
2025-08-05 10:30:00-04:00,108.87000274658203,110.23999786376953,107.22000122070312,108.73999786376953,1765294
2025-08-05 11:30:00-04:00,109.28990173339844,110.0,107.69000244140625,108.78500366210938,918976
2025-08-05 12:30:00-04:00,110.59989929199219,110.63999938964844,108.0,109.16449737548828,658427
2025-08-05 13:30:00-04:00,111.62000274658203,114.25,110.5199966430664,110.55000305175781,2009363
2025-08-05 14:30:00-04:00,113.37000274658203,113.65799713134766,110.6500015258789,111.5199966430664,1409467
2025-08-05 15:30:00-04:00,111.86000061035156,113.68000030517578,111.13999938964844,113.44000244140625,1029724
2025-08-06 09:30:00-04:00,107.01000213623047,111.58999633789062,106.58999633789062,110.0,2600030
2025-08-06 10:30:00-04:00,107.58000183105469,107.78990173339844,105.55999755859375,106.97000122070312,1288476
2025-08-06 11:30:00-04:00,108.58000183105469,109.12000274658203,106.80000305175781,107.62000274658203,808050
2025-08-06 12:30:00-04:00,109.01499938964844,109.37989807128906,107.94000244140625,108.61499786376953,506225
2025-08-06 13:30:00-04:00,109.45010375976562,110.23999786376953,108.48999786376953,108.98999786376953,622032
2025-08-06 14:30:00-04:00,108.87000274658203,109.70999908447266,107.80000305175781,109.48999786376953,699267
2025-08-06 15:30:00-04:00,110.23999786376953,110.26000213623047,108.5,108.87699890136719,879162
2025-08-07 09:30:00-04:00,120.32779693603516,120.697998046875,115.0199966430664,115.4800033569336,6395954
2025-08-07 10:30:00-04:00,118.77999877929688,120.87999725341797,118.02999877929688,120.30500030517578,3054151
2025-08-07 11:30:00-04:00,119.61990356445312,120.18000030517578,117.60009765625,118.88999938964844,2229606
2025-08-07 12:30:00-04:00,117.80000305175781,120.21990203857422,110.23999786376953,119.58000183105469,1967386
2025-08-07 13:30:00-04:00,117.87000274658203,117.98999786376953,116.01000213623047,117.80000305175781,1203313
2025-08-07 14:30:00-04:00,118.38639831542969,119.05989837646484,117.54750061035156,117.77999877929688,1025865
2025-08-07 15:30:00-04:00,121.01000213623047,121.16000366210938,118.2301025390625,118.2301025390625,1485754
2025-08-08 09:30:00-04:00,125.72000122070312,130.9799041748047,125.36000061035156,128.0500030517578,6169035
2025-08-08 10:30:00-04:00,124.18499755859375,125.87999725341797,121.69999694824219,125.70999908447266,2517336
2025-08-08 11:30:00-04:00,124.66999816894531,125.44000244140625,123.19999694824219,124.25050354003906,1481075
2025-08-08 12:30:00-04:00,124.56500244140625,126.16999816894531,123.75039672851562,124.56220245361328,1428684
2025-08-08 13:30:00-04:00,126.80000305175781,126.8781967163086,124.51000213623047,124.56500244140625,1565775
2025-08-08 14:30:00-04:00,128.55999755859375,128.75,126.5199966430664,126.77980041503906,1941046
2025-08-08 15:30:00-04:00,129.66000366210938,129.6999969482422,127.83000183105469,128.55560302734375,1511892
2025-08-11 09:30:00-04:00,138.95599365234375,141.5,130.17999267578125,134.6750030517578,8289076
2025-08-11 10:30:00-04:00,139.57009887695312,140.85000610351562,137.72999572753906,138.80999755859375,2983358
2025-08-11 11:30:00-04:00,138.86500549316406,141.22000122070312,138.3000030517578,139.57000732421875,2237313
2025-08-11 12:30:00-04:00,138.61000061035156,139.8800048828125,138.0,138.9250030517578,1500021
2025-08-11 13:30:00-04:00,137.33999633789062,139.10000610351562,136.3800048828125,138.48629760742188,1378861
2025-08-11 14:30:00-04:00,138.23699951171875,138.8000030517578,136.25,137.27999877929688,1189038
2025-08-11 15:30:00-04:00,139.77999877929688,139.77999877929688,137.83999633789062,138.33999633789062,1407070
2025-08-12 09:30:00-04:00,134.22000122070312,135.9600067138672,130.42999267578125,135.8249969482422,5074930
2025-08-12 10:30:00-04:00,138.16949462890625,139.5998992919922,133.02999877929688,134.22500610351562,3201036
2025-08-12 11:30:00-04:00,142.25999450683594,142.49000549316406,138.16000366210938,138.16000366210938,3056803
2025-08-12 12:30:00-04:00,142.2100067138672,143.8800048828125,141.7100067138672,142.4600067138672,2534069
2025-08-12 13:30:00-04:00,144.15499877929688,145.27000427246094,142.20179748535156,142.25,2172479
2025-08-12 14:30:00-04:00,146.38499450683594,147.39999389648438,144.27000427246094,144.41000366210938,3359361
2025-08-12 15:30:00-04:00,148.0500030517578,148.8000030517578,145.27999877929688,146.47000122070312,3114646
2025-08-13 09:30:00-04:00,126.73159790039062,134.30999755859375,126.5999984741211,133.00999450683594,13328696
2025-08-13 10:30:00-04:00,120.12000274658203,127.79000091552734,119.30000305175781,126.68499755859375,7436020
2025-08-13 11:30:00-04:00,122.76000213623047,124.05999755859375,120.01000213623047,120.09880065917969,4731004
2025-08-13 12:30:00-04:00,121.625,122.86139678955078,120.30999755859375,122.8499984741211,2148068
2025-08-13 13:30:00-04:00,122.57160186767578,124.39990234375,121.0,121.60900115966797,2126631
2025-08-13 14:30:00-04:00,120.67500305175781,123.4000015258789,120.01000213623047,122.5999984741211,2525868
2025-08-13 15:30:00-04:00,117.91539764404297,120.95999908447266,117.5999984741211,120.66999816894531,3547056
2025-08-14 09:30:00-04:00,109.30130004882812,116.87989807128906,108.36000061035156,115.26000213623047,8244909
2025-08-14 10:30:00-04:00,105.27300262451172,109.5999984741211,103.75,109.42539978027344,7279318
2025-08-14 11:30:00-04:00,106.3499984741211,106.79000091552734,104.12999725341797,105.27999877929688,3656343
2025-08-14 12:30:00-04:00,102.69499969482422,106.25499725341797,101.0,106.25499725341797,5747798
2025-08-14 13:30:00-04:00,102.0,103.4000015258789,100.62000274658203,102.69999694824219,3925445
2025-08-14 14:30:00-04:00,100.9749984741211,104.3499984741211,100.54000091552734,101.97779846191406,4549234
2025-08-14 15:30:00-04:00,99.50499725341797,101.18000030517578,98.81009674072266,100.98999786376953,6148819
2025-08-15 09:30:00-04:00,98.94100189208984,101.51000213623047,94.69999694824219,95.88500213623047,25527340
2025-08-15 10:30:00-04:00,98.55999755859375,99.34989929199219,96.88500213623047,98.9800033569336,5247336
2025-08-15 11:30:00-04:00,100.41999816894531,101.0,98.20010375976562,98.5250015258789,4843971
2025-08-15 12:30:00-04:00,99.63500213623047,102.0,99.5199966430664,100.47000122070312,4437417
2025-08-15 13:30:00-04:00,99.625,100.06999969482422,98.81999969482422,99.62999725341797,2317729
2025-08-15 14:30:00-04:00,99.9800033569336,100.0999984741211,99.26419830322266,99.62000274658203,3038553
2025-08-15 15:30:00-04:00,99.97000122070312,100.94000244140625,99.55000305175781,99.9800033569336,5440102
2025-08-18 09:30:00-04:00,101.2699966430664,103.5999984741211,99.0,102.06999969482422,11651345
2025-08-18 10:30:00-04:00,100.80999755859375,103.41999816894531,100.5,101.22000122070312,6025613
2025-08-18 11:30:00-04:00,100.125,101.0999984741211,100.01000213623047,100.80500030517578,2827574
2025-08-18 12:30:00-04:00,99.61000061035156,100.26000213623047,99.45999908447266,100.125,2528911
2025-08-18 13:30:00-04:00,99.47270202636719,100.26000213623047,99.25,99.61000061035156,2378324
2025-08-18 14:30:00-04:00,98.11499786376953,99.48989868164062,97.5,99.43000030517578,3654041
2025-08-18 15:30:00-04:00,96.83000183105469,98.12000274658203,96.7300033569336,98.11499786376953,3134234
2025-08-19 09:30:00-04:00,91.54000091552734,96.5,91.01000213623047,96.38500213623047,10753956
2025-08-19 10:30:00-04:00,90.93000030517578,91.81999969482422,89.38999938964844,91.56500244140625,6025824
2025-08-19 11:30:00-04:00,89.7781982421875,91.13999938964844,89.41999816894531,90.95999908447266,2859718
2025-08-19 12:30:00-04:00,91.08999633789062,91.26000213623047,88.6500015258789,89.80480194091797,2981552
2025-08-19 13:30:00-04:00,92.56999969482422,92.94989776611328,91.0199966430664,91.05970001220703,2655253
2025-08-19 14:30:00-04:00,92.36000061035156,93.23989868164062,92.05999755859375,92.54060363769531,1783398
2025-08-19 15:30:00-04:00,92.94000244140625,93.08999633789062,91.83000183105469,92.30999755859375,2803330
2025-08-20 09:30:00-04:00,86.32499694824219,90.4000015258789,85.4000015258789,90.1449966430664,9848234
2025-08-20 10:30:00-04:00,88.69000244140625,88.69999694824219,85.26000213623047,86.32499694824219,4681703
2025-08-20 11:30:00-04:00,88.06289672851562,89.3499984741211,87.0,88.6594009399414,3379159
2025-08-20 12:30:00-04:00,88.75959777832031,89.2300033569336,86.55000305175781,88.0199966430664,3365308
2025-08-20 13:30:00-04:00,87.5,89.83999633789062,87.3499984741211,88.73999786376953,2804482
2025-08-20 14:30:00-04:00,89.45999908447266,89.6050033569336,87.54499816894531,87.55000305175781,2424415
2025-08-20 15:30:00-04:00,91.55000305175781,91.64900207519531,89.2300033569336,89.44999694824219,2849594
2025-08-21 09:30:00-04:00,94.11000061035156,95.83999633789062,90.65010070800781,93.7750015258789,11602062
2025-08-21 10:30:00-04:00,93.04499816894531,94.19999694824219,92.2300033569336,94.08000183105469,3734710
2025-08-21 11:30:00-04:00,92.51280212402344,93.43000030517578,91.91000366210938,93.08999633789062,2248637
2025-08-21 12:30:00-04:00,91.2300033569336,93.12999725341797,90.6500015258789,92.55000305175781,2830888
2025-08-21 13:30:00-04:00,91.80989837646484,92.06999969482422,91.12000274658203,91.2300033569336,1829356
2025-08-21 14:30:00-04:00,91.55000305175781,92.30000305175781,91.26000213623047,91.80999755859375,1879004
2025-08-21 15:30:00-04:00,90.77899932861328,91.52999877929688,90.75,91.5199966430664,1949654
2025-08-22 09:30:00-04:00,91.94999694824219,93.30000305175781,88.58000183105469,91.0,8622451
2025-08-22 10:30:00-04:00,97.68000030517578,98.33000183105469,91.91000366210938,92.0000991821289,8515377
2025-08-22 11:30:00-04:00,95.47930145263672,98.58000183105469,94.83000183105469,97.69000244140625,4967961
2025-08-22 12:30:00-04:00,95.37999725341797,96.09989929199219,94.56999969482422,95.42919921875,2087597
2025-08-22 13:30:00-04:00,93.41999816894531,95.62989807128906,93.30000305175781,95.3499984741211,3128147
2025-08-22 14:30:00-04:00,93.31999969482422,94.44999694824219,93.0999984741211,93.41680145263672,2525356
2025-08-22 15:30:00-04:00,93.97000122070312,94.37999725341797,93.05999755859375,93.33000183105469,2659837
2025-08-25 09:30:00-04:00,91.58509826660156,93.70500183105469,90.5,93.70500183105469,4802106
2025-08-25 10:30:00-04:00,91.80010223388672,92.0,90.0,91.58000183105469,2942586
2025-08-25 11:30:00-04:00,91.79000091552734,91.96990203857422,90.88999938964844,91.84860229492188,1145084
2025-08-25 12:30:00-04:00,91.74500274658203,92.19999694824219,91.22000122070312,91.7699966430664,1128636
2025-08-25 13:30:00-04:00,92.57499694824219,92.78230285644531,91.43000030517578,91.7300033569336,1365469
2025-08-25 14:30:00-04:00,92.88510131835938,93.48999786376953,92.43000030517578,92.5634994506836,1441468
2025-08-25 15:30:00-04:00,92.37999725341797,93.14990234375,92.33000183105469,92.87999725341797,1128698
2025-08-26 09:30:00-04:00,92.3324966430664,92.68910217285156,90.62010192871094,91.81999969482422,3249933
2025-08-26 10:30:00-04:00,93.44999694824219,93.66999816894531,91.70020294189453,92.36000061035156,2022576
2025-08-26 11:30:00-04:00,92.74479675292969,94.7699966430664,92.5999984741211,93.43000030517578,2630330
2025-08-26 12:30:00-04:00,90.72000122070312,92.87000274658203,90.31999969482422,92.70999908447266,3033565
2025-08-26 13:30:00-04:00,91.44000244140625,91.55999755859375,90.5999984741211,90.71739959716797,1578996
2025-08-26 14:30:00-04:00,91.56999969482422,91.79000091552734,91.08000183105469,91.44000244140625,1254086
2025-08-26 15:30:00-04:00,91.33999633789062,91.80000305175781,91.11000061035156,91.589599609375,1312802
2025-08-27 09:30:00-04:00,94.3147964477539,94.83999633789062,92.6500015258789,93.8499984741211,7004413
2025-08-27 10:30:00-04:00,96.0,96.69000244140625,93.79010009765625,94.36000061035156,6473628
2025-08-27 11:30:00-04:00,95.31849670410156,96.58999633789062,94.8499984741211,96.04000091552734,2804876
2025-08-27 12:30:00-04:00,96.318603515625,97.0999984741211,95.06999969482422,95.26000213623047,2783315
2025-08-27 13:30:00-04:00,96.72509765625,97.4800033569336,95.87999725341797,96.29000091552734,3255827
2025-08-27 14:30:00-04:00,96.5,97.19000244140625,95.91000366210938,96.7249984741211,2593550
2025-08-27 15:30:00-04:00,96.94000244140625,97.5,96.43299865722656,96.4800033569336,2782227
2025-08-28 09:30:00-04:00,101.82499694824219,105.5,99.9000015258789,100.67500305175781,22985925
2025-08-28 10:30:00-04:00,103.16999816894531,104.16999816894531,101.76000213623047,101.80000305175781,5104469
2025-08-28 11:30:00-04:00,104.08769989013672,104.75,102.9000015258789,103.18000030517578,3938088
2025-08-28 12:30:00-04:00,103.51840209960938,104.45999908447266,102.61000061035156,104.11499786376953,3214833
2025-08-28 13:30:00-04:00,104.51100158691406,105.18000030517578,102.80999755859375,103.5,3064156
2025-08-28 14:30:00-04:00,102.73999786376953,104.54989624023438,102.11000061035156,104.51699829101562,3339235
2025-08-28 15:30:00-04:00,102.7699966430664,103.3499984741211,102.3499984741211,102.73999786376953,2519908
2025-08-29 09:30:00-04:00,97.42130279541016,101.08999633789062,96.32129669189453,100.9000015258789,9302445
2025-08-29 10:30:00-04:00,98.75,98.9800033569336,96.94999694824219,97.3949966430664,3111682
2025-08-29 11:30:00-04:00,99.38999938964844,99.5999984741211,98.0999984741211,98.72000122070312,2073802
2025-08-29 12:30:00-04:00,100.43289947509766,100.61990356445312,98.9000015258789,99.30000305175781,1769766
2025-08-29 13:30:00-04:00,102.02999877929688,102.6500015258789,100.0999984741211,100.45999908447266,2430866
2025-08-29 14:30:00-04:00,101.69999694824219,102.4800033569336,101.55000305175781,102.05000305175781,1990116
2025-08-29 15:30:00-04:00,103.06999969482422,103.08000183105469,101.62999725341797,101.7300033569336,2371872
2025-09-02 09:30:00-04:00,95.1500015258789,97.12999725341797,93.41000366210938,96.62999725341797,10607899
2025-09-02 10:30:00-04:00,93.0199966430664,95.44999694824219,92.81999969482422,95.07499694824219,5061553
2025-09-02 11:30:00-04:00,91.44740295410156,93.3499984741211,91.30000305175781,93.04000091552734,5034418
2025-09-02 12:30:00-04:00,91.86000061035156,92.29000091552734,90.70010375976562,91.45999908447266,4269031
2025-09-02 13:30:00-04:00,92.26000213623047,92.79000091552734,91.80000305175781,91.86000061035156,2515234
2025-09-02 14:30:00-04:00,92.52999877929688,92.80000305175781,92.02999877929688,92.25,2051006
2025-09-02 15:30:00-04:00,93.37000274658203,93.58999633789062,92.1500015258789,92.54000091552734,2641930
2025-09-03 09:30:00-04:00,90.93990325927734,93.79000091552734,90.73999786376953,93.74500274658203,5221077
2025-09-03 10:30:00-04:00,90.58999633789062,91.98999786376953,90.03099822998047,90.93000030517578,3306992
2025-09-03 11:30:00-04:00,91.12000274658203,91.4800033569336,90.51000213623047,90.58999633789062,1451928
2025-09-03 12:30:00-04:00,91.0199966430664,91.4198989868164,90.80000305175781,91.12000274658203,901512
2025-09-03 13:30:00-04:00,90.19499969482422,91.0199966430664,89.5,91.01000213623047,3003287
2025-09-03 14:30:00-04:00,89.4000015258789,90.30000305175781,89.22100067138672,90.20999908447266,2033562
2025-09-03 15:30:00-04:00,89.87000274658203,90.08999633789062,88.76000213623047,89.4000015258789,2375334
2025-09-04 09:30:00-04:00,88.7249984741211,89.6500015258789,87.80000305175781,88.19999694824219,3583681
2025-09-04 10:30:00-04:00,86.55750274658203,89.72000122070312,85.20999908447266,88.72000122070312,5030962
2025-09-04 11:30:00-04:00,87.33799743652344,87.87000274658203,86.2500991821289,86.57499694824219,2192655
2025-09-04 12:30:00-04:00,88.38999938964844,88.79000091552734,87.27999877929688,87.27999877929688,1388280
2025-09-04 13:30:00-04:00,88.1436996459961,88.62999725341797,87.91999816894531,88.37000274658203,906499
2025-09-04 14:30:00-04:00,88.19999694824219,88.58999633789062,88.01000213623047,88.11000061035156,1139555
2025-09-04 15:30:00-04:00,87.41000366210938,88.2300033569336,87.01000213623047,88.2300033569336,1602288
2025-09-05 09:30:00-04:00,85.91999816894531,90.44000244140625,85.55000305175781,90.0999984741211,6312211
2025-09-05 10:30:00-04:00,86.41999816894531,86.60820007324219,84.4000015258789,85.87000274658203,4101395
2025-09-05 11:30:00-04:00,87.19999694824219,87.5199966430664,86.30000305175781,86.5,1561390
2025-09-05 12:30:00-04:00,87.00910186767578,87.6500015258789,86.7300033569336,87.16999816894531,969010
2025-09-05 13:30:00-04:00,88.48999786376953,88.5188980102539,86.72000122070312,86.95999908447266,1327962
2025-09-05 14:30:00-04:00,89.19499969482422,89.73999786376953,88.44999694824219,88.48999786376953,2115298
2025-09-05 15:30:00-04:00,89.0999984741211,89.45999908447266,88.91000366210938,89.21499633789062,1357393
2025-09-08 09:30:00-04:00,94.45500183105469,94.70919799804688,88.6427001953125,88.87999725341797,9017981
2025-09-08 10:30:00-04:00,95.0999984741211,95.83999633789062,94.44000244140625,94.46499633789062,4540111
2025-09-08 11:30:00-04:00,95.93000030517578,96.16999816894531,94.26000213623047,95.12000274658203,2482599
2025-09-08 12:30:00-04:00,95.0698013305664,95.97000122070312,94.41999816894531,95.9000015258789,1458432
2025-09-08 13:30:00-04:00,94.62000274658203,95.13999938964844,94.12000274658203,95.05860137939453,1271572
2025-09-08 14:30:00-04:00,94.61000061035156,95.0999984741211,93.61000061035156,94.64990234375,1631154
2025-09-08 15:30:00-04:00,93.55000305175781,94.77999877929688,93.48999786376953,94.62999725341797,1576077
2025-09-09 09:30:00-04:00,99.74259948730469,103.19999694824219,98.25,99.88500213623047,17043707
2025-09-09 10:30:00-04:00,98.6500015258789,100.0,97.5199966430664,99.76000213623047,5189988
2025-09-09 11:30:00-04:00,98.33999633789062,98.83989715576172,97.0542984008789,98.6500015258789,2609795
2025-09-09 12:30:00-04:00,98.79389953613281,99.19999694824219,97.91999816894531,98.30000305175781,1748979
2025-09-09 13:30:00-04:00,97.85250091552734,99.14990234375,97.30000305175781,98.77999877929688,1929594
2025-09-09 14:30:00-04:00,101.22000122070312,101.43000030517578,97.83499908447266,97.91999816894531,4296882
2025-09-09 15:30:00-04:00,100.21009826660156,101.79000091552734,100.05000305175781,101.20500183105469,3558403
2025-09-10 09:30:00-04:00,119.88999938964844,124.9000015258789,109.01000213623047,110.18000030517578,37443140
2025-09-10 10:30:00-04:00,119.41500091552734,121.9000015258789,118.33000183105469,119.95999908447266,7815997
2025-09-10 11:30:00-04:00,119.7300033569336,119.80000305175781,118.19999694824219,119.47000122070312,4533676
2025-09-10 12:30:00-04:00,120.8219985961914,121.66000366210938,118.73999786376953,119.73999786376953,4445461
2025-09-10 13:30:00-04:00,115.44960021972656,121.26000213623047,114.05000305175781,120.86499786376953,6286583
2025-09-10 14:30:00-04:00,116.24500274658203,116.91000366210938,114.55000305175781,115.46710205078125,4021666
2025-09-10 15:30:00-04:00,117.1050033569336,118.30989837646484,115.94000244140625,116.24500274658203,3834377
2025-09-11 09:30:00-04:00,116.22000122070312,117.75,112.12999725341797,117.75,10070399
2025-09-11 10:30:00-04:00,117.06999969482422,117.7499008178711,114.87999725341797,116.31999969482422,3186332
2025-09-11 11:30:00-04:00,117.43990325927734,118.64299774169922,116.80000305175781,117.0999984741211,2613927
2025-09-11 12:30:00-04:00,117.18000030517578,117.73500061035156,116.38999938964844,117.44000244140625,1519774
2025-09-11 13:30:00-04:00,115.62000274658203,117.27999877929688,115.25,117.22000122070312,1668672
2025-09-11 14:30:00-04:00,114.72000122070312,115.93000030517578,113.91000366210938,115.62000274658203,1928230
2025-09-11 15:30:00-04:00,112.6500015258789,115.11000061035156,112.41000366210938,114.75,2917427
2025-09-12 09:30:00-04:00,111.33999633789062,115.30999755859375,110.0999984741211,113.95500183105469,5993735
2025-09-12 10:30:00-04:00,107.09359741210938,111.7699966430664,107.0374984741211,111.28949737548828,4637827
2025-09-12 11:30:00-04:00,105.14689636230469,108.12999725341797,104.06999969482422,107.10990142822266,6444956
2025-09-12 12:30:00-04:00,107.86000061035156,107.94989776611328,104.37999725341797,105.13999938964844,3535245
2025-09-12 13:30:00-04:00,108.88999938964844,108.9198989868164,107.45999908447266,107.80750274658203,3536087
2025-09-12 14:30:00-04:00,112.72000122070312,112.7699966430664,108.76000213623047,108.93000030517578,3971362
2025-09-12 15:30:00-04:00,111.87999725341797,113.16000366210938,111.80000305175781,112.70999908447266,3102397
2025-09-15 09:30:00-04:00,119.78500366210938,121.44999694824219,116.11000061035156,120.94499969482422,17322281
2025-09-15 10:30:00-04:00,118.5,121.5,116.9000015258789,119.78990173339844,6006875
2025-09-15 11:30:00-04:00,119.15499877929688,119.5,117.20999908447266,118.5,2576170
2025-09-15 12:30:00-04:00,119.12000274658203,119.9800033569336,118.62999725341797,119.15499877929688,1817161
2025-09-15 13:30:00-04:00,120.22000122070312,120.87999725341797,118.94999694824219,119.16000366210938,2889893
2025-09-15 14:30:00-04:00,120.37000274658203,120.75,119.12000274658203,120.22000122070312,2684507
2025-09-15 15:30:00-04:00,120.41999816894531,121.12000274658203,119.66999816894531,120.40499877929688,3042739
2025-09-16 09:30:00-04:00,116.88500213623047,125.75,116.86000061035156,120.5,10014865
2025-09-16 10:30:00-04:00,116.65350341796875,118.13800048828125,116.18000030517578,116.9175033569336,2564014
2025-09-16 11:30:00-04:00,116.0,117.37999725341797,115.12000274658203,116.6989974975586,2121714
2025-09-16 12:30:00-04:00,118.0250015258789,118.44999694824219,115.9800033569336,116.02999877929688,1603495
2025-09-16 13:30:00-04:00,118.01000213623047,118.62999725341797,117.51000213623047,118.01000213623047,1191332
2025-09-16 14:30:00-04:00,118.87000274658203,119.02999877929688,117.87000274658203,118.08999633789062,1273474
2025-09-16 15:30:00-04:00,118.76100158691406,119.08000183105469,118.19000244140625,118.86000061035156,1485754
2025-09-17 09:30:00-04:00,115.91000366210938,119.84989929199219,114.79000091552734,119.5199966430664,5300090
2025-09-17 10:30:00-04:00,117.32499694824219,118.15730285644531,114.56999969482422,115.9000015258789,2931731
2025-09-17 11:30:00-04:00,119.0,119.73999786376953,117.05999755859375,117.30999755859375,1925082
2025-09-17 12:30:00-04:00,119.70999908447266,119.7699966430664,118.12999725341797,119.05000305175781,1935996
2025-09-17 13:30:00-04:00,118.61000061035156,121.61000061035156,115.53359985351562,119.7300033569336,4094720
2025-09-17 14:30:00-04:00,121.01000213623047,121.83999633789062,116.7582015991211,118.61000061035156,4765025
2025-09-17 15:30:00-04:00,120.86000061035156,121.25,120.01000213623047,121.01499938964844,2410882
2025-09-18 09:30:00-04:00,119.51499938964844,122.87999725341797,118.19999694824219,122.375,6632918
2025-09-18 10:30:00-04:00,119.77999877929688,120.6500015258789,118.91000366210938,119.51000213623047,2284040
2025-09-18 11:30:00-04:00,118.9854965209961,120.05999755859375,118.66000366210938,119.76499938964844,1757482
2025-09-18 12:30:00-04:00,120.54399871826172,121.5,118.55000305175781,119.05999755859375,2473952
2025-09-18 13:30:00-04:00,121.64790344238281,121.87999725341797,119.54010009765625,120.58000183105469,2594408
2025-09-18 14:30:00-04:00,120.35990142822266,121.77999877929688,119.08999633789062,121.55999755859375,2067141
2025-09-18 15:30:00-04:00,121.37000274658203,121.5999984741211,120.12000274658203,120.3499984741211,2356041
2025-09-19 09:30:00-04:00,127.0999984741211,129.38999938964844,122.0,122.05000305175781,13545093
2025-09-19 10:30:00-04:00,123.85919952392578,127.68000030517578,123.36000061035156,127.05999755859375,5204285
2025-09-19 11:30:00-04:00,124.62000274658203,125.37000274658203,123.04000091552734,123.80000305175781,2715415
2025-09-19 12:30:00-04:00,124.69499969482422,125.80000305175781,124.31999969482422,124.54440307617188,2343816
2025-09-19 13:30:00-04:00,126.45500183105469,127.18000030517578,124.3499984741211,124.66999816894531,3340655
2025-09-19 14:30:00-04:00,124.84649658203125,126.9000015258789,124.54000091552734,126.45500183105469,2576686
2025-09-19 15:30:00-04:00,124.77799987792969,126.05000305175781,124.37999725341797,124.83000183105469,2993939
2025-09-22 09:30:00-04:00,121.87999725341797,124.7698974609375,119.5,124.63999938964844,6707096
2025-09-22 10:30:00-04:00,126.8499984741211,127.75990295410156,121.83000183105469,121.94999694824219,5007803
2025-09-22 11:30:00-04:00,133.1699981689453,133.33999633789062,125.37999725341797,126.83000183105469,7517771
2025-09-22 12:30:00-04:00,132.89999389648438,136.4799041748047,131.79769897460938,133.20249938964844,8807263
2025-09-22 13:30:00-04:00,131.23410034179688,132.89999389648438,129.77000427246094,132.89999389648438,3674214
2025-09-22 14:30:00-04:00,132.16000366210938,133.3000030517578,130.57769775390625,131.22999572753906,3942877
2025-09-22 15:30:00-04:00,133.24000549316406,133.4499969482422,130.80999755859375,132.1199951171875,3221925
2025-09-23 09:30:00-04:00,133.60000610351562,136.0,131.0,134.7949981689453,7601349
2025-09-23 10:30:00-04:00,133.7449951171875,134.99000549316406,132.02999877929688,133.59500122070312,2475178
2025-09-23 11:30:00-04:00,131.97500610351562,134.1999969482422,130.8000030517578,133.77999877929688,2221068
2025-09-23 12:30:00-04:00,131.34500122070312,132.64999389648438,130.9199981689453,131.99000549316406,1481518
2025-09-23 13:30:00-04:00,129.3300018310547,131.63999938964844,127.05000305175781,131.35000610351562,10075913
2025-09-23 14:30:00-04:00,130.72000122070312,131.1999969482422,128.36000061035156,129.30250549316406,2260261
2025-09-23 15:30:00-04:00,130.91000366210938,131.6300048828125,129.91000366210938,130.68499755859375,1907452
2025-09-24 09:30:00-04:00,128.1300048828125,133.77999877929688,124.06009674072266,133.125,6488731
2025-09-24 10:30:00-04:00,131.24000549316406,131.74989318847656,127.73999786376953,128.1999969482422,2729858
2025-09-24 11:30:00-04:00,129.44000244140625,131.6300048828125,126.0999984741211,131.28500366210938,3105302
2025-09-24 12:30:00-04:00,130.9600067138672,131.4499969482422,128.89939880371094,129.4499969482422,1513885
2025-09-24 13:30:00-04:00,130.84750366210938,131.82000732421875,129.30999755859375,130.94000244140625,1571183
2025-09-24 14:30:00-04:00,131.97500610351562,132.60000610351562,130.77999877929688,130.9600067138672,2100562
2025-09-24 15:30:00-04:00,133.44000244140625,133.49000549316406,131.35000610351562,132.0,1729991
2025-09-25 09:30:00-04:00,135.3350067138672,138.22410583496094,127.81999969482422,129.0,12648373
2025-09-25 10:30:00-04:00,135.3699951171875,138.1699981689453,135.0500030517578,135.36990356445312,4903584
2025-09-25 11:30:00-04:00,132.42999267578125,138.92999267578125,132.02000427246094,135.3699951171875,5141000
2025-09-25 12:30:00-04:00,128.83999633789062,134.39999389648438,128.6199951171875,132.5240936279297,3178875
2025-09-25 13:30:00-04:00,129.26499938964844,129.5,125.80000305175781,128.8094024658203,4650138
2025-09-25 14:30:00-04:00,128.26600646972656,130.4600067138672,127.62000274658203,129.2550048828125,2419018
2025-09-25 15:30:00-04:00,126.63999938964844,128.74139404296875,126.5999984741211,128.3446044921875,14437506
2025-09-26 09:30:00-04:00,121.94969940185547,129.37989807128906,120.6500015258789,128.0,6584953
2025-09-26 10:30:00-04:00,121.29109954833984,123.91000366210938,119.73999786376953,121.91000366210938,4278279
2025-09-26 11:30:00-04:00,122.1897964477539,122.58999633789062,120.04000091552734,121.26000213623047,2075636
2025-09-26 12:30:00-04:00,124.44599914550781,124.5999984741211,122.03009796142578,122.23999786376953,1813099
2025-09-26 13:30:00-04:00,124.6281967163086,124.9000015258789,123.66000366210938,124.45999908447266,1386375
2025-09-26 14:30:00-04:00,120.83000183105469,124.8499984741211,120.18000030517578,124.63999938964844,2173916
2025-09-26 15:30:00-04:00,120.33999633789062,120.87000274658203,119.5,120.87000274658203,2597139
2025-09-29 09:30:00-04:00,125.61000061035156,126.5,120.8550033569336,121.0,6464980
2025-09-29 10:30:00-04:00,123.97000122070312,125.63999938964844,122.9000015258789,125.61000061035156,2829434
2025-09-29 11:30:00-04:00,123.3949966430664,124.38999938964844,122.83999633789062,124.03500366210938,1793648
2025-09-29 12:30:00-04:00,122.30000305175781,123.62999725341797,121.38999938964844,123.44999694824219,1717668
2025-09-29 13:30:00-04:00,123.03500366210938,123.372802734375,122.08999633789062,122.25769805908203,1698000
2025-09-29 14:30:00-04:00,122.5199966430664,123.34989929199219,122.04000091552734,123.0199966430664,1255266
2025-09-29 15:30:00-04:00,122.55999755859375,123.12000274658203,122.10009765625,122.5,6071550
2025-09-30 09:30:00-04:00,140.47999572753906,141.9600067138672,133.22000122070312,135.0,25730452
2025-09-30 10:30:00-04:00,138.39129638671875,142.6699981689453,138.02000427246094,140.47520446777344,8342097
2025-09-30 11:30:00-04:00,139.75,139.91000366210938,137.11000061035156,138.4250030517578,4639654
2025-09-30 12:30:00-04:00,137.72999572753906,139.89999389648438,136.49000549316406,139.72500610351562,2866491
2025-09-30 13:30:00-04:00,136.875,138.58999633789062,136.6999969482422,137.6999969482422,2741273
2025-09-30 14:30:00-04:00,136.77259826660156,137.27999877929688,136.22000122070312,136.8625030517578,2286489
2025-09-30 15:30:00-04:00,136.86000061035156,137.14999389648438,136.29010009765625,136.76499938964844,2126546
2025-10-01 09:30:00-04:00,135.7100067138672,136.64999389648438,132.27000427246094,136.0,5703461
2025-10-01 10:30:00-04:00,135.97000122070312,137.45989990234375,135.5399932861328,135.91000366210938,2555179
2025-10-01 11:30:00-04:00,135.35000610351562,136.58999633789062,134.50999450683594,135.99000549316406,1553937
2025-10-01 12:30:00-04:00,134.72000122070312,136.19320678710938,134.3800048828125,135.27499389648438,1445709
2025-10-01 13:30:00-04:00,135.9550018310547,136.10000610351562,133.36000061035156,134.7550048828125,6391903
2025-10-01 14:30:00-04:00,136.21499633789062,136.67999267578125,135.5800018310547,135.94000244140625,1969434
2025-10-01 15:30:00-04:00,137.0399932861328,137.60000610351562,136.08999633789062,136.22999572753906,2469236
2025-10-02 09:30:00-04:00,138.08999633789062,140.64990234375,136.210205078125,140.50999450683594,8245035
2025-10-02 10:30:00-04:00,137.1699981689453,138.2899932861328,134.5251007080078,138.08999633789062,3992767
2025-10-02 11:30:00-04:00,137.92999267578125,138.25,136.77000427246094,137.072998046875,2199289
2025-10-02 12:30:00-04:00,137.54249572753906,138.2100067138672,136.85000610351562,137.99000549316406,1353822
2025-10-02 13:30:00-04:00,138.10499572753906,138.66949462890625,137.03579711914062,137.5449981689453,1626743
2025-10-02 14:30:00-04:00,137.80999755859375,138.50999450683594,137.6800994873047,138.10499572753906,1815815
2025-10-02 15:30:00-04:00,137.99000549316406,138.25999450683594,137.79010009765625,137.82000732421875,1696651
2025-10-03 09:30:00-04:00,138.52499389648438,140.5500030517578,137.41009521484375,139.0,6015512
2025-10-03 10:30:00-04:00,139.88999938964844,139.99000549316406,138.30999755859375,138.5500030517578,2878806
2025-10-03 11:30:00-04:00,139.32699584960938,140.1699981689453,138.52999877929688,139.9199981689453,2418577
2025-10-03 12:30:00-04:00,135.27999877929688,139.6999969482422,134.8000030517578,139.3699951171875,3286885
2025-10-03 13:30:00-04:00,134.7158966064453,135.79840087890625,130.8000030517578,135.0,4865644
2025-10-03 14:30:00-04:00,134.84800720214844,135.52999877929688,133.75999450683594,134.75,1747987
2025-10-03 15:30:00-04:00,134.77999877929688,135.39999389648438,134.4199981689453,134.8800048828125,1310956
2025-10-06 09:30:00-04:00,139.30999755859375,144.32919311523438,136.3000030517578,137.33999633789062,10341823
2025-10-06 10:30:00-04:00,138.1999969482422,139.55999755859375,136.5,139.2449951171875,4723720
2025-10-06 11:30:00-04:00,139.7519989013672,140.47000122070312,138.1300048828125,138.1300048828125,2500690
2025-10-06 12:30:00-04:00,139.5998992919922,140.32000732421875,138.4199981689453,139.69400024414062,1854866
2025-10-06 13:30:00-04:00,137.4199981689453,139.75,137.13499450683594,139.62930297851562,1667806
2025-10-06 14:30:00-04:00,136.26300048828125,137.57000732421875,135.30999755859375,137.40469360351562,2315427
2025-10-06 15:30:00-04:00,133.85000610351562,136.28990173339844,133.7801055908203,136.28990173339844,2214700
2025-10-07 09:30:00-04:00,137.0832061767578,138.5,134.1999969482422,136.15499877929688,5131497
2025-10-07 10:30:00-04:00,129.6199951171875,137.4127960205078,129.5,137.09500122070312,6508724
2025-10-07 11:30:00-04:00,128.19000244140625,130.0,126.36000061035156,129.68499755859375,6721475
2025-10-07 12:30:00-04:00,129.4250030517578,130.10000610351562,128.17019653320312,128.2100067138672,2843531
2025-10-07 13:30:00-04:00,129.50999450683594,130.1199951171875,128.8000030517578,129.3699951171875,1410197
2025-10-07 14:30:00-04:00,130.4550018310547,130.87989807128906,128.95689392089844,129.52999877929688,1671911
2025-10-07 15:30:00-04:00,128.7899932861328,130.72999572753906,128.64999389648438,130.41000366210938,1778111
2025-10-08 09:30:00-04:00,136.47000122070312,137.16000366210938,131.22999572753906,131.97999572753906,10337852
2025-10-08 10:30:00-04:00,133.60000610351562,136.5,132.1300048828125,136.40159606933594,3876679
2025-10-08 11:30:00-04:00,135.86000061035156,136.3000030517578,132.52000427246094,133.60000610351562,3004354
2025-10-08 12:30:00-04:00,139.94000244140625,140.5,135.6999969482422,135.86000061035156,6390723
2025-10-08 13:30:00-04:00,138.22000122070312,140.00999450683594,137.35000610351562,139.91000366210938,3018526
2025-10-08 14:30:00-04:00,139.6699981689453,140.1699981689453,137.34429931640625,138.25,2989552
2025-10-08 15:30:00-04:00,140.0,140.8000030517578,139.05999755859375,139.67999267578125,3260444
2025-10-09 09:30:00-04:00,139.55499267578125,141.7353057861328,137.22000122070312,139.3000030517578,6678315
2025-10-09 10:30:00-04:00,139.22999572753906,140.63499450683594,138.5800018310547,139.27000427246094,3167545
2025-10-09 11:30:00-04:00,140.0,140.4398956298828,138.81190490722656,139.0399932861328,1461037
2025-10-09 12:30:00-04:00,137.83999633789062,140.302001953125,137.83999633789062,140.24000549316406,2205888
2025-10-09 13:30:00-04:00,139.9250030517578,140.0,137.63499450683594,137.63499450683594,1675381
2025-10-09 14:30:00-04:00,142.22000122070312,142.22000122070312,139.80999755859375,140.1199951171875,4736310
2025-10-09 15:30:00-04:00,142.97000122070312,143.30499267578125,142.00010681152344,142.23500061035156,3014160
2025-10-10 09:30:00-04:00,148.98989868164062,152.64500427246094,147.74000549316406,148.6300048828125,15593585
2025-10-10 10:30:00-04:00,143.18499755859375,148.72000122070312,141.41709899902344,148.72000122070312,9868672
2025-10-10 11:30:00-04:00,145.00999450683594,145.5800018310547,139.5988006591797,141.09500122070312,6049575
2025-10-10 12:30:00-04:00,141.8000030517578,145.218994140625,138.7899932861328,145.00999450683594,3526669
2025-10-10 13:30:00-04:00,139.83999633789062,143.00999450683594,139.47000122070312,141.77000427246094,2395405
2025-10-10 14:30:00-04:00,138.73500061035156,140.4799041748047,138.4499969482422,139.8300018310547,2459649
2025-10-10 15:30:00-04:00,138.44000244140625,139.5,137.0399932861328,138.75,2437143
2025-10-13 09:30:00-04:00,142.5749969482422,144.0,136.00999450683594,141.5800018310547,8907008
2025-10-13 10:30:00-04:00,140.35000610351562,143.75,139.25,142.5850067138672,2648605
2025-10-13 11:30:00-04:00,139.60000610351562,141.44000244140625,138.9884033203125,140.3000030517578,1713712
2025-10-13 12:30:00-04:00,139.25999450683594,140.0,138.0399932861328,139.6699981689453,1771879
2025-10-13 13:30:00-04:00,139.9199981689453,140.60000610351562,139.22000122070312,139.27000427246094,1453007
2025-10-13 14:30:00-04:00,140.70010375976562,141.27000427246094,139.7100067138672,139.91000366210938,1527371
2025-10-13 15:30:00-04:00,141.5500030517578,141.66000366210938,140.72999572753906,140.72999572753906,1601110
2025-10-14 09:30:00-04:00,135.14999389648438,139.2489013671875,130.3000030517578,137.9600067138672,10853749
2025-10-14 10:30:00-04:00,134.4550018310547,135.36000061035156,132.89100646972656,135.1699981689453,3271846
2025-10-14 11:30:00-04:00,136.89120483398438,137.1999969482422,134.08999633789062,134.4467010498047,2568391
2025-10-14 12:30:00-04:00,137.8000030517578,139.39999389648438,136.4228057861328,136.875,2362201
2025-10-14 13:30:00-04:00,136.7698974609375,137.6999969482422,135.52999877929688,137.6999969482422,1792353
2025-10-14 14:30:00-04:00,136.67999267578125,137.0,135.60000610351562,136.6999969482422,1702287
2025-10-14 15:30:00-04:00,134.13999938964844,136.8188934326172,133.1199951171875,136.7100067138672,2278462
2025-10-15 09:30:00-04:00,140.91000366210938,141.3000030517578,136.39999389648438,139.6199951171875,6896082
2025-10-15 10:30:00-04:00,137.97999572753906,141.47999572753906,137.7899932861328,140.89999389648438,3029378
2025-10-15 11:30:00-04:00,137.71499633789062,137.96029663085938,135.5,137.92999267578125,3025458
2025-10-15 12:30:00-04:00,136.16000366210938,138.19000244140625,134.4199981689453,137.71499633789062,2312394
2025-10-15 13:30:00-04:00,137.52999877929688,138.55999755859375,136.2100067138672,136.22000122070312,1465699
2025-10-15 14:30:00-04:00,139.49000549316406,139.64999389648438,137.50999450683594,137.52499389648438,1486413
2025-10-15 15:30:00-04:00,139.1999969482422,139.5399932861328,138.46009826660156,139.47000122070312,1672748
2025-10-16 09:30:00-04:00,141.94000244140625,142.8800048828125,138.5800018310547,141.2899932861328,4893656
2025-10-16 10:30:00-04:00,144.4199981689453,146.60000610351562,141.75010681152344,141.94000244140625,7481126
2025-10-16 11:30:00-04:00,139.9949951171875,146.00999450683594,139.36000061035156,144.36000061035156,4211640
2025-10-16 12:30:00-04:00,148.13999938964844,150.39999389648438,137.80999755859375,140.0,8658216
2025-10-16 13:30:00-04:00,141.4250030517578,148.3300018310547,141.1300048828125,148.10000610351562,4277585
2025-10-16 14:30:00-04:00,141.47999572753906,143.57000732421875,140.5,141.49989318847656,2816525
2025-10-16 15:30:00-04:00,141.75,142.0,140.86000061035156,141.5500030517578,1623049
2025-10-17 09:30:00-04:00,133.6999969482422,137.5998992919922,132.7100067138672,137.36500549316406,9581696
2025-10-17 10:30:00-04:00,130.55999755859375,133.77999877929688,129.0500030517578,133.74000549316406,6221652
2025-10-17 11:30:00-04:00,134.8350067138672,135.22999572753906,130.10000610351562,130.58999633789062,3720191
2025-10-17 12:30:00-04:00,133.70249938964844,135.13999938964844,133.02999877929688,135.02999877929688,1697740
2025-10-17 13:30:00-04:00,135.9499969482422,136.5998992919922,133.6300048828125,133.72999572753906,1686002
2025-10-17 14:30:00-04:00,136.125,136.52999877929688,135.35000610351562,135.97999572753906,1741095
2025-10-17 15:30:00-04:00,136.88999938964844,137.0489959716797,135.4199981689453,136.14950561523438,2302381
2025-10-20 09:30:00-04:00,131.91000366210938,138.30499267578125,130.75,137.9499969482422,6675479
2025-10-20 10:30:00-04:00,131.5500030517578,132.5,130.5,131.92999267578125,3370944
2025-10-20 11:30:00-04:00,129.99609375,131.75,129.89010620117188,131.6199951171875,2803976
2025-10-20 12:30:00-04:00,129.97779846191406,130.33059692382812,127.6500015258789,129.95730590820312,3834433
2025-10-20 13:30:00-04:00,127.37200164794922,130.2799072265625,127.19999694824219,129.97500610351562,2302301
2025-10-20 14:30:00-04:00,127.13999938964844,128.55999755859375,126.70999908447266,127.41000366210938,3178356
2025-10-20 15:30:00-04:00,127.11000061035156,128.14869689941406,127.01000213623047,127.16999816894531,2140429
2025-10-21 09:30:00-04:00,123.91500091552734,124.87000274658203,119.30999755859375,123.90499877929688,9913172
2025-10-21 10:30:00-04:00,125.05000305175781,125.5,122.66000366210938,123.90499877929688,2904847
2025-10-21 11:30:00-04:00,125.75,126.25,124.5199966430664,125.04000091552734,2527789
2025-10-21 12:30:00-04:00,124.15390014648438,125.80000305175781,123.80000305175781,125.77999877929688,1759015
2025-10-21 13:30:00-04:00,123.16000366210938,124.29000091552734,122.80010223388672,124.13999938964844,2210090
2025-10-21 14:30:00-04:00,123.22440338134766,123.54000091552734,122.80000305175781,123.13999938964844,1474121
2025-10-21 15:30:00-04:00,125.02999877929688,125.16000366210938,123.05000305175781,123.25499725341797,1570400
2025-10-22 09:30:00-04:00,118.54000091552734,124.56999969482422,118.29000091552734,123.5999984741211,4942918
2025-10-22 10:30:00-04:00,115.43499755859375,119.19999694824219,115.30000305175781,118.55000305175781,5827287
2025-10-22 11:30:00-04:00,115.4800033569336,116.94000244140625,115.1500015258789,115.45999908447266,2947274
2025-10-22 12:30:00-04:00,115.44000244140625,115.85590362548828,114.16999816894531,115.48999786376953,2497411
2025-10-22 13:30:00-04:00,117.62000274658203,117.70999908447266,114.86000061035156,115.30000305175781,2056054
2025-10-22 14:30:00-04:00,120.88500213623047,121.1698989868164,117.20999908447266,117.63999938964844,3284529
2025-10-22 15:30:00-04:00,121.5199966430664,122.42990112304688,120.72000122070312,120.86499786376953,2672071
2025-10-23 09:30:00-04:00,121.88999938964844,123.19999694824219,118.2699966430664,120.05000305175781,4127755
2025-10-23 10:30:00-04:00,122.26000213623047,123.13999938964844,121.22000122070312,121.80599975585938,2183322
2025-10-23 11:30:00-04:00,121.87000274658203,122.87999725341797,120.8499984741211,122.30269622802734,1581659
2025-10-23 12:30:00-04:00,122.77999877929688,123.05000305175781,121.30999755859375,121.81999969482422,1075230
2025-10-23 13:30:00-04:00,124.0999984741211,124.2300033569336,122.75180053710938,122.82869720458984,1334379
2025-10-23 14:30:00-04:00,123.90499877929688,124.9000015258789,123.18000030517578,124.1500015258789,1470833
2025-10-23 15:30:00-04:00,123.33999633789062,124.12000274658203,123.02999877929688,123.94999694824219,1164740
2025-10-24 09:30:00-04:00,130.39999389648438,131.4499969482422,125.98999786376953,127.0999984741211,7419180
2025-10-24 10:30:00-04:00,131.0800018310547,131.49000549316406,129.50010681152344,130.27000427246094,2812187
2025-10-24 11:30:00-04:00,131.53250122070312,131.8249969482422,129.85000610351562,131.10000610351562,1886509
2025-10-24 12:30:00-04:00,131.57000732421875,132.30999755859375,131.25,131.547607421875,1697645
2025-10-24 13:30:00-04:00,132.64999389648438,132.77999877929688,131.39999389648438,131.69000244140625,1460607
2025-10-24 14:30:00-04:00,132.60000610351562,133.0399932861328,131.4499969482422,132.72000122070312,1701173
2025-10-24 15:30:00-04:00,132.5800018310547,133.0500030517578,132.17999267578125,132.60000610351562,2382245
2025-10-27 09:30:00-04:00,134.8300018310547,136.92999267578125,133.56500244140625,135.57000732421875,4685369
2025-10-27 10:30:00-04:00,133.9499969482422,134.88999938964844,132.60000610351562,134.7906036376953,1738314
2025-10-27 11:30:00-04:00,134.4739990234375,134.47999572753906,133.2801055908203,133.9499969482422,1091938
2025-10-27 12:30:00-04:00,135.31500244140625,135.39999389648438,133.91000366210938,134.47889709472656,1324252
2025-10-27 13:30:00-04:00,135.13999938964844,135.75,134.4600067138672,135.2899932861328,1057784
2025-10-27 14:30:00-04:00,135.63499450683594,135.63499450683594,134.8699951171875,135.19000244140625,1031596
2025-10-27 15:30:00-04:00,136.0050048828125,136.3000030517578,135.02000427246094,135.61000061035156,1925524
2025-10-28 09:30:00-04:00,137.25,138.16000366210938,135.6999969482422,136.90249633789062,4118693
2025-10-28 10:30:00-04:00,139.5500030517578,140.10000610351562,135.8800048828125,137.25,4407789
2025-10-28 11:30:00-04:00,139.94000244140625,140.25999450683594,138.11000061035156,139.5500030517578,2582205
2025-10-28 12:30:00-04:00,137.6999969482422,140.71499633789062,136.70010375976562,139.94000244140625,2800653
2025-10-28 13:30:00-04:00,138.57000732421875,141.75999450683594,137.63499450683594,137.71499633789062,3217052
2025-10-28 14:30:00-04:00,136.3560028076172,138.89999389648438,136.1699981689453,138.55999755859375,2716802
2025-10-28 15:30:00-04:00,134.7100067138672,136.39500427246094,134.5500030517578,136.36000061035156,2178537
2025-10-29 09:30:00-04:00,136.8000030517578,137.75,135.02000427246094,137.5500030517578,3660794
2025-10-29 10:30:00-04:00,137.85499572753906,138.7799072265625,136.41180419921875,136.77999877929688,2392225
2025-10-29 11:30:00-04:00,136.75,138.35000610351562,136.32000732421875,137.85499572753906,1450047
2025-10-29 12:30:00-04:00,136.79989624023438,137.5500030517578,136.47999572753906,136.88999938964844,829728
2025-10-29 13:30:00-04:00,136.5800018310547,138.1699981689453,136.0500030517578,136.69500732421875,1591309
2025-10-29 14:30:00-04:00,139.55999755859375,140.29989624023438,134.1199951171875,136.61000061035156,4491541
2025-10-29 15:30:00-04:00,139.94000244140625,140.32000732421875,139.15020751953125,139.55999755859375,2722074
2025-10-30 09:30:00-04:00,134.9801025390625,137.1699981689453,132.14999389648438,135.44000244140625,3655605
2025-10-30 10:30:00-04:00,132.95799255371094,135.3800048828125,130.7449951171875,134.9801025390625,2723101
2025-10-30 11:30:00-04:00,132.69000244140625,133.2100067138672,130.41000366210938,132.9114990234375,1716195
2025-10-30 12:30:00-04:00,135.1649932861328,135.56300354003906,132.55999755859375,132.7100067138672,1474211
2025-10-30 13:30:00-04:00,134.91000366210938,135.9600067138672,134.35000610351562,135.02999877929688,1002526
2025-10-30 14:30:00-04:00,133.1300048828125,135.27999877929688,132.5,134.9427032470703,1036038
2025-10-30 15:30:00-04:00,131.02000427246094,133.19000244140625,131.00999450683594,133.13999938964844,1390977
2025-10-31 09:30:00-04:00,134.0,135.00999450683594,132.5500030517578,133.52000427246094,2287559
2025-10-31 10:30:00-04:00,137.0449981689453,138.36000061035156,133.61000061035156,133.94000244140625,2610166
2025-10-31 11:30:00-04:00,134.13999938964844,137.9199981689453,133.11599731445312,137.0500030517578,1761978
2025-10-31 12:30:00-04:00,133.55999755859375,134.89999389648438,132.3000030517578,134.22000122070312,1050877
2025-10-31 13:30:00-04:00,134.72999572753906,135.47000122070312,133.39999389648438,133.52999877929688,732432
2025-10-31 14:30:00-04:00,136.1999969482422,136.2899932861328,134.51010131835938,134.6699981689453,963215
2025-10-31 15:30:00-04:00,133.74000549316406,136.3300018310547,133.39999389648438,136.1999969482422,1248635
2025-11-03 09:30:00-05:00,127.63999938964844,133.72000122070312,127.31999969482422,133.72000122070312,3901331
2025-11-03 10:30:00-05:00,127.50270080566406,128.5,126.80000305175781,127.66000366210938,1572311
2025-11-03 11:30:00-05:00,127.38999938964844,129.2154998779297,127.02999877929688,127.55000305175781,1167429
2025-11-03 12:30:00-05:00,127.06999969482422,127.87999725341797,126.9000015258789,127.36000061035156,813556
2025-11-03 13:30:00-05:00,126.88500213623047,127.63990020751953,126.43000030517578,127.04669952392578,753644
2025-11-03 14:30:00-05:00,126.94999694824219,127.53700256347656,126.68000030517578,126.91999816894531,574990
2025-11-03 15:30:00-05:00,126.2699966430664,126.91999816894531,125.87999725341797,126.91999816894531,839779
2025-11-04 09:30:00-05:00,121.33000183105469,123.23999786376953,118.43000030517578,119.95999908447266,4195181
2025-11-04 10:30:00-05:00,118.72000122070312,121.5199966430664,118.02999877929688,121.33999633789062,1907578
2025-11-04 11:30:00-05:00,117.0,119.20999908447266,116.19999694824219,118.75,1718298
2025-11-04 12:30:00-05:00,115.7300033569336,117.19999694824219,115.13999938964844,116.99500274658203,1466404
2025-11-04 13:30:00-05:00,116.44000244140625,117.13999938964844,115.38999938964844,115.7300033569336,1142389
2025-11-04 14:30:00-05:00,116.73999786376953,116.79000091552734,115.19999694824219,116.42220306396484,1096251
2025-11-04 15:30:00-05:00,115.76000213623047,117.06999969482422,115.72000122070312,116.72000122070312,5644905
2025-11-05 09:30:00-05:00,114.44999694824219,118.48999786376953,113.75,118.41999816894531,3399964
2025-11-05 10:30:00-05:00,113.16000366210938,115.69000244140625,112.60009765625,114.4749984741211,1829882
2025-11-05 11:30:00-05:00,112.50499725341797,113.87999725341797,112.4000015258789,113.19000244140625,1393992
2025-11-05 12:30:00-05:00,112.87830352783203,113.12000274658203,112.17009735107422,112.51000213623047,1128695
2025-11-05 13:30:00-05:00,113.92759704589844,114.38800048828125,112.37000274658203,112.80999755859375,1168488
2025-11-05 14:30:00-05:00,112.73999786376953,114.37989807128906,112.5801010131836,113.94999694824219,1061659
2025-11-05 15:30:00-05:00,114.41000366210938,114.94930267333984,112.44000244140625,112.7300033569336,1442889
2025-11-06 09:30:00-05:00,107.80500030517578,116.44000244140625,107.5,115.94000244140625,5350283
2025-11-06 10:30:00-05:00,105.5,108.29989624023438,105.13999938964844,107.87000274658203,3659037
2025-11-06 11:30:00-05:00,106.80599975585938,106.97000122070312,104.0999984741211,105.44999694824219,2526373
2025-11-06 12:30:00-05:00,107.7300033569336,108.33000183105469,106.39990234375,106.80999755859375,1856175
2025-11-06 13:30:00-05:00,109.68000030517578,110.17500305175781,107.2300033569336,107.69499969482422,1579077
2025-11-06 14:30:00-05:00,106.44999694824219,109.80999755859375,106.36499786376953,109.66500091552734,1227364
2025-11-06 15:30:00-05:00,106.9800033569336,107.48999786376953,105.04000091552734,106.41010284423828,8120764
2025-11-07 09:30:00-05:00,102.48999786376953,104.05989837646484,100.18000030517578,103.01499938964844,5568223
2025-11-07 10:30:00-05:00,100.94000244140625,102.69000244140625,100.0199966430664,102.5,2224988
2025-11-07 11:30:00-05:00,103.58799743652344,104.19879913330078,100.45999908447266,100.9800033569336,2317557
2025-11-07 12:30:00-05:00,103.6729965209961,104.45999908447266,101.77999877929688,103.58799743652344,2103485
2025-11-07 13:30:00-05:00,103.27999877929688,103.73999786376953,101.75,103.73999786376953,1650831
2025-11-07 14:30:00-05:00,103.37999725341797,105.34980010986328,103.0,103.26000213623047,2140246
2025-11-07 15:30:00-05:00,104.0386962890625,104.63999938964844,103.31999969482422,103.43499755859375,2113252
2025-11-10 09:30:00-05:00,106.81999969482422,110.30000305175781,106.37999725341797,110.30000305175781,6095898
2025-11-10 10:30:00-05:00,103.7699966430664,107.44000244140625,102.77999877929688,106.82499694824219,3100151
2025-11-10 11:30:00-05:00,106.33000183105469,106.37999725341797,103.56729888916016,103.79000091552734,2232833
2025-11-10 12:30:00-05:00,105.2426986694336,106.72000122070312,105.13099670410156,106.3499984741211,1639601
2025-11-10 13:30:00-05:00,104.7699966430664,105.86000061035156,103.5999984741211,105.25,1888021
2025-11-10 14:30:00-05:00,104.63999938964844,105.69000244140625,103.66999816894531,104.73500061035156,2988018
2025-11-10 15:30:00-05:00,105.71499633789062,105.94000244140625,103.67949676513672,104.62999725341797,3601407
2025-11-11 09:30:00-05:00,90.33509826660156,98.0,89.69999694824219,96.0999984741211,21005102
2025-11-11 10:30:00-05:00,91.22039794921875,92.00990295410156,89.80000305175781,90.36990356445312,8046782
2025-11-11 11:30:00-05:00,90.91000366210938,92.75,90.5615005493164,91.2300033569336,4522956
2025-11-11 12:30:00-05:00,90.25,91.44000244140625,89.5801010131836,90.90640258789062,4335815
2025-11-11 13:30:00-05:00,89.13500213623047,90.58000183105469,89.12000274658203,90.23999786376953,4790888
2025-11-11 14:30:00-05:00,88.94999694824219,89.80989837646484,88.19999694824219,89.12000274658203,6382985
2025-11-11 15:30:00-05:00,88.38999938964844,89.33999633789062,88.0,88.94000244140625,4162424
2025-11-12 09:30:00-05:00,89.32929992675781,92.44999694824219,88.31999969482422,91.73999786376953,9625608
2025-11-12 10:30:00-05:00,88.79000091552734,89.42859649658203,86.77999877929688,89.26000213623047,4780326
2025-11-12 11:30:00-05:00,87.11499786376953,89.47989654541016,87.04000091552734,88.77749633789062,2581976
2025-11-12 12:30:00-05:00,87.04499816894531,88.01000213623047,86.8949966430664,87.11750030517578,2182868
2025-11-12 13:30:00-05:00,85.83000183105469,87.16999816894531,85.7300033569336,87.05999755859375,2738640
2025-11-12 14:30:00-05:00,86.26899719238281,86.66999816894531,85.6449966430664,85.83999633789062,2304347
2025-11-12 15:30:00-05:00,85.43000030517578,86.25,85.31999969482422,86.25,2808457
2025-11-13 09:30:00-05:00,80.25,85.0,79.20999908447266,84.38500213623047,11909966
2025-11-13 10:30:00-05:00,80.5,81.34049987792969,79.30999755859375,80.25,3630492
2025-11-13 11:30:00-05:00,80.2416000366211,80.9000015258789,78.94999694824219,80.54000091552734,3090890
2025-11-13 12:30:00-05:00,78.23500061035156,80.47000122070312,78.05280303955078,80.23999786376953,2300694
2025-11-13 13:30:00-05:00,78.5,78.75800323486328,77.25,78.22000122070312,3837950
2025-11-13 14:30:00-05:00,78.00990295410156,78.54000091552734,77.31999969482422,78.51499938964844,2565799
2025-11-13 15:30:00-05:00,78.3499984741211,78.79039764404297,77.88999938964844,78.0,12652535
2025-11-14 09:30:00-05:00,75.51000213623047,77.5999984741211,73.47000122070312,75.84500122070312,22906973
2025-11-14 10:30:00-05:00,79.40499877929688,79.7699966430664,75.44000244140625,75.4800033569336,5619382
2025-11-14 11:30:00-05:00,79.04000091552734,80.19999694824219,78.4000015258789,79.44000244140625,3061122
2025-11-14 12:30:00-05:00,77.75,79.33000183105469,77.30000305175781,79.01000213623047,2586437
2025-11-14 13:30:00-05:00,78.25,79.0199966430664,77.0,77.70999908447266,2375402
2025-11-14 14:30:00-05:00,78.21499633789062,79.08999633789062,77.63999938964844,78.30000305175781,1744991
2025-11-14 15:30:00-05:00,77.31999969482422,78.20500183105469,77.02999877929688,78.20500183105469,2001444
2025-11-17 09:30:00-05:00,76.52999877929688,78.46199798583984,74.2699966430664,75.51000213623047,5597165
2025-11-17 10:30:00-05:00,76.45500183105469,76.72679901123047,74.94999694824219,76.52999877929688,1986688
2025-11-17 11:30:00-05:00,75.69499969482422,76.8499984741211,75.05000305175781,76.43000030517578,1945298
2025-11-17 12:30:00-05:00,74.36209869384766,75.70999908447266,74.13009643554688,75.70999908447266,1799566
2025-11-17 13:30:00-05:00,73.02999877929688,74.5000991821289,72.62000274658203,74.33039855957031,2492064
2025-11-17 14:30:00-05:00,74.12640380859375,74.4000015258789,72.55000305175781,73.00800323486328,2360465
2025-11-17 15:30:00-05:00,75.30999755859375,75.4000015258789,73.55000305175781,74.1500015258789,2343740
2025-11-18 09:30:00-05:00,73.0999984741211,75.0,70.47100067138672,74.41000366210938,7513375
2025-11-18 10:30:00-05:00,75.5999984741211,75.6895980834961,72.12000274658203,73.0999984741211,3628718
2025-11-18 11:30:00-05:00,74.72000122070312,76.66000366210938,74.41000366210938,75.61000061035156,3334692
2025-11-18 12:30:00-05:00,76.47000122070312,77.72000122070312,74.51429748535156,74.72000122070312,3411701
2025-11-18 13:30:00-05:00,76.83999633789062,77.48989868164062,76.02079772949219,76.48999786376953,1784980
2025-11-18 14:30:00-05:00,75.9800033569336,77.87989807128906,75.5999984741211,76.83999633789062,1891431
2025-11-18 15:30:00-05:00,74.86499786376953,76.12999725341797,74.83999633789062,75.98200225830078,1772609
2025-11-19 09:30:00-05:00,75.81999969482422,77.37000274658203,74.75,74.86499786376953,5274291
2025-11-19 10:30:00-05:00,74.49500274658203,76.7300033569336,73.91999816894531,75.83000183105469,2725513
2025-11-19 11:30:00-05:00,73.62999725341797,74.65499877929688,73.30999755859375,74.48500061035156,1642650
2025-11-19 12:30:00-05:00,73.12999725341797,74.11000061035156,72.87999725341797,73.61000061035156,1727656
2025-11-19 13:30:00-05:00,74.17900085449219,74.5199966430664,73.08000183105469,73.12999725341797,1005371
2025-11-19 14:30:00-05:00,74.93000030517578,75.33999633789062,73.72000122070312,74.16500091552734,1442511
2025-11-19 15:30:00-05:00,74.91000366210938,75.7699966430664,74.41000366210938,74.91000366210938,2133466
2025-11-20 09:30:00-05:00,80.5198974609375,83.48999786376953,78.9446029663086,82.5999984741211,9659984
2025-11-20 10:30:00-05:00,77.08000183105469,80.75,76.44999694824219,80.4800033569336,4545233
2025-11-20 11:30:00-05:00,73.94920349121094,77.41999816894531,73.16000366210938,77.08000183105469,4510700
2025-11-20 12:30:00-05:00,74.07279968261719,75.12999725341797,72.7300033569336,73.94999694824219,2685965
2025-11-20 13:30:00-05:00,73.08000183105469,74.25,72.41999816894531,74.07499694824219,1672451
2025-11-20 14:30:00-05:00,71.96269989013672,73.23999786376953,71.33000183105469,73.06999969482422,1822435
2025-11-20 15:30:00-05:00,69.16000366210938,71.95999908447266,68.95010375976562,71.93329620361328,3795918
2025-11-21 09:30:00-05:00,66.16000366210938,71.61000061035156,66.05999755859375,70.77999877929688,8862290
2025-11-21 10:30:00-05:00,68.45999908447266,68.45999908447266,65.30999755859375,66.16999816894531,4752762
2025-11-21 11:30:00-05:00,71.77999877929688,72.59929656982422,68.2699966430664,68.45999908447266,5159919
2025-11-21 12:30:00-05:00,70.53479766845703,71.87000274658203,69.94999694824219,71.80000305175781,2211980
2025-11-21 13:30:00-05:00,72.2699966430664,72.55999755859375,70.35649871826172,70.47000122070312,2629248
2025-11-21 14:30:00-05:00,71.76000213623047,72.8499984741211,70.98500061035156,72.2750015258789,2368693
2025-11-21 15:30:00-05:00,71.6500015258789,72.4800033569336,71.38999938964844,71.72000122070312,2237258
2025-11-24 09:30:00-05:00,72.6594009399414,74.08499908447266,70.83999633789062,72.94999694824219,4126560
2025-11-24 10:30:00-05:00,73.46990203857422,73.9000015258789,72.15499877929688,72.625,2158905
2025-11-24 11:30:00-05:00,73.3499984741211,74.20989990234375,73.0199966430664,73.4000015258789,1373563
2025-11-24 12:30:00-05:00,73.1500015258789,74.1500015258789,73.08000183105469,73.37999725341797,1297584
2025-11-24 13:30:00-05:00,73.25,73.38999938964844,72.77999877929688,73.1500015258789,1175022
2025-11-24 14:30:00-05:00,73.25,73.87999725341797,73.02999877929688,73.29000091552734,1481613
2025-11-24 15:30:00-05:00,73.58000183105469,74.0199966430664,73.05999755859375,73.25,1697996
2025-11-25 09:30:00-05:00,67.62000274658203,71.0999984741211,66.0,71.04000091552734,7959801
2025-11-25 10:30:00-05:00,70.86499786376953,71.76000213623047,67.58000183105469,67.5999984741211,3649648
2025-11-25 11:30:00-05:00,71.70999908447266,71.86000061035156,70.41000366210938,70.8499984741211,1866386
2025-11-25 12:30:00-05:00,71.70989990234375,72.23999786376953,71.5,71.72000122070312,1322236
2025-11-25 13:30:00-05:00,70.30989837646484,71.70999908447266,70.13999938964844,71.70999908447266,1522139
2025-11-25 14:30:00-05:00,71.44499969482422,71.5999984741211,70.04000091552734,70.29000091552734,1585787
2025-11-25 15:30:00-05:00,71.27999877929688,71.55010223388672,70.69999694824219,71.40499877929688,1694933
2025-11-26 09:30:00-05:00,73.6532974243164,76.59989929199219,73.08000183105469,74.7300033569336,6413849
2025-11-26 10:30:00-05:00,75.08999633789062,75.44000244140625,73.33000183105469,73.6500015258789,2196655
2025-11-26 11:30:00-05:00,73.69499969482422,75.79000091552734,72.8499984741211,75.12000274658203,2826034
2025-11-26 12:30:00-05:00,74.5000991821289,74.98999786376953,73.51000213623047,73.71009826660156,1829280
2025-11-26 13:30:00-05:00,74.30999755859375,74.74909973144531,73.86000061035156,74.49199676513672,1490112
2025-11-26 14:30:00-05:00,75.00499725341797,75.33999633789062,74.02999877929688,74.30999755859375,1866004
2025-11-26 15:30:00-05:00,74.25,75.0,74.25,75.0,1809330
2025-11-28 09:30:00-05:00,74.38009643554688,75.62259674072266,73.22010040283203,75.5999984741211,3777761
2025-11-28 10:30:00-05:00,73.97000122070312,75.19999694824219,73.5199966430664,74.41500091552734,2293571
2025-11-28 11:30:00-05:00,73.28500366210938,74.29000091552734,72.9800033569336,73.95500183105469,1613629
2025-12-01 09:30:00-05:00,73.20500183105469,74.0374984741211,69.32009887695312,71.0,5123887
2025-12-01 10:30:00-05:00,74.44999694824219,74.54000091552734,72.37000274658203,73.11000061035156,2187588
2025-12-01 11:30:00-05:00,75.58999633789062,75.88999938964844,74.44999694824219,74.5199966430664,2491617
2025-12-01 12:30:00-05:00,76.05999755859375,76.63999938964844,75.48999786376953,75.5999984741211,1797741
2025-12-01 13:30:00-05:00,75.47750091552734,76.44000244140625,75.4000015258789,76.08999633789062,1696555
2025-12-01 14:30:00-05:00,76.79000091552734,77.25,75.37000274658203,75.43000030517578,1769039
2025-12-01 15:30:00-05:00,77.04000091552734,77.38999938964844,76.66000366210938,76.79000091552734,1830722
2025-12-02 09:30:00-05:00,81.28500366210938,82.83999633789062,77.20999908447266,77.5199966430664,7075972
2025-12-02 10:30:00-05:00,78.50779724121094,81.55000305175781,78.27999877929688,81.26000213623047,3280532
2025-12-02 11:30:00-05:00,78.95989990234375,79.44999694824219,77.80000305175781,78.48999786376953,2049381
2025-12-02 12:30:00-05:00,77.9000015258789,79.19999694824219,77.58999633789062,78.94999694824219,1447057
2025-12-02 13:30:00-05:00,77.76000213623047,78.14990234375,77.1875,77.86000061035156,1333233
2025-12-02 14:30:00-05:00,77.55999755859375,78.38999938964844,77.43000030517578,77.81999969482422,1310790
2025-12-02 15:30:00-05:00,76.0199966430664,77.81999969482422,75.95999908447266,77.55000305175781,1720107
2025-12-03 09:30:00-05:00,75.24009704589844,75.93000030517578,73.37940216064453,75.54000091552734,4672646
2025-12-03 10:30:00-05:00,76.45269775390625,76.52999877929688,74.94000244140625,75.30000305175781,1744352
2025-12-03 11:30:00-05:00,76.63999938964844,77.0,75.41000366210938,76.44999694824219,1208954
2025-12-03 12:30:00-05:00,77.19000244140625,78.30000305175781,76.3499984741211,76.63999938964844,1431665
2025-12-03 13:30:00-05:00,77.47000122070312,77.94999694824219,76.87999725341797,77.19999694824219,1085016
2025-12-03 14:30:00-05:00,78.48690032958984,78.58999633789062,77.4000015258789,77.44999694824219,1084726
2025-12-03 15:30:00-05:00,79.36000061035156,79.62999725341797,78.3499984741211,78.45500183105469,1649628
2025-12-04 09:30:00-05:00,81.75,82.47000122070312,77.86000061035156,79.5199966430664,4911197
2025-12-04 10:30:00-05:00,84.13999938964844,84.22599792480469,81.66000366210938,81.75,3782554
2025-12-04 11:30:00-05:00,85.47000122070312,85.58000183105469,83.61000061035156,84.1500015258789,3034843
2025-12-04 12:30:00-05:00,86.34950256347656,86.95999908447266,84.80000305175781,85.5,2372447
2025-12-04 13:30:00-05:00,86.22000122070312,86.80000305175781,84.9800033569336,86.3550033569336,2050194
2025-12-04 14:30:00-05:00,87.29499816894531,88.375,85.93219757080078,86.18000030517578,2924001
2025-12-04 15:30:00-05:00,85.69999694824219,87.45999908447266,85.5999984741211,87.29499816894531,2241640
2025-12-05 09:30:00-05:00,88.25499725341797,88.38999938964844,84.62000274658203,86.93000030517578,5471537
2025-12-05 10:30:00-05:00,86.9302978515625,88.45999908447266,85.83000183105469,88.26499938964844,2248024
2025-12-05 11:30:00-05:00,86.63400268554688,87.22000122070312,85.9000015258789,86.9000015258789,1175447
2025-12-05 12:30:00-05:00,87.8550033569336,88.02999877929688,86.427001953125,86.70999908447266,1229712
2025-12-05 13:30:00-05:00,88.05999755859375,88.55000305175781,87.05000305175781,87.8582992553711,1599912
2025-12-05 14:30:00-05:00,88.3646011352539,88.76000213623047,87.7300033569336,88.06999969482422,1169608
2025-12-05 15:30:00-05:00,88.23999786376953,88.75,87.82499694824219,88.36000061035156,1376648
2025-12-08 09:30:00-05:00,82.06999969482422,85.1500015258789,81.8499984741211,83.6500015258789,9538077
2025-12-08 10:30:00-05:00,82.11000061035156,82.48999786376953,80.1449966430664,82.05999755859375,4225759
2025-12-08 11:30:00-05:00,82.69830322265625,83.5,81.94999694824219,82.0999984741211,2426134
2025-12-08 12:30:00-05:00,83.60440063476562,85.2698974609375,82.63999938964844,82.69999694824219,2561173
2025-12-08 13:30:00-05:00,84.80500030517578,84.87000274658203,82.95999908447266,83.61000061035156,1631608
2025-12-08 14:30:00-05:00,85.45989990234375,85.45989990234375,84.05999755859375,84.78759765625,1940151
2025-12-08 15:30:00-05:00,86.18199920654297,87.0,85.37000274658203,85.44999694824219,4136990
2025-12-09 09:30:00-05:00,86.98999786376953,87.23999786376953,83.7699966430664,86.23999786376953,5242907
2025-12-09 10:30:00-05:00,88.78849792480469,90.0999984741211,86.56999969482422,86.98999786376953,5760756
2025-12-09 11:30:00-05:00,89.6707992553711,89.9000015258789,88.58599853515625,88.78500366210938,2855927
2025-12-09 12:30:00-05:00,90.63999938964844,91.02999877929688,88.05000305175781,89.6707992553711,2654681
2025-12-09 13:30:00-05:00,90.6449966430664,91.12999725341797,89.86000061035156,90.63999938964844,2224717
2025-12-09 14:30:00-05:00,90.69999694824219,91.1500015258789,90.25,90.6449966430664,1684181
2025-12-09 15:30:00-05:00,90.66000366210938,91.22000122070312,86.23999786376953,90.69999694824219,1811589
2025-12-10 09:30:00-05:00,85.88500213623047,88.54000091552734,85.3499984741211,88.43499755859375,6088635
2025-12-10 10:30:00-05:00,87.28250122070312,87.81500244140625,85.44000244140625,85.86000061035156,2672283
2025-12-10 11:30:00-05:00,86.38999938964844,88.30999755859375,86.31500244140625,87.32679748535156,1720646
2025-12-10 12:30:00-05:00,87.53150177001953,88.16999816894531,86.18000030517578,86.39399719238281,1330085
2025-12-10 13:30:00-05:00,88.47560119628906,89.5,86.69999694824219,87.51000213623047,2150643
2025-12-10 14:30:00-05:00,88.61000061035156,89.78990173339844,87.73999786376953,88.48999786376953,2660225
2025-12-10 15:30:00-05:00,88.13999938964844,89.0999984741211,88.05999755859375,88.58000183105469,1525654
2025-12-11 09:30:00-05:00,83.72239685058594,84.37000274658203,81.0999984741211,83.01000213623047,7624328
2025-12-11 10:30:00-05:00,83.5,84.03990173339844,81.62000274658203,83.7300033569336,3067815
2025-12-11 11:30:00-05:00,85.69999694824219,86.12999725341797,83.12999725341797,83.51000213623047,2134693
2025-12-11 12:30:00-05:00,85.9800033569336,86.18000030517578,85.0999984741211,85.70140075683594,1265735
2025-12-11 13:30:00-05:00,87.66000366210938,87.78990173339844,85.33940124511719,85.97000122070312,1553198
2025-12-11 14:30:00-05:00,88.19499969482422,88.52999877929688,87.1500015258789,87.69999694824219,1954218
2025-12-11 15:30:00-05:00,87.3499984741211,88.45259857177734,87.16999816894531,88.19499969482422,1612061
2025-12-12 09:30:00-05:00,83.73999786376953,87.69989776611328,83.69000244140625,86.20500183105469,4277255
2025-12-12 10:30:00-05:00,78.893798828125,84.34500122070312,78.0999984741211,83.76000213623047,6641883
2025-12-12 11:30:00-05:00,78.45449829101562,80.33999633789062,77.66000366210938,78.87999725341797,4247898
2025-12-12 12:30:00-05:00,82.06999969482422,82.94000244140625,78.01000213623047,78.45500183105469,3427815
2025-12-12 13:30:00-05:00,79.73999786376953,82.31999969482422,79.55999755859375,82.06999969482422,9081470
2025-12-12 14:30:00-05:00,79.25,80.47989654541016,79.20500183105469,79.7300033569336,0
2025-12-12 15:30:00-05:00,78.55999755859375,79.3499984741211,78.375,79.25,2249080
2025-12-15 09:30:00-05:00,72.71499633789062,79.63999938964844,72.0199966430664,79.0,7630022
2025-12-15 10:30:00-05:00,74.73999786376953,75.33999633789062,72.23999786376953,72.71499633789062,3497485
2025-12-15 11:30:00-05:00,74.41000366210938,74.80000305175781,73.06999969482422,74.7699966430664,1752596
2025-12-15 12:30:00-05:00,74.0,74.53299713134766,73.5199966430664,74.37999725341797,1131080
2025-12-15 13:30:00-05:00,73.78119659423828,74.68000030517578,73.64099884033203,73.97000122070312,994686
2025-12-15 14:30:00-05:00,72.58000183105469,74.11000061035156,72.55999755859375,73.80999755859375,1384609
2025-12-15 15:30:00-05:00,72.36000061035156,73.04000091552734,72.12999725341797,72.58999633789062,1626272
2025-12-16 09:30:00-05:00,69.13999938964844,71.5,67.875,70.70999908447266,8319295
2025-12-16 10:30:00-05:00,69.67500305175781,70.19969940185547,68.78140258789062,69.12999725341797,3547506
2025-12-16 11:30:00-05:00,68.7300033569336,70.05000305175781,68.5199966430664,69.6500015258789,1966620
2025-12-16 12:30:00-05:00,68.1050033569336,69.06999969482422,67.93000030517578,68.69999694824219,2549054
2025-12-16 13:30:00-05:00,68.5,69.04989624023438,67.75,68.1050033569336,2500477
2025-12-16 14:30:00-05:00,68.5696029663086,68.68990325927734,68.05000305175781,68.45999908447266,1983129
2025-12-16 15:30:00-05:00,69.48999786376953,69.80500030517578,68.56500244140625,68.56500244140625,2360647
2025-12-17 09:30:00-05:00,67.12000274658203,69.98970031738281,65.93000030517578,69.55000305175781,8812428
2025-12-17 10:30:00-05:00,64.58999633789062,67.2699966430664,64.2300033569336,67.12000274658203,6384792
2025-12-17 11:30:00-05:00,65.6095962524414,66.29000091552734,63.79999923706055,64.5999984741211,4840472
2025-12-17 12:30:00-05:00,65.7699966430664,66.26000213623047,65.41819763183594,65.5999984741211,2702922
2025-12-17 13:30:00-05:00,65.11000061035156,66.02999877929688,65.05500030517578,65.75,2591135
2025-12-17 14:30:00-05:00,65.19000244140625,65.86000061035156,64.91500091552734,65.08999633789062,2685403
2025-12-17 15:30:00-05:00,64.55000305175781,65.31999969482422,64.30000305175781,65.19999694824219,2433063
2025-12-18 09:30:00-05:00,67.88909912109375,68.66000366210938,65.86609649658203,67.44499969482422,6270484
2025-12-18 10:30:00-05:00,67.01000213623047,68.94000244140625,66.95999908447266,67.91000366210938,2746475
2025-12-18 11:30:00-05:00,67.16999816894531,67.86000061035156,66.62999725341797,67.00499725341797,1621557
2025-12-18 12:30:00-05:00,68.00499725341797,68.33999633789062,66.75,67.1500015258789,1821573
2025-12-18 13:30:00-05:00,68.03009796142578,68.88999938964844,67.54000091552734,68.01000213623047,1966309
2025-12-18 14:30:00-05:00,67.91999816894531,68.25,67.12000274658203,68.01499938964844,1608706
2025-12-18 15:30:00-05:00,67.62000274658203,68.16999816894531,67.3290023803711,67.9000015258789,8206012
2025-12-19 09:30:00-05:00,78.91500091552734,78.9800033569336,70.7300033569336,70.87999725341797,12813664
2025-12-19 10:30:00-05:00,79.59649658203125,79.91000366210938,77.36000061035156,78.92500305175781,6410576
2025-12-19 11:30:00-05:00,80.71150207519531,81.6500015258789,79.55000305175781,79.59500122070312,5936085
2025-12-19 12:30:00-05:00,82.29399871826172,82.63990020751953,80.41999816894531,80.75,3719947
2025-12-19 13:30:00-05:00,83.41069793701172,83.5,81.8499984741211,82.30000305175781,4084336
2025-12-19 14:30:00-05:00,83.2750015258789,84.12999725341797,82.6500015258789,83.41999816894531,4990154
2025-12-19 15:30:00-05:00,82.9489974975586,84.26499938964844,82.76000213623047,83.26000213623047,4706392
2025-12-22 09:30:00-05:00,86.45999908447266,87.30999755859375,84.19000244140625,85.06500244140625,8071015
2025-12-22 10:30:00-05:00,85.9000015258789,86.9000015258789,85.5199966430664,86.5,2143320
2025-12-22 11:30:00-05:00,85.46990203857422,86.33000183105469,84.9000015258789,85.9000015258789,1591739
2025-12-22 12:30:00-05:00,85.02799987792969,85.58999633789062,84.66010284423828,85.5,1211063
2025-12-22 13:30:00-05:00,84.58999633789062,85.06999969482422,84.23999786376953,85.0,1070850
2025-12-22 14:30:00-05:00,84.69999694824219,85.16000366210938,84.41999816894531,84.58999633789062,1134055
2025-12-22 15:30:00-05:00,84.81999969482422,84.91999816894531,84.44999694824219,84.70999908447266,1555887
2025-12-23 09:30:00-05:00,80.8499984741211,83.69999694824219,78.69999694824219,83.5,6917199
2025-12-23 10:30:00-05:00,82.15010070800781,82.38990020751953,80.55000305175781,80.77999877929688,2490297
2025-12-23 11:30:00-05:00,82.04000091552734,82.41999816894531,81.66999816894531,82.19999694824219,1363143
2025-12-23 12:30:00-05:00,81.63999938964844,82.29000091552734,81.16000366210938,82.02999877929688,1152978
2025-12-23 13:30:00-05:00,80.8949966430664,81.7300033569336,80.83000183105469,81.63999938964844,976478
2025-12-23 14:30:00-05:00,80.18000030517578,81.12560272216797,80.12000274658203,80.87000274658203,1334522
2025-12-23 15:30:00-05:00,80.26000213623047,80.91000366210938,80.01000213623047,80.16000366210938,1323409
2025-12-24 09:30:00-05:00,79.37999725341797,80.94000244140625,78.72010040283203,80.0,3164540
2025-12-24 10:30:00-05:00,79.43000030517578,80.4000015258789,79.19999694824219,79.38179779052734,1708890
2025-12-24 11:30:00-05:00,79.1449966430664,79.66999816894531,78.72000122070312,79.43000030517578,1318657
2025-12-26 09:30:00-05:00,76.2249984741211,79.29000091552734,75.86000061035156,78.5,3791755
2025-12-26 10:30:00-05:00,76.67500305175781,76.87999725341797,75.7300033569336,76.19999694824219,1469055
2025-12-26 11:30:00-05:00,76.58000183105469,76.77989959716797,75.91999816894531,76.69960021972656,1041763
2025-12-26 12:30:00-05:00,77.05000305175781,77.3499984741211,76.44999694824219,76.58000183105469,1078576
2025-12-26 13:30:00-05:00,76.69999694824219,77.02989959716797,76.66000366210938,77.01599884033203,614423
2025-12-26 14:30:00-05:00,76.40499877929688,77.04000091552734,76.13140106201172,76.69619750976562,997037
2025-12-26 15:30:00-05:00,76.36000061035156,76.52999877929688,76.0999984741211,76.41999816894531,967408
2025-12-29 09:30:00-05:00,75.48269653320312,77.75,73.43000030517578,73.5,4515217
2025-12-29 10:30:00-05:00,75.91999816894531,76.33999633789062,75.0199966430664,75.4800033569336,1303208
2025-12-29 11:30:00-05:00,75.6500015258789,76.46990203857422,75.5,75.91999816894531,816852
2025-12-29 12:30:00-05:00,75.75,76.20500183105469,75.58000183105469,75.6500015258789,598705
2025-12-29 13:30:00-05:00,75.62799835205078,76.05999755859375,74.95999908447266,75.73999786376953,899118
2025-12-29 14:30:00-05:00,75.44999694824219,75.87999725341797,75.36000061035156,75.62000274658203,828389
2025-12-29 15:30:00-05:00,74.91000366210938,75.5199966430664,74.8499984741211,75.45999908447266,972249
2025-12-30 09:30:00-05:00,74.30000305175781,75.33000183105469,74.0,74.8499984741211,2515496
2025-12-30 10:30:00-05:00,75.6146011352539,75.86160278320312,74.08599853515625,74.27999877929688,1604665
2025-12-30 11:30:00-05:00,75.28500366210938,75.81999969482422,74.9800033569336,75.62010192871094,1095929
2025-12-30 12:30:00-05:00,75.4000015258789,75.6500015258789,75.01000213623047,75.28350067138672,889112
2025-12-30 13:30:00-05:00,74.9896011352539,75.4375,74.80000305175781,75.41000366210938,825141
2025-12-30 14:30:00-05:00,74.19999694824219,75.0199966430664,74.19999694824219,75.0,1043515
2025-12-30 15:30:00-05:00,73.93000030517578,74.44000244140625,73.6500015258789,74.19000244140625,1423800
2025-12-31 09:30:00-05:00,72.59010314941406,73.30000305175781,72.0199966430664,72.86000061035156,2806352
2025-12-31 10:30:00-05:00,72.37000274658203,73.37000274658203,72.23999786376953,72.62999725341797,1952551
2025-12-31 11:30:00-05:00,72.41500091552734,72.62999725341797,72.11000061035156,72.38919830322266,1244816
2025-12-31 12:30:00-05:00,72.50650024414062,72.73500061035156,72.05999755859375,72.41999816894531,1162236
2025-12-31 13:30:00-05:00,71.4000015258789,72.5199966430664,71.38999938964844,72.5,1459316
2025-12-31 14:30:00-05:00,70.66000366210938,71.48500061035156,70.58999633789062,71.43000030517578,1853520
2025-12-31 15:30:00-05:00,71.61000061035156,71.63999938964844,70.43000030517578,70.6615982055664,2030531
2026-01-02 09:30:00-05:00,76.16999816894531,76.63999938964844,73.19999694824219,74.5,4712050
2026-01-02 10:30:00-05:00,80.2300033569336,80.75,75.94999694824219,76.12999725341797,4313748
2026-01-02 11:30:00-05:00,80.76000213623047,81.12999725341797,79.94000244140625,80.19999694824219,3008664
2026-01-02 12:30:00-05:00,79.86499786376953,80.8499984741211,79.5999984741211,80.74520111083984,1738849
2026-01-02 13:30:00-05:00,80.5999984741211,80.70999908447266,79.58300018310547,79.8550033569336,1544842
2026-01-02 14:30:00-05:00,80.58000183105469,80.70249938964844,79.83999633789062,80.61000061035156,1093570
2026-01-02 15:30:00-05:00,79.30999755859375,80.66500091552734,79.27999877929688,80.63999938964844,1911439
2026-01-05 09:30:00-05:00,80.93499755859375,84.54000091552734,79.73500061035156,82.9000015258789,5392228
2026-01-05 10:30:00-05:00,80.31120300292969,81.58070373535156,80.0999984741211,80.9260025024414,2201008
2026-01-05 11:30:00-05:00,79.11000061035156,80.45610046386719,78.86000061035156,80.33580017089844,2352146
2026-01-05 12:30:00-05:00,77.83999633789062,79.4000015258789,77.3499984741211,79.08499908447266,2289312
2026-01-05 13:30:00-05:00,78.24500274658203,78.91999816894531,77.26000213623047,77.85030364990234,1702421
2026-01-05 14:30:00-05:00,78.0999984741211,79.0,77.83000183105469,78.19999694824219,1310483
2026-01-05 15:30:00-05:00,76.86000061035156,78.0719985961914,76.7699966430664,78.06999969482422,2036739
2026-01-06 09:30:00-05:00,77.88999938964844,78.80000305175781,75.35199737548828,78.51000213623047,5211805
2026-01-06 10:30:00-05:00,75.56390380859375,78.19999694824219,75.18000030517578,77.81999969482422,2023827
2026-01-06 11:30:00-05:00,74.99420166015625,75.58999633789062,73.87999725341797,75.54499816894531,3208850
2026-01-06 12:30:00-05:00,74.68000030517578,75.75,74.30000305175781,74.98999786376953,1575146
2026-01-06 13:30:00-05:00,76.03070068359375,76.56999969482422,74.68000030517578,74.73999786376953,1243848
2026-01-06 14:30:00-05:00,77.69000244140625,77.91999816894531,76.2699966430664,76.43000030517578,1806927
2026-01-06 15:30:00-05:00,77.91000366210938,78.19999694824219,77.18000030517578,77.67489624023438,1144070
2026-01-07 09:30:00-05:00,77.79000091552734,78.22599792480469,75.75,77.11000061035156,2572863
2026-01-07 10:30:00-05:00,78.62000274658203,78.87999725341797,77.13999938964844,77.79000091552734,1843549
2026-01-07 11:30:00-05:00,79.5,79.94000244140625,78.37999725341797,78.55989837646484,1664086
2026-01-07 12:30:00-05:00,78.56729888916016,79.76000213623047,78.41999816894531,79.45010375976562,996903
2026-01-07 13:30:00-05:00,78.77239990234375,79.08000183105469,77.93000030517578,78.5999984741211,904493
2026-01-07 14:30:00-05:00,77.49440002441406,79.38400268554688,77.41999816894531,78.78019714355469,987648
2026-01-07 15:30:00-05:00,77.1500015258789,77.66999816894531,77.0,77.4800033569336,4682041
2026-01-08 09:30:00-05:00,78.29499816894531,79.9000015258789,75.91000366210938,77.5,4794425
2026-01-08 10:30:00-05:00,79.09500122070312,79.27999877929688,77.25,78.30000305175781,2275660
2026-01-08 11:30:00-05:00,78.54499816894531,79.92990112304688,78.51000213623047,79.09500122070312,1602279
2026-01-08 12:30:00-05:00,77.97000122070312,78.7699966430664,77.76000213623047,78.54499816894531,1466647
2026-01-08 13:30:00-05:00,78.05999755859375,78.16000366210938,76.66000366210938,78.02999877929688,1412261
2026-01-08 14:30:00-05:00,77.25,78.43990325927734,76.8499984741211,78.08000183105469,1256128
2026-01-08 15:30:00-05:00,77.0999984741211,77.7300033569336,76.91999816894531,77.27999877929688,1366036
2026-01-09 09:30:00-05:00,78.08000183105469,79.44999694824219,75.51000213623047,78.37000274658203,4458248
2026-01-09 10:30:00-05:00,78.89689636230469,79.6500015258789,77.01000213623047,78.08000183105469,3115270
2026-01-09 11:30:00-05:00,79.97840118408203,81.47429656982422,78.9000015258789,78.90499877929688,4027228
2026-01-09 12:30:00-05:00,79.52999877929688,80.06999969482422,79.12000274658203,79.9800033569336,1380153
2026-01-09 13:30:00-05:00,79.8916015625,81.44999694824219,79.44000244140625,79.52999877929688,1634531
2026-01-09 14:30:00-05:00,79.63500213623047,80.66999816894531,79.51000213623047,79.87000274658203,1208604
2026-01-09 15:30:00-05:00,80.16999816894531,80.83000183105469,79.5999984741211,79.63500213623047,1565740
2026-01-12 09:30:00-05:00,87.94999694824219,88.62999725341797,78.88999938964844,79.37000274658203,10782950
2026-01-12 10:30:00-05:00,89.25499725341797,89.87999725341797,87.25,88.0,5030697
2026-01-12 11:30:00-05:00,88.66999816894531,90.23999786376953,88.56749725341797,89.29000091552734,3177779
2026-01-12 12:30:00-05:00,88.9999008178711,89.25,87.91000366210938,88.66649627685547,2023778
2026-01-12 13:30:00-05:00,90.05999755859375,90.44999694824219,88.86499786376953,88.94000244140625,1801214
2026-01-12 14:30:00-05:00,91.73049926757812,91.83999633789062,89.94999694824219,90.04499816894531,3687815
2026-01-12 15:30:00-05:00,89.93000030517578,91.94000244140625,89.87000274658203,91.7300033569336,3212167
2026-01-13 09:30:00-05:00,89.4800033569336,91.5,87.83499908447266,89.61000061035156,5387916
2026-01-13 10:30:00-05:00,87.81999969482422,89.9000015258789,87.1500015258789,89.38999938964844,2305825
2026-01-13 11:30:00-05:00,88.1500015258789,88.68000030517578,87.44999694824219,87.80000305175781,1269193
2026-01-13 12:30:00-05:00,88.12999725341797,88.34989929199219,86.86000061035156,88.1050033569336,1711643
2026-01-13 13:30:00-05:00,88.23999786376953,89.07990264892578,87.6500015258789,88.18499755859375,1071675
2026-01-13 14:30:00-05:00,87.4000015258789,88.61000061035156,87.26000213623047,88.24500274658203,936293
2026-01-13 15:30:00-05:00,87.4800033569336,87.98999786376953,86.86000061035156,87.3499984741211,1265805
2026-01-14 09:30:00-05:00,90.13500213623047,93.18000030517578,87.12000274658203,89.26799774169922,9329272
2026-01-14 10:30:00-05:00,90.87999725341797,91.72000122070312,88.5999984741211,90.14430236816406,2660752
2026-01-14 11:30:00-05:00,88.7699966430664,91.33999633789062,88.25,90.81999969482422,1817354
2026-01-14 12:30:00-05:00,89.3499984741211,89.58999633789062,86.5,88.77999877929688,1924903
2026-01-14 13:30:00-05:00,89.0999984741211,89.88999938964844,87.33999633789062,89.37999725341797,1601019
2026-01-14 14:30:00-05:00,88.48500061035156,90.0,87.78160095214844,89.08999633789062,1609961
2026-01-14 15:30:00-05:00,89.77999877929688,90.06999969482422,88.44000244140625,88.44999694824219,8084262
2026-01-15 09:30:00-05:00,97.11000061035156,98.7300033569336,94.25,94.5999984741211,10985428
2026-01-15 10:30:00-05:00,99.19059753417969,99.66000366210938,96.80000305175781,97.0,4551996
2026-01-15 11:30:00-05:00,99.32859802246094,99.5,98.08999633789062,99.1500015258789,2863389
2026-01-15 12:30:00-05:00,98.14250183105469,99.7300033569336,97.66999816894531,99.30609893798828,2717318
2026-01-15 13:30:00-05:00,98.18949890136719,98.92639923095703,97.36009979248047,98.18219757080078,1883583
2026-01-15 14:30:00-05:00,96.43000030517578,98.16999816894531,95.97000122070312,98.16999816894531,2192177
2026-01-15 15:30:00-05:00,95.06999969482422,97.26439666748047,94.83000183105469,96.36000061035156,2172587
2026-01-16 09:30:00-05:00,98.4000015258789,98.91000366210938,95.80010223388672,97.33000183105469,5968642
2026-01-16 10:30:00-05:00,101.55699920654297,101.6500015258789,95.75,98.37969970703125,4310472
2026-01-16 11:30:00-05:00,100.4000015258789,102.97930145263672,100.02999877929688,101.56610107421875,4307157
2026-01-16 12:30:00-05:00,101.38500213623047,102.09950256347656,100.37999725341797,100.37999725341797,1883303
2026-01-16 13:30:00-05:00,100.58999633789062,101.38990020751953,100.16999816894531,101.33999633789062,1289451
2026-01-16 14:30:00-05:00,101.41850280761719,102.64990234375,100.51000213623047,100.54100036621094,2131450
2026-01-16 15:30:00-05:00,101.16999816894531,101.94499969482422,100.80999755859375,101.36000061035156,2185425
2026-01-20 09:30:00-05:00,96.09989929199219,97.36000061035156,93.12999725341797,95.44999694824219,7190718
2026-01-20 10:30:00-05:00,96.07499694824219,97.36000061035156,94.62000274658203,96.0,2440608
2026-01-20 11:30:00-05:00,96.30500030517578,97.37000274658203,95.73999786376953,96.0,1934594
2026-01-20 12:30:00-05:00,95.45500183105469,96.69000244140625,95.0999984741211,96.2699966430664,1410609
2026-01-20 13:30:00-05:00,93.91999816894531,95.63999938964844,93.66999816894531,95.393798828125,1857168
2026-01-20 14:30:00-05:00,95.18499755859375,95.47000122070312,93.12999725341797,93.94999694824219,1734604
2026-01-20 15:30:00-05:00,95.22000122070312,95.48999786376953,94.55999755859375,95.23999786376953,1698072
2026-01-21 09:30:00-05:00,93.29000091552734,95.0322036743164,90.38020324707031,93.91000366210938,6072711
2026-01-21 10:30:00-05:00,92.2750015258789,93.5,91.86000061035156,93.29900360107422,2695858
2026-01-21 11:30:00-05:00,87.83000183105469,92.2750015258789,87.41999816894531,92.2750015258789,3713413
2026-01-21 12:30:00-05:00,89.58999633789062,90.37999725341797,87.25,87.62000274658203,2618997
2026-01-21 13:30:00-05:00,91.07499694824219,91.5999984741211,88.55000305175781,89.56500244140625,1372572
2026-01-21 14:30:00-05:00,92.83000183105469,93.62999725341797,90.68000030517578,91.1500015258789,2998755
2026-01-21 15:30:00-05:00,94.05999755859375,94.16000366210938,92.3499984741211,92.80000305175781,2115691
2026-01-22 09:30:00-05:00,93.6449966430664,99.44999694824219,93.5999984741211,97.5,5444653
2026-01-22 10:30:00-05:00,94.98500061035156,95.47000122070312,93.23660278320312,93.62000274658203,1883377
2026-01-22 11:30:00-05:00,93.77850341796875,95.05999755859375,93.31999969482422,95.02999877929688,1392536
2026-01-22 12:30:00-05:00,94.58499908447266,95.1500015258789,93.75,93.77999877929688,973400
2026-01-22 13:30:00-05:00,94.43000030517578,94.83999633789062,93.85050201416016,94.5199966430664,742679
2026-01-22 14:30:00-05:00,92.55999755859375,94.8499984741211,92.41000366210938,94.42919921875,1394380
2026-01-22 15:30:00-05:00,91.70099639892578,92.69999694824219,91.56999969482422,92.55999755859375,1684523
2026-01-23 09:30:00-05:00,93.68150329589844,93.9000015258789,87.06999969482422,90.44000244140625,5059735
2026-01-23 10:30:00-05:00,93.56999969482422,95.37999725341797,93.16999816894531,93.7300033569336,2871246
2026-01-23 11:30:00-05:00,95.26010131835938,95.9800033569336,92.88999938964844,93.56500244140625,1645765
2026-01-23 12:30:00-05:00,94.92539978027344,95.41999816894531,93.80000305175781,95.35459899902344,1209149
2026-01-23 13:30:00-05:00,94.7699966430664,95.30999755859375,93.7750015258789,94.9375991821289,1043338
2026-01-23 14:30:00-05:00,92.69999694824219,95.0,92.66999816894531,94.73500061035156,1134560
2026-01-23 15:30:00-05:00,92.94999694824219,93.43000030517578,91.91000366210938,92.68000030517578,1658941
2026-01-26 09:30:00-05:00,104.91500091552734,108.6500015258789,101.55000305175781,101.81999969482422,18018568
2026-01-26 10:30:00-05:00,102.04000091552734,105.5999984741211,100.61000061035156,104.83999633789062,5460020
2026-01-26 11:30:00-05:00,101.5801010131836,103.0,100.91999816894531,102.0530014038086,2644160
2026-01-26 12:30:00-05:00,100.09200286865234,101.94999694824219,99.25,101.58000183105469,2682759
2026-01-26 13:30:00-05:00,99.82499694824219,101.95999908447266,99.66000366210938,100.08999633789062,2130924
2026-01-26 14:30:00-05:00,98.76000213623047,99.97989654541016,98.05000305175781,99.79000091552734,2587231
2026-01-26 15:30:00-05:00,98.2699966430664,99.18990325927734,98.13999938964844,98.69999694824219,1835044
2026-01-27 09:30:00-05:00,105.44000244140625,107.30000305175781,101.86000061035156,103.69999694824219,10769593
2026-01-27 10:30:00-05:00,109.38059997558594,109.5438003540039,104.94999694824219,105.33999633789062,5491125
2026-01-27 11:30:00-05:00,109.69000244140625,111.73999786376953,109.25,109.37999725341797,6649540
2026-01-27 12:30:00-05:00,109.52999877929688,111.43399810791016,109.27999877929688,109.66000366210938,3278761
2026-01-27 13:30:00-05:00,110.87000274658203,111.1500015258789,108.7301025390625,109.5,2262351
2026-01-27 14:30:00-05:00,110.50499725341797,111.79000091552734,110.06999969482422,110.87000274658203,2911577
2026-01-27 15:30:00-05:00,108.80000305175781,110.51499938964844,108.10140228271484,110.48999786376953,2373597
2026-01-28 09:30:00-05:00,108.1500015258789,114.44999694824219,107.80000305175781,114.12000274658203,8336548
2026-01-28 10:30:00-05:00,105.7300033569336,108.54000091552734,105.44999694824219,108.13999938964844,3048730
2026-01-28 11:30:00-05:00,104.25,105.70999908447266,103.91000366210938,105.70999908447266,2850071
2026-01-28 12:30:00-05:00,104.63999938964844,105.62000274658203,103.26000213623047,104.19999694824219,2590407
2026-01-28 13:30:00-05:00,103.06099700927734,105.3499984741211,102.9000015258789,104.56009674072266,1984326
2026-01-28 14:30:00-05:00,105.38999938964844,106.19999694824219,102.63999938964844,103.05999755859375,2792794
2026-01-28 15:30:00-05:00,106.02999877929688,106.12000274658203,104.8499984741211,105.33000183105469,1586561
2026-01-29 09:30:00-05:00,101.56999969482422,106.43990325927734,100.5,103.86000061035156,6465541
2026-01-29 10:30:00-05:00,100.83999633789062,101.88999938964844,98.7699966430664,101.58000183105469,4285846
2026-01-29 11:30:00-05:00,100.16000366210938,101.40989685058594,99.30999755859375,100.91000366210938,1866359
2026-01-29 12:30:00-05:00,99.62000274658203,101.12000274658203,98.2699966430664,100.11000061035156,2135514
2026-01-29 13:30:00-05:00,97.94999694824219,99.66999816894531,97.54000091552734,99.62000274658203,2341182
2026-01-29 14:30:00-05:00,96.20999908447266,97.94999694824219,96.0999984741211,97.94999694824219,1814020
2026-01-29 15:30:00-05:00,99.54000091552734,99.75,96.0999984741211,96.1624984741211,2555162
2026-01-30 09:30:00-05:00,95.19059753417969,99.5,94.61000061035156,99.0,5214636
2026-01-30 10:30:00-05:00,95.44120025634766,98.05000305175781,95.07499694824219,95.16000366210938,2214599
2026-01-30 11:30:00-05:00,95.58999633789062,96.94989776611328,94.66600036621094,95.4000015258789,1118653
2026-01-30 12:30:00-05:00,93.30180358886719,95.5999984741211,92.63999938964844,95.5999984741211,2125066
2026-01-30 13:30:00-05:00,94.36000061035156,94.9000015258789,92.5000991821289,93.19999694824219,1776843
2026-01-30 14:30:00-05:00,93.9000015258789,94.7300033569336,93.11000061035156,94.30000305175781,2697466
2026-01-30 15:30:00-05:00,93.13999938964844,94.69999694824219,93.04000091552734,93.88999938964844,2137424
2026-02-02 09:30:00-05:00,89.61000061035156,94.7698974609375,89.0,92.80000305175781,4922938
2026-02-02 10:30:00-05:00,91.35990142822266,91.58999633789062,89.44000244140625,89.65499877929688,1311135
2026-02-02 11:30:00-05:00,91.43009948730469,91.94000244140625,90.51000213623047,91.26000213623047,1039457
2026-02-02 12:30:00-05:00,89.875,91.6500015258789,89.63999938964844,91.45999908447266,1010720
2026-02-02 13:30:00-05:00,90.95500183105469,91.25,89.76010131835938,89.83999633789062,1163893
2026-02-02 14:30:00-05:00,88.83000183105469,91.16999816894531,88.80999755859375,90.93000030517578,1571381
2026-02-02 15:30:00-05:00,88.95999908447266,89.37999725341797,88.5199966430664,88.83000183105469,7065768
2026-02-03 09:30:00-05:00,90.04499816894531,92.11990356445312,87.33000183105469,91.0199966430664,4073106
2026-02-03 10:30:00-05:00,88.67870330810547,90.93000030517578,88.30000305175781,90.01000213623047,1758251
2026-02-03 11:30:00-05:00,88.86000061035156,89.9000015258789,88.4800033569336,88.62000274658203,962610
2026-02-03 12:30:00-05:00,85.2593002319336,88.89990234375,84.55999755859375,88.80000305175781,2954266
2026-02-03 13:30:00-05:00,85.9800033569336,87.05000305175781,83.93000030517578,85.19999694824219,2017733
2026-02-03 14:30:00-05:00,88.625,90.42109680175781,85.56999969482422,85.98999786376953,2560715
2026-02-03 15:30:00-05:00,90.08999633789062,90.25,88.65499877929688,88.66000366210938,1383687
2026-02-04 09:30:00-05:00,89.23999786376953,91.94999694824219,87.29000091552734,89.00499725341797,5518160
2026-02-04 10:30:00-05:00,86.97000122070312,89.93000030517578,85.5999984741211,89.23999786376953,3254302
2026-02-04 11:30:00-05:00,83.37000274658203,87.0824966430664,83.27189636230469,86.93000030517578,5544209
2026-02-04 12:30:00-05:00,83.33989715576172,83.80000305175781,82.04000091552734,83.39990234375,0
2026-02-04 13:30:00-05:00,81.92500305175781,83.33999633789062,81.01000213623047,83.33999633789062,1671352
2026-02-04 14:30:00-05:00,82.2698974609375,84.80000305175781,81.80000305175781,81.87000274658203,2009269
2026-02-04 15:30:00-05:00,82.27999877929688,83.13999938964844,81.79000091552734,82.2300033569336,1774404
2026-02-05 09:30:00-05:00,77.1500015258789,80.98999786376953,76.33000183105469,79.6500015258789,5837413
2026-02-05 10:30:00-05:00,81.0,81.20999908447266,76.51000213623047,77.13500213623047,2425360
2026-02-05 11:30:00-05:00,79.94999694824219,81.97000122070312,79.03009796142578,81.05000305175781,2005222
2026-02-05 12:30:00-05:00,77.88500213623047,80.33999633789062,77.76000213623047,79.98999786376953,1139701
2026-02-05 13:30:00-05:00,77.59500122070312,78.10990142822266,76.75090026855469,77.87010192871094,1061241
2026-02-05 14:30:00-05:00,75.81999969482422,77.59500122070312,75.69000244140625,77.59500122070312,1582323
2026-02-05 15:30:00-05:00,74.60900115966797,76.0,74.0,75.77999877929688,2063648
2026-02-06 09:30:00-05:00,83.94010162353516,84.38999938964844,77.1500015258789,77.9000015258789,7470954
2026-02-06 10:30:00-05:00,87.9000015258789,87.94000244140625,83.61000061035156,84.04000091552734,3754541
2026-02-06 11:30:00-05:00,89.73770141601562,90.19999694824219,87.56610107421875,87.9000015258789,3350258
2026-02-06 12:30:00-05:00,90.17970275878906,90.5999984741211,88.58000183105469,89.76499938964844,2746431
2026-02-06 13:30:00-05:00,89.02110290527344,90.55999755859375,87.91000366210938,90.19499969482422,2039127
2026-02-06 14:30:00-05:00,88.29000091552734,89.0,87.62000274658203,89.0,1825960
2026-02-06 15:30:00-05:00,89.94999694824219,89.9800033569336,88.01010131835938,88.26000213623047,2192012
2026-02-09 09:30:00-05:00,95.62000274658203,97.37999725341797,88.69999694824219,90.06999969482422,6982058
2026-02-09 10:30:00-05:00,95.20999908447266,97.73999786376953,94.9000015258789,95.55000305175781,2494752
2026-02-09 11:30:00-05:00,95.875,96.44999694824219,94.79010009765625,95.23999786376953,1366394
2026-02-09 12:30:00-05:00,95.20999908447266,96.48870086669922,94.0199966430664,95.875,1122975
2026-02-09 13:30:00-05:00,97.38999938964844,97.94000244140625,94.94010162353516,95.23999786376953,1423984
2026-02-09 14:30:00-05:00,96.7249984741211,97.9000015258789,96.2300033569336,97.36399841308594,1612742
2026-02-09 15:30:00-05:00,96.76000213623047,97.6500015258789,96.30000305175781,96.69000244140625,1897525
2026-02-10 09:30:00-05:00,94.87010192871094,97.29000091552734,94.08000183105469,95.0,3014609
2026-02-10 10:30:00-05:00,95.21499633789062,95.55999755859375,93.80000305175781,94.91999816894531,1351424
2026-02-10 11:30:00-05:00,95.44000244140625,95.51000213623047,94.3499984741211,95.1500015258789,838037
2026-02-10 12:30:00-05:00,94.66999816894531,96.01000213623047,94.62000274658203,95.38999938964844,899139
2026-02-10 13:30:00-05:00,95.87999725341797,96.0,94.02999877929688,94.7300033569336,1053656
2026-02-10 14:30:00-05:00,95.2699966430664,96.41000366210938,95.08499908447266,95.87000274658203,1005409
2026-02-10 15:30:00-05:00,95.12000274658203,95.94999694824219,94.9749984741211,95.25,1062807
2026-02-11 09:30:00-05:00,88.83999633789062,97.7699966430664,88.80999755859375,95.875,4579941
2026-02-11 10:30:00-05:00,92.4000015258789,93.9000015258789,88.52999877929688,88.8749008178711,3203841
2026-02-11 11:30:00-05:00,92.7406997680664,93.55709838867188,92.01000213623047,92.33999633789062,1240888
2026-02-11 12:30:00-05:00,92.93499755859375,93.45999908447266,91.7699966430664,92.7970962524414,917239
2026-02-11 13:30:00-05:00,95.26499938964844,95.8499984741211,92.27999877929688,92.93000030517578,1193083
2026-02-11 14:30:00-05:00,94.5250015258789,96.29000091552734,94.3499984741211,95.20999908447266,1284370
2026-02-11 15:30:00-05:00,95.08000183105469,95.5625,94.30999755859375,94.5,1129588
2026-02-12 09:30:00-05:00,94.68000030517578,97.5,91.5,94.19000244140625,4491182
2026-02-12 10:30:00-05:00,90.76000213623047,95.30000305175781,90.66000366210938,94.68000030517578,2291258
2026-02-12 11:30:00-05:00,94.93000030517578,95.73999786376953,90.33999633789062,90.77999877929688,2441234
2026-02-12 12:30:00-05:00,94.48500061035156,96.29989624023438,93.88999938964844,94.94000244140625,1054048
2026-02-12 13:30:00-05:00,94.83719635009766,95.72000122070312,94.36000061035156,94.4800033569336,882258
2026-02-12 14:30:00-05:00,94.30999755859375,96.04000091552734,94.2300033569336,94.83000183105469,1257426
2026-02-12 15:30:00-05:00,95.69999694824219,96.0,94.30999755859375,94.30999755859375,1226543
2026-02-13 09:30:00-05:00,97.4000015258789,97.4800033569336,91.0,94.27999877929688,4188855
2026-02-13 10:30:00-05:00,99.51000213623047,100.69000244140625,97.4000015258789,97.43000030517578,3443354
2026-02-13 11:30:00-05:00,97.4749984741211,99.94999694824219,97.30000305175781,99.55000305175781,1267479
2026-02-13 12:30:00-05:00,95.30000305175781,98.05000305175781,95.19499969482422,97.51000213623047,1157209
2026-02-13 13:30:00-05:00,95.08999633789062,96.44000244140625,94.95999908447266,95.38999938964844,998398
2026-02-13 14:30:00-05:00,94.16999816894531,95.9000015258789,94.07009887695312,95.16999816894531,1322936
2026-02-13 15:30:00-05:00,96.12000274658203,96.12999725341797,94.11000061035156,94.11000061035156,1561169
2026-02-17 09:30:00-05:00,89.82420349121094,95.45989990234375,89.51000213623047,92.69000244140625,4018856
2026-02-17 10:30:00-05:00,92.52999877929688,94.72000122070312,89.08999633789062,89.83999633789062,2330168
2026-02-17 11:30:00-05:00,91.8499984741211,93.7300033569336,90.91000366210938,92.54000091552734,1520489
2026-02-17 12:30:00-05:00,92.18499755859375,92.30879974365234,91.02999877929688,91.88999938964844,731960
2026-02-17 13:30:00-05:00,92.30000305175781,93.87999725341797,91.91000366210938,92.16000366210938,952931
2026-02-17 14:30:00-05:00,90.56999969482422,93.04000091552734,90.45999908447266,92.37000274658203,979887
2026-02-17 15:30:00-05:00,90.98999786376953,91.13999938964844,90.0199966430664,90.5,1361337
2026-02-18 09:30:00-05:00,93.69000244140625,94.3499984741211,87.55000305175781,91.0,3667837
2026-02-18 10:30:00-05:00,96.69999694824219,96.87999725341797,93.5,93.69000244140625,1870971
2026-02-18 11:30:00-05:00,95.45999908447266,97.29000091552734,95.37000274658203,96.73999786376953,1432071
2026-02-18 12:30:00-05:00,95.17350006103516,96.18000030517578,94.5999984741211,95.47239685058594,871669
2026-02-18 13:30:00-05:00,95.08999633789062,96.38999938964844,94.93000030517578,95.13999938964844,1338872
2026-02-18 14:30:00-05:00,93.61000061035156,95.21990203857422,93.61000061035156,95.11000061035156,1016281
2026-02-18 15:30:00-05:00,95.4000015258789,95.8499984741211,93.48999786376953,93.5999984741211,1494392
2026-02-19 09:30:00-05:00,95.125,96.12000274658203,93.51000213623047,95.32499694824219,2099929
2026-02-19 10:30:00-05:00,95.27999877929688,96.54000091552734,94.63999938964844,95.0602035522461,1104247
2026-02-19 11:30:00-05:00,95.125,96.07499694824219,94.44999694824219,95.26000213623047,723641
2026-02-19 12:30:00-05:00,94.81999969482422,95.5199966430664,94.59049987792969,95.09500122070312,556940
2026-02-19 13:30:00-05:00,95.43000030517578,96.8499984741211,94.4800033569336,94.87000274658203,851626
2026-02-19 14:30:00-05:00,96.8499984741211,97.34500122070312,95.2300033569336,95.38999938964844,930192
2026-02-19 15:30:00-05:00,97.19000244140625,98.29000091552734,96.62000274658203,96.80999755859375,3760762
2026-02-20 09:30:00-05:00,90.5999984741211,93.67500305175781,87.66999816894531,93.56999969482422,9744292
2026-02-20 10:30:00-05:00,87.90499877929688,90.87000274658203,87.61080169677734,90.57620239257812,3801290
2026-02-20 11:30:00-05:00,85.73500061035156,88.46990203857422,85.42150115966797,87.86000061035156,3711406
2026-02-20 12:30:00-05:00,87.01000213623047,88.2699966430664,84.5,85.76000213623047,5842008
2026-02-20 13:30:00-05:00,88.47000122070312,89.48999786376953,86.70010375976562,86.98999786376953,13692573
2026-02-20 14:30:00-05:00,88.18499755859375,88.83000183105469,86.12000274658203,88.47000122070312,3947970
2026-02-20 15:30:00-05:00,89.29789733886719,89.4000015258789,87.69000244140625,88.19000244140625,0
2026-02-23 09:30:00-05:00,90.80999755859375,92.53990173339844,86.58999633789062,87.4000015258789,5641102
2026-02-23 10:30:00-05:00,91.06999969482422,91.91999816894531,89.91000366210938,90.7500991821289,2402443
2026-02-23 11:30:00-05:00,92.0199966430664,93.1500015258789,90.80000305175781,91.02010345458984,2690614
2026-02-23 12:30:00-05:00,93.1875991821289,93.37999725341797,91.08000183105469,92.05000305175781,1428185
2026-02-23 13:30:00-05:00,92.45999908447266,93.38999938964844,92.16999816894531,93.20010375976562,1058883
2026-02-23 14:30:00-05:00,90.94999694824219,92.69000244140625,90.77999877929688,92.47000122070312,1276182
2026-02-23 15:30:00-05:00,90.83999633789062,91.31999969482422,90.58000183105469,90.95999908447266,1205276
2026-02-24 09:30:00-05:00,96.04010009765625,96.69000244140625,90.6863021850586,90.88999938964844,5096175
2026-02-24 10:30:00-05:00,95.02999877929688,96.97989654541016,94.81999969482422,96.05000305175781,2099744
2026-02-24 11:30:00-05:00,95.6050033569336,96.44999694824219,94.7699966430664,95.02999877929688,1166878
2026-02-24 12:30:00-05:00,96.91999816894531,96.95999908447266,95.2645034790039,95.62999725341797,1151735
2026-02-24 13:30:00-05:00,97.0,98.51499938964844,96.58000183105469,96.88999938964844,1980654
2026-02-24 14:30:00-05:00,97.28240203857422,98.21990203857422,96.91999816894531,96.98500061035156,1506397
2026-02-24 15:30:00-05:00,99.30000305175781,99.36499786376953,97.26000213623047,97.26000213623047,2444716
2026-02-25 09:30:00-05:00,99.60099792480469,103.44000244140625,98.80999755859375,100.9800033569336,4946483
2026-02-25 10:30:00-05:00,99.33499908447266,100.3499984741211,98.80000305175781,99.58499908447266,2093861
2026-02-25 11:30:00-05:00,99.6760025024414,101.0,99.33999633789062,99.33999633789062,1244803
2026-02-25 12:30:00-05:00,100.90499877929688,101.0,99.63999938964844,99.68009948730469,749567
2026-02-25 13:30:00-05:00,100.1500015258789,101.0,99.75,100.90499877929688,877344
2026-02-25 14:30:00-05:00,99.5,100.36000061035156,99.37999725341797,100.1500015258789,1183048
2026-02-25 15:30:00-05:00,98.05500030517578,99.93000030517578,97.8499984741211,99.48999786376953,1675836
2026-02-26 09:30:00-05:00,96.5199966430664,100.75,95.87000274658203,98.69999694824219,4401019
2026-02-26 10:30:00-05:00,99.625,99.88999938964844,95.16999816894531,96.5199966430664,2210573
2026-02-26 11:30:00-05:00,96.97000122070312,99.73999786376953,96.45999908447266,99.68000030517578,1640938
2026-02-26 12:30:00-05:00,96.07499694824219,97.19969940185547,95.0199966430664,96.8468017578125,1433900
2026-02-26 13:30:00-05:00,96.61000061035156,97.33999633789062,95.91999816894531,96.0199966430664,1181514
2026-02-26 14:30:00-05:00,97.59500122070312,98.21209716796875,96.41500091552734,96.5999984741211,1297444
2026-02-26 15:30:00-05:00,97.77999877929688,98.91000366210938,97.44000244140625,97.62229919433594,1907207
2026-02-27 09:30:00-05:00,80.47000122070312,84.37999725341797,78.87000274658203,84.22000122070312,15410858
2026-02-27 10:30:00-05:00,79.45989990234375,80.97000122070312,79.4000015258789,80.48999786376953,4796873
2026-02-27 11:30:00-05:00,79.19000244140625,79.5,78.04000091552734,79.44999694824219,4858611
2026-02-27 12:30:00-05:00,78.4000015258789,79.69999694824219,78.05000305175781,79.18000030517578,2220544
2026-02-27 13:30:00-05:00,76.7699966430664,78.55999755859375,76.68000030517578,78.41999816894531,3165488
2026-02-27 14:30:00-05:00,77.18000030517578,77.66999816894531,75.66999816894531,76.7699966430664,4305250
2026-02-27 15:30:00-05:00,79.52999877929688,79.86499786376953,76.9000015258789,77.1500015258789,4833979
2026-03-02 09:30:00-05:00,76.7249984741211,80.33000183105469,75.5999984741211,76.63500213623047,7013117
2026-03-02 10:30:00-05:00,76.37999725341797,77.91999816894531,76.05010223388672,76.74500274658203,2725535
2026-03-02 11:30:00-05:00,77.45999908447266,78.01000213623047,76.19999694824219,76.37999725341797,1706801
2026-03-02 12:30:00-05:00,76.55999755859375,77.55500030517578,76.51000213623047,77.47000122070312,1060570
2026-03-02 13:30:00-05:00,77.05999755859375,77.68000030517578,76.5199966430664,76.55999755859375,1213346
2026-03-02 14:30:00-05:00,77.20500183105469,77.45999908447266,76.74009704589844,77.08000183105469,1286917
2026-03-02 15:30:00-05:00,78.0,78.19999694824219,77.09929656982422,77.20500183105469,1967534
2026-03-03 09:30:00-05:00,70.47000122070312,75.36990356445312,70.37000274658203,74.9000015258789,8618817
2026-03-03 10:30:00-05:00,72.625,72.83000183105469,70.44999694824219,70.45999908447266,3947137
2026-03-03 11:30:00-05:00,73.38400268554688,73.44999694824219,72.11000061035156,72.5999984741211,1961085
2026-03-03 12:30:00-05:00,73.4717025756836,74.2300033569336,73.0,73.3499984741211,2004617
2026-03-03 13:30:00-05:00,73.51000213623047,74.79000091552734,73.0999984741211,73.5250015258789,2761208
2026-03-03 14:30:00-05:00,73.81999969482422,74.52999877929688,73.22000122070312,73.55999755859375,1421774
2026-03-03 15:30:00-05:00,73.75,74.2300033569336,73.22000122070312,73.81999969482422,1858212
2026-03-04 09:30:00-05:00,80.07499694824219,80.12999725341797,75.80000305175781,77.80000305175781,9356818
2026-03-04 10:30:00-05:00,79.06999969482422,80.30000305175781,78.23999786376953,80.08999633789062,3763634
2026-03-04 11:30:00-05:00,80.2699966430664,80.5199966430664,79.05999755859375,79.05999755859375,2617977
2026-03-04 12:30:00-05:00,80.26499938964844,80.66000366210938,79.60199737548828,80.2699966430664,2046290
2026-03-04 13:30:00-05:00,80.01499938964844,80.52999877929688,79.33999633789062,80.2699966430664,1734504
2026-03-04 14:30:00-05:00,79.3949966430664,80.20999908447266,78.55999755859375,80.01000213623047,1885541
2026-03-04 15:30:00-05:00,79.47000122070312,79.77999877929688,78.97139739990234,79.41000366210938,2056669
2026-03-05 09:30:00-05:00,76.42990112304688,78.68000030517578,76.08999633789062,77.08000183105469,5738100
2026-03-05 10:30:00-05:00,75.7699966430664,76.91999816894531,75.51000213623047,76.41000366210938,3179749
2026-03-05 11:30:00-05:00,75.19999694824219,76.16500091552734,75.16999816894531,75.80000305175781,2240775
2026-03-05 12:30:00-05:00,73.81500244140625,75.26000213623047,73.25,75.21499633789062,3224392
2026-03-05 13:30:00-05:00,73.95999908447266,74.54989624023438,73.55010223388672,73.79499816894531,2414367
2026-03-05 14:30:00-05:00,74.6449966430664,74.9800033569336,73.66000366210938,73.95999908447266,1717266
2026-03-05 15:30:00-05:00,74.88999938964844,75.06500244140625,74.5,74.61000061035156,2521545
2026-03-06 09:30:00-05:00,75.73999786376953,76.12999725341797,71.86000061035156,72.95500183105469,7268380
2026-03-06 10:30:00-05:00,76.25,76.3499984741211,74.51010131835938,75.71710205078125,2668956
2026-03-06 11:30:00-05:00,76.76499938964844,77.3740005493164,75.87000274658203,76.2300033569336,2273994
2026-03-06 12:30:00-05:00,77.70999908447266,77.9000015258789,76.01000213623047,76.77149963378906,1843230
2026-03-06 13:30:00-05:00,76.75499725341797,77.94969940185547,76.66000366210938,77.70999908447266,1580911
2026-03-06 14:30:00-05:00,72.37000274658203,77.0,72.20999908447266,76.7300033569336,4606994
2026-03-06 15:30:00-05:00,73.02999877929688,73.55000305175781,71.8499984741211,72.33000183105469,3483979
2026-03-09 09:30:00-04:00,71.4749984741211,73.20850372314453,70.69999694824219,71.43000030517578,5426745
2026-03-09 10:30:00-04:00,72.6177978515625,72.74500274658203,71.3301010131836,71.45500183105469,2575516
2026-03-09 11:30:00-04:00,72.68009948730469,72.94999694824219,71.9000015258789,72.52999877929688,1498529
2026-03-09 12:30:00-04:00,71.91999816894531,73.05000305175781,71.62999725341797,72.72000122070312,1881246
2026-03-09 13:30:00-04:00,72.41000366210938,72.69999694824219,71.55999755859375,71.92749786376953,2463760
2026-03-09 14:30:00-04:00,73.95999908447266,74.25,71.75,72.41000366210938,2461769
2026-03-09 15:30:00-04:00,74.43000030517578,74.5,73.61009979248047,73.95999908447266,2769487
2026-03-10 09:30:00-04:00,74.47889709472656,75.5999984741211,73.75,75.01000213623047,4232381
2026-03-10 10:30:00-04:00,75.38999938964844,75.88999938964844,74.30999755859375,74.38999938964844,2413411
2026-03-10 11:30:00-04:00,74.56999969482422,75.44999694824219,74.4000015258789,75.41010284423828,1460597
2026-03-10 12:30:00-04:00,75.17500305175781,75.58000183105469,74.30000305175781,74.56999969482422,1639065
2026-03-10 13:30:00-04:00,74.69000244140625,75.91999816894531,74.27999877929688,75.17500305175781,1824053
2026-03-10 14:30:00-04:00,74.55000305175781,75.27999877929688,74.33999633789062,74.73500061035156,1466940
2026-03-10 15:30:00-04:00,74.87999725341797,75.01000213623047,74.33999633789062,74.5199966430664,1779376
2026-03-11 09:30:00-04:00,81.9800033569336,82.69999694824219,77.86000061035156,78.95999908447266,13665960
2026-03-11 10:30:00-04:00,80.875,82.86990356445312,80.83000183105469,81.94999694824219,4717087
2026-03-11 11:30:00-04:00,81.16000366210938,82.2698974609375,80.0999984741211,80.87000274658203,2897380
2026-03-11 12:30:00-04:00,82.375,82.41999816894531,80.80999755859375,81.16999816894531,2051352
2026-03-11 13:30:00-04:00,82.08000183105469,82.98999786376953,81.33999633789062,82.4000015258789,2642004
2026-03-11 14:30:00-04:00,80.9000015258789,82.41999816894531,80.5,82.0999984741211,2223247
2026-03-11 15:30:00-04:00,82.0,82.08999633789062,80.76000213623047,80.9000015258789,2300776
2026-03-12 09:30:00-04:00,80.69000244140625,81.5999984741211,78.4000015258789,79.6500015258789,4086907
2026-03-12 10:30:00-04:00,80.83290100097656,80.95500183105469,79.07009887695312,80.69999694824219,2224879
2026-03-12 11:30:00-04:00,80.80000305175781,82.37999725341797,80.63009643554688,80.86000061035156,2493999
2026-03-12 12:30:00-04:00,80.43000030517578,81.98989868164062,80.26000213623047,80.81500244140625,1200950
2026-03-12 13:30:00-04:00,80.44999694824219,80.80000305175781,79.65170288085938,80.44000244140625,1743958
2026-03-12 14:30:00-04:00,80.80500030517578,81.96990203857422,80.3499984741211,80.41999816894531,1774009
2026-03-12 15:30:00-04:00,79.87000274658203,81.02999877929688,79.56009674072266,80.80249786376953,1576982
2026-03-13 09:30:00-04:00,83.45500183105469,83.69999694824219,80.9800033569336,81.06999969482422,4650522
2026-03-13 10:30:00-04:00,82.20999908447266,84.44000244140625,82.0999984741211,83.44000244140625,3718501
2026-03-13 11:30:00-04:00,81.77999877929688,82.6449966430664,81.37000274658203,82.24500274658203,2177243
2026-03-13 12:30:00-04:00,81.45999908447266,82.30000305175781,81.08999633789062,81.75,1612176
2026-03-13 13:30:00-04:00,80.69000244140625,81.66999816894531,80.5,81.5,1165913
2026-03-13 14:30:00-04:00,79.5250015258789,81.18000030517578,79.4749984741211,80.63999938964844,1161319
2026-03-13 15:30:00-04:00,81.05999755859375,81.28500366210938,79.52999877929688,79.52999877929688,1580674
2026-03-16 09:30:00-04:00,81.9800033569336,88.26000213623047,81.87999725341797,85.88999938964844,5618982
2026-03-16 10:30:00-04:00,83.56819915771484,84.02999877929688,81.93000030517578,81.9800033569336,2942863
2026-03-16 11:30:00-04:00,84.30999755859375,84.94999694824219,83.45069885253906,83.55000305175781,2127780
2026-03-16 12:30:00-04:00,83.76000213623047,84.3373031616211,83.0999984741211,84.27999877929688,1351323
2026-03-16 13:30:00-04:00,85.7699966430664,85.77999877929688,83.55999755859375,83.76000213623047,1362490
2026-03-16 14:30:00-04:00,86.52999877929688,87.58000183105469,85.20999908447266,85.80000305175781,2744556
2026-03-16 15:30:00-04:00,85.79000091552734,86.83999633789062,85.5199966430664,86.51750183105469,7743043
2026-03-17 09:30:00-04:00,84.42500305175781,85.0999984741211,82.9000015258789,83.8239974975586,4005887
2026-03-17 10:30:00-04:00,83.55999755859375,84.76000213623047,83.33999633789062,84.37999725341797,1945106
2026-03-17 11:30:00-04:00,83.8499984741211,83.98999786376953,82.68009948730469,83.56999969482422,1469050
2026-03-17 12:30:00-04:00,83.13990020751953,83.94999694824219,82.9800033569336,83.80000305175781,1060345
2026-03-17 13:30:00-04:00,83.36000061035156,83.73999786376953,82.72000122070312,83.12000274658203,973596
2026-03-17 14:30:00-04:00,82.37000274658203,83.4834976196289,82.12000274658203,83.3499984741211,1110158
2026-03-17 15:30:00-04:00,82.0999984741211,82.4000015258789,81.55999755859375,82.37999725341797,1494444
2026-03-18 09:30:00-04:00,83.9000015258789,84.46499633789062,80.04000091552734,80.69999694824219,4071079
2026-03-18 10:30:00-04:00,83.37670135498047,84.7699966430664,83.30000305175781,83.86000061035156,2084036
2026-03-18 11:30:00-04:00,83.29000091552734,84.48999786376953,83.16000366210938,83.31999969482422,1043357
2026-03-18 12:30:00-04:00,83.25830078125,83.8499984741211,82.6854019165039,83.31999969482422,760350
2026-03-18 13:30:00-04:00,84.70999908447266,85.27999877929688,83.23999786376953,83.30999755859375,1502941
2026-03-18 14:30:00-04:00,83.68000030517578,85.25,83.61000061035156,84.73999786376953,1218774
2026-03-18 15:30:00-04:00,82.81999969482422,84.25,82.62000274658203,83.70500183105469,1107080
2026-03-19 09:30:00-04:00,80.10199737548828,81.4000015258789,78.77999877929688,80.0,3493097
2026-03-19 10:30:00-04:00,80.41000366210938,81.5999984741211,79.9800033569336,80.05999755859375,1979409
2026-03-19 11:30:00-04:00,80.90499877929688,80.93000030517578,79.66000366210938,80.30000305175781,1454855
2026-03-19 12:30:00-04:00,80.3949966430664,81.5,79.9000015258789,80.91999816894531,1378164
2026-03-19 13:30:00-04:00,80.12000274658203,80.58999633789062,79.75,80.3949966430664,963914
2026-03-19 14:30:00-04:00,80.375,81.19999694824219,79.2300033569336,80.11000061035156,2426706
2026-03-19 15:30:00-04:00,80.68000030517578,81.29000091552734,80.30000305175781,80.375,1573482
2026-03-20 09:30:00-04:00,80.69000244140625,83.1500015258789,78.95999908447266,80.13999938964844,4820325
2026-03-20 10:30:00-04:00,80.44499969482422,81.47840118408203,80.06999969482422,80.66000366210938,2879440
2026-03-20 11:30:00-04:00,81.22000122070312,82.23999786376953,80.33000183105469,80.4000015258789,1510138
2026-03-20 12:30:00-04:00,80.3718032836914,81.45989990234375,80.05000305175781,81.25,2130558
2026-03-20 13:30:00-04:00,79.53500366210938,80.37000274658203,79.0999984741211,80.35530090332031,2268840
2026-03-20 14:30:00-04:00,78.20999908447266,79.70999908447266,77.58000183105469,79.54000091552734,2610518
2026-03-20 15:30:00-04:00,81.48999786376953,82.5,78.23999786376953,78.23999786376953,5597772
2026-03-23 09:30:00-04:00,84.05500030517578,85.31999969482422,81.62000274658203,81.79000091552734,5684775
2026-03-23 10:30:00-04:00,83.93000030517578,84.63999938964844,83.05999755859375,84.05999755859375,2238924
2026-03-23 11:30:00-04:00,81.41999816894531,84.20500183105469,81.37999725341797,83.94000244140625,2093407
2026-03-23 12:30:00-04:00,81.04000091552734,82.62999725341797,80.81999969482422,81.4000015258789,2058217
2026-03-23 13:30:00-04:00,80.68000030517578,81.91999816894531,80.30999755859375,81.05500030517578,2340206
2026-03-23 14:30:00-04:00,82.0199966430664,82.1500015258789,80.58999633789062,80.68000030517578,2310016
2026-03-23 15:30:00-04:00,81.94999694824219,82.45999908447266,81.80999755859375,82.05999755859375,1796684
2026-03-24 09:30:00-04:00,80.55999755859375,84.5,80.30000305175781,83.0,5966544
2026-03-24 10:30:00-04:00,82.62000274658203,82.95999908447266,80.0999984741211,80.54499816894531,3637360
2026-03-24 11:30:00-04:00,81.51000213623047,82.9000015258789,80.51000213623047,82.61000061035156,1982730
2026-03-24 12:30:00-04:00,82.19999694824219,83.41999816894531,80.86000061035156,81.51000213623047,2575355
2026-03-24 13:30:00-04:00,82.78500366210938,83.06999969482422,81.80000305175781,82.19000244140625,1628300
2026-03-24 14:30:00-04:00,83.65499877929688,84.27999877929688,82.7300033569336,82.77999877929688,2090531
2026-03-24 15:30:00-04:00,83.01000213623047,84.0999984741211,82.69999694824219,83.63999938964844,1712450
2026-03-25 09:30:00-04:00,87.93499755859375,88.75,84.8499984741211,85.2300033569336,7044287
2026-03-25 10:30:00-04:00,87.41000366210938,88.66999816894531,86.69000244140625,87.93000030517578,3371419
2026-03-25 11:30:00-04:00,86.98999786376953,87.97989654541016,86.3499984741211,87.41000366210938,1739727
2026-03-25 12:30:00-04:00,87.33000183105469,87.9000015258789,86.56500244140625,86.97000122070312,1516284
2026-03-25 13:30:00-04:00,87.54000091552734,87.87999725341797,86.88999938964844,87.30999755859375,944022
2026-03-25 14:30:00-04:00,87.9000015258789,88.06999969482422,86.62000274658203,87.56999969482422,1325331
2026-03-25 15:30:00-04:00,87.62999725341797,87.91999816894531,87.06999969482422,87.87000274658203,1566725
2026-03-26 09:30:00-04:00,87.5250015258789,88.26000213623047,86.05999755859375,86.8499984741211,3150061
2026-03-26 10:30:00-04:00,83.7781982421875,88.05919647216797,83.51000213623047,87.5,3155687
2026-03-26 11:30:00-04:00,82.27010345458984,84.19819641113281,82.19000244140625,83.79000091552734,2164763
2026-03-26 12:30:00-04:00,81.51000213623047,82.33000183105469,81.22000122070312,82.26000213623047,2021553
2026-03-26 13:30:00-04:00,81.29000091552734,82.33999633789062,81.19000244140625,81.5199966430664,1600692
2026-03-26 14:30:00-04:00,80.51499938964844,81.48989868164062,80.20999908447266,81.30000305175781,2065240
2026-03-26 15:30:00-04:00,80.47000122070312,80.69999694824219,80.16000366210938,80.5250015258789,2140624
2026-03-27 09:30:00-04:00,74.4749984741211,79.38999938964844,74.41000366210938,78.83999633789062,6271694
2026-03-27 10:30:00-04:00,74.70999908447266,75.56999969482422,73.87999725341797,74.44999694824219,4080462
2026-03-27 11:30:00-04:00,74.11000061035156,75.48999786376953,74.02999877929688,74.73999786376953,1915481
2026-03-27 12:30:00-04:00,73.5199966430664,74.61000061035156,73.3499984741211,74.12000274658203,1910183
2026-03-27 13:30:00-04:00,74.02100372314453,74.08000183105469,73.22000122070312,73.54000091552734,1656735
2026-03-27 14:30:00-04:00,74.42500305175781,75.14749908447266,73.98999786376953,74.0,2061233
2026-03-27 15:30:00-04:00,74.83999633789062,74.94000244140625,74.13999938964844,74.41999816894531,2476337
2026-03-30 09:30:00-04:00,69.66919708251953,75.45999908447266,69.56999969482422,75.12000274658203,7211892
2026-03-30 10:30:00-04:00,69.71499633789062,70.48999786376953,68.5999984741211,69.66000366210938,3743603
2026-03-30 11:30:00-04:00,69.08999633789062,70.6500015258789,68.91999816894531,69.78990173339844,2449728
2026-03-30 12:30:00-04:00,67.75,69.37999725341797,67.45999908447266,69.05999755859375,2486962
2026-03-30 13:30:00-04:00,67.50499725341797,67.96499633789062,67.19000244140625,67.72010040283203,2441307
2026-03-30 14:30:00-04:00,67.33000183105469,67.93499755859375,67.15010070800781,67.4894027709961,2114639
2026-03-30 15:30:00-04:00,69.1500015258789,69.30999755859375,67.36000061035156,67.36000061035156,3853323
2026-03-31 09:30:00-04:00,74.94499969482422,75.33000183105469,72.80000305175781,73.0,9979613
2026-03-31 10:30:00-04:00,73.1050033569336,75.37000274658203,72.41999816894531,74.94999694824219,3951257
2026-03-31 11:30:00-04:00,74.11000061035156,74.23989868164062,72.66500091552734,73.12000274658203,1812038
2026-03-31 12:30:00-04:00,75.90499877929688,76.36000061035156,73.91010284423828,74.11000061035156,3877830
2026-03-31 13:30:00-04:00,76.52999877929688,76.79000091552734,75.3302993774414,75.88999938964844,2139990
2026-03-31 14:30:00-04:00,77.11000061035156,77.37999725341797,76.44499969482422,76.52999877929688,2139800
2026-03-31 15:30:00-04:00,77.45999908447266,77.58999633789062,76.61499786376953,77.0999984741211,2214535
2026-04-01 09:30:00-04:00,79.4800033569336,80.53990173339844,78.0999984741211,79.48999786376953,7223297
2026-04-01 10:30:00-04:00,77.06999969482422,79.69999694824219,76.9000015258789,79.5,3730505
2026-04-01 11:30:00-04:00,78.3499984741211,78.94999694824219,76.80000305175781,77.0199966430664,3066579
2026-04-01 12:30:00-04:00,79.66000366210938,79.93710327148438,78.26029968261719,78.31500244140625,1899557
2026-04-01 13:30:00-04:00,77.73999786376953,79.94120025634766,77.60199737548828,79.66999816894531,2181135
2026-04-01 14:30:00-04:00,79.25499725341797,79.66999816894531,77.66000366210938,77.75499725341797,1908798
2026-04-01 15:30:00-04:00,78.44000244140625,79.4000015258789,78.22000122070312,79.25499725341797,1761175
2026-04-02 09:30:00-04:00,78.70500183105469,79.29989624023438,73.80999755859375,75.75,5163922
2026-04-02 10:30:00-04:00,82.27010345458984,82.43000030517578,78.46499633789062,78.6511001586914,5244279
2026-04-02 11:30:00-04:00,79.69999694824219,82.5,79.13999938964844,82.31999969482422,2351868
2026-04-02 12:30:00-04:00,79.98500061035156,80.61640167236328,79.5999984741211,79.74500274658203,1413997
2026-04-02 13:30:00-04:00,80.07499694824219,80.48999786376953,79.68000030517578,79.98500061035156,1151479
2026-04-02 14:30:00-04:00,81.62999725341797,81.76000213623047,80.05000305175781,80.05000305175781,1908481
2026-04-02 15:30:00-04:00,82.20500183105469,82.29000091552734,81.3759994506836,81.62999725341797,2640403
2026-04-06 09:30:00-04:00,80.4800033569336,81.97000122070312,79.55999755859375,81.33000183105469,4962698
2026-04-06 10:30:00-04:00,82.05000305175781,82.29000091552734,80.35009765625,80.5,2528509
2026-04-06 11:30:00-04:00,82.07499694824219,82.18000030517578,81.53500366210938,82.05000305175781,1463330
2026-04-06 12:30:00-04:00,81.2300033569336,82.23999786376953,80.68000030517578,82.07499694824219,1518038
2026-04-06 13:30:00-04:00,81.7750015258789,82.0,80.94000244140625,81.18000030517578,913441
2026-04-06 14:30:00-04:00,81.37000274658203,81.87000274658203,81.2300033569336,81.7750015258789,785578
2026-04-06 15:30:00-04:00,80.95500183105469,81.36000061035156,80.44000244140625,81.30999755859375,1473046
2026-04-07 09:30:00-04:00,82.1240005493164,82.63999938964844,80.1500015258789,80.18000030517578,3687644
2026-04-07 10:30:00-04:00,82.61000061035156,82.63999938964844,80.95999908447266,82.22000122070312,1907985
2026-04-07 11:30:00-04:00,84.01000213623047,84.29000091552734,82.2300033569336,82.63999938964844,2044220
2026-04-07 12:30:00-04:00,83.36000061035156,84.70999908447266,83.31999969482422,84.01000213623047,1489862
2026-04-07 13:30:00-04:00,83.42620086669922,84.09989929199219,83.16000366210938,83.33999633789062,856193
2026-04-07 14:30:00-04:00,83.94000244140625,84.26499938964844,82.37999725341797,83.44999694824219,1360801
2026-04-07 15:30:00-04:00,85.1500015258789,85.30000305175781,83.56999969482422,83.80500030517578,2240607
2026-04-08 09:30:00-04:00,89.0,93.9000015258789,88.03009796142578,92.0,7667948
2026-04-08 10:30:00-04:00,89.06500244140625,90.01000213623047,87.44999694824219,89.12000274658203,2817571
2026-04-08 11:30:00-04:00,89.27999877929688,89.73880004882812,88.55999755859375,89.06500244140625,1279425
2026-04-08 12:30:00-04:00,89.6240005493164,90.44999694824219,89.24019622802734,89.29000091552734,1412249
2026-04-08 13:30:00-04:00,88.8301010131836,89.9800033569336,88.62999725341797,89.61499786376953,768949
2026-04-08 14:30:00-04:00,88.41999816894531,89.08000183105469,87.8949966430664,88.83000183105469,1363183
2026-04-08 15:30:00-04:00,88.83000183105469,89.16000366210938,88.35009765625,88.4000015258789,1379205
2026-04-09 09:30:00-04:00,85.97000122070312,92.63999938964844,84.80999755859375,91.21499633789062,21508223
2026-04-09 10:30:00-04:00,89.23999786376953,90.27999877929688,85.5,85.9000015258789,7808099
2026-04-09 11:30:00-04:00,92.88009643554688,93.75,89.19999694824219,89.26000213623047,8525556
2026-04-09 12:30:00-04:00,94.66000366210938,94.88999938964844,92.75,92.87999725341797,5771210
2026-04-09 13:30:00-04:00,92.30999755859375,94.94999694824219,91.87999725341797,94.60009765625,4473325
2026-04-09 14:30:00-04:00,92.13500213623047,93.73999786376953,91.2300033569336,92.33999633789062,5288629
2026-04-09 15:30:00-04:00,91.87999725341797,92.80999755859375,91.62999725341797,92.1500015258789,8072414
2026-04-10 09:30:00-04:00,99.9000015258789,100.87999725341797,93.20999908447266,93.44000244140625,31005450
2026-04-10 10:30:00-04:00,103.66000366210938,105.9000015258789,99.88999938964844,99.98999786376953,18117464
2026-04-10 11:30:00-04:00,103.61000061035156,104.88999938964844,102.5199966430664,103.625,8259738
2026-04-10 12:30:00-04:00,102.4000015258789,103.93990325927734,101.44999694824219,103.56500244140625,5076321
2026-04-10 13:30:00-04:00,104.14990234375,104.58000183105469,102.30999755859375,102.4000015258789,6031910
2026-04-10 14:30:00-04:00,102.94000244140625,104.36000061035156,102.3499984741211,104.12999725341797,3919856
2026-04-10 15:30:00-04:00,101.91000366210938,102.91500091552734,101.0999984741211,102.91500091552734,4499318
2026-04-13 09:30:00-04:00,111.42359924316406,111.77989959716797,103.87000274658203,104.2249984741211,20205710
2026-04-13 10:30:00-04:00,111.2249984741211,114.0999984741211,110.80000305175781,111.40010070800781,8321689
2026-04-13 11:30:00-04:00,111.51499938964844,112.0,109.87999725341797,111.23999786376953,5382962
2026-04-13 12:30:00-04:00,111.52999877929688,112.66999816894531,111.0,111.47000122070312,3875587
2026-04-13 13:30:00-04:00,110.66000366210938,111.6978988647461,110.2301025390625,111.5,3384378
2026-04-13 14:30:00-04:00,111.97830200195312,112.3499984741211,110.12999725341797,110.69999694824219,3969895
2026-04-13 15:30:00-04:00,110.2699966430664,112.5,110.01000213623047,111.9800033569336,5535348
2026-04-14 09:30:00-04:00,117.13500213623047,119.05999755859375,112.91000366210938,115.24500274658203,20411743
2026-04-14 10:30:00-04:00,116.2699966430664,117.27449798583984,114.5999984741211,117.18000030517578,5799196
2026-04-14 11:30:00-04:00,116.58000183105469,117.16999816894531,114.79000091552734,116.3499984741211,4336984
2026-04-14 12:30:00-04:00,117.91010284423828,118.19999694824219,116.0999984741211,116.61000061035156,3435522
2026-04-14 13:30:00-04:00,117.95999908447266,118.51000213623047,117.07009887695312,117.95500183105469,2857809
2026-04-14 14:30:00-04:00,117.78500366210938,118.69000244140625,117.42500305175781,117.96499633789062,3702805
2026-04-14 15:30:00-04:00,117.19000244140625,118.68000030517578,117.12999725341797,117.79969787597656,3194391
2026-04-15 09:30:00-04:00,116.44979858398438,121.36000061035156,113.87000274658203,119.90499877929688,14913132
2026-04-15 10:30:00-04:00,116.76000213623047,118.76499938964844,115.79000091552734,116.37999725341797,6228655
2026-04-15 11:30:00-04:00,118.11000061035156,118.91000366210938,115.94999694824219,116.7699966430664,4894922
2026-04-15 12:30:00-04:00,118.33000183105469,119.19000244140625,115.95999908447266,118.0999984741211,4483862
2026-04-15 13:30:00-04:00,118.65499877929688,119.0,117.90010070800781,118.33000183105469,3120096
2026-04-15 14:30:00-04:00,119.1500015258789,119.25,118.55999755859375,118.62000274658203,3401431
2026-04-15 15:30:00-04:00,118.67500305175781,119.5,118.61000061035156,119.12999725341797,4058905
2026-04-16 09:30:00-04:00,116.38999938964844,122.08000183105469,114.80000305175781,119.79499816894531,10386688
2026-04-16 10:30:00-04:00,117.30000305175781,118.47930145263672,116.31999969482422,116.38999938964844,3237104
2026-04-16 11:30:00-04:00,118.44499969482422,119.27999877929688,117.1500015258789,117.23999786376953,2751885
2026-04-16 12:30:00-04:00,117.2300033569336,118.73999786376953,116.66000366210938,118.4749984741211,2810354
2026-04-16 13:30:00-04:00,117.41999816894531,118.29000091552734,116.9000015258789,117.24259948730469,2372356
2026-04-16 14:30:00-04:00,118.21499633789062,118.4000015258789,117.4000015258789,117.45999908447266,2288102
2026-04-16 15:30:00-04:00,119.55000305175781,119.58999633789062,118.16000366210938,118.16000366210938,3021927
2026-04-17 09:30:00-04:00,116.77999877929688,120.69000244140625,116.0,120.38500213623047,8604128
2026-04-17 10:30:00-04:00,117.34500122070312,117.95999908447266,116.2301025390625,116.88999938964844,3702413
2026-04-17 11:30:00-04:00,118.38999938964844,118.5250015258789,116.05999755859375,117.34500122070312,2756175
2026-04-17 12:30:00-04:00,117.75,118.87999725341797,117.23999786376953,118.43000030517578,1627839
2026-04-17 13:30:00-04:00,118.0,118.9800033569336,117.70999908447266,117.83999633789062,1779656
2026-04-17 14:30:00-04:00,117.88500213623047,118.68000030517578,117.20120239257812,118.01000213623047,1775959
2026-04-17 15:30:00-04:00,116.80000305175781,117.91999816894531,116.61000061035156,117.91999816894531,2097764
2026-04-20 09:30:00-04:00,113.58879852294922,117.94999694824219,110.5999984741211,116.19499969482422,10884157
2026-04-20 10:30:00-04:00,117.5,117.5999984741211,112.80000305175781,113.5250015258789,4689271
2026-04-20 11:30:00-04:00,117.4000015258789,118.08000183105469,117.12000274658203,117.43000030517578,3039859
2026-04-20 12:30:00-04:00,116.77999877929688,117.56999969482422,114.90010070800781,117.38999938964844,3255815
2026-04-20 13:30:00-04:00,117.08999633789062,117.36000061035156,116.33000183105469,116.7699966430664,1792377
2026-04-20 14:30:00-04:00,117.12000274658203,117.66999816894531,116.91329956054688,117.12999725341797,1945825
2026-04-20 15:30:00-04:00,117.41500091552734,117.44999694824219,116.44000244140625,117.11000061035156,2659956
2026-04-21 09:30:00-04:00,117.91000366210938,120.81999969482422,116.47000122070312,118.20999908447266,5858571
2026-04-21 10:30:00-04:00,116.41999816894531,118.76950073242188,115.75,117.94999694824219,3074879
2026-04-21 11:30:00-04:00,115.54000091552734,116.8499984741211,115.51000213623047,116.43000030517578,1726458
2026-04-21 12:30:00-04:00,115.29000091552734,116.69999694824219,115.11000061035156,115.5199966430664,1788684
2026-04-21 13:30:00-04:00,115.43000030517578,116.77999877929688,115.19999694824219,115.23999786376953,1319806
2026-04-21 14:30:00-04:00,115.76010131835938,116.04000091552734,115.05000305175781,115.38500213623047,1170108
2026-04-21 15:30:00-04:00,115.1500015258789,116.1500015258789,113.80000305175781,115.80999755859375,2243866
2026-04-22 09:30:00-04:00,118.4800033569336,121.0,117.58000183105469,118.29989624023438,8464270
2026-04-22 10:30:00-04:00,123.0999984741211,123.1500015258789,118.04000091552734,118.4800033569336,5413088
2026-04-22 11:30:00-04:00,123.48999786376953,124.80000305175781,122.83000183105469,123.1500015258789,5161699
2026-04-22 12:30:00-04:00,124.43499755859375,124.75,123.13999938964844,123.47000122070312,3197048
2026-04-22 13:30:00-04:00,123.94999694824219,124.95359802246094,123.80000305175781,124.41500091552734,2430202
2026-04-22 14:30:00-04:00,124.33000183105469,124.75,123.47000122070312,123.93000030517578,1997632
2026-04-22 15:30:00-04:00,122.5,124.44000244140625,122.06009674072266,124.33000183105469,2977222
2026-04-23 09:30:00-04:00,121.55999755859375,124.19999694824219,119.81439971923828,122.0999984741211,5603834
2026-04-23 10:30:00-04:00,122.81500244140625,123.63999938964844,121.54499816894531,121.54499816894531,3809248
2026-04-23 11:30:00-04:00,119.79000091552734,122.93000030517578,119.76499938964844,122.84030151367188,2262984
2026-04-23 12:30:00-04:00,118.30000305175781,121.25,118.20999908447266,119.80000305175781,2503145
2026-04-23 13:30:00-04:00,118.94999694824219,119.79000091552734,116.1500015258789,118.32499694824219,2856495
2026-04-23 14:30:00-04:00,117.46499633789062,119.2699966430664,116.9000015258789,119.0,1738931
2026-04-23 15:30:00-04:00,117.43000030517578,117.62999725341797,116.56999969482422,117.48999786376953,1878516
2026-04-24 09:30:00-04:00,113.68000030517578,121.0,113.41999816894531,120.97000122070312,6207967
2026-04-24 10:30:00-04:00,113.0199966430664,114.68000030517578,111.5199966430664,113.69999694824219,4640306
2026-04-24 11:30:00-04:00,109.81999969482422,113.62000274658203,108.81009674072266,113.01000213623047,5397251
2026-04-24 12:30:00-04:00,108.5999984741211,110.80000305175781,106.51000213623047,109.88500213623047,6659532
2026-04-24 13:30:00-04:00,112.69999694824219,112.69999694824219,107.58499908447266,108.55999755859375,4218377
2026-04-24 14:30:00-04:00,110.75,113.18000030517578,110.19999694824219,112.69999694824219,2733305
2026-04-24 15:30:00-04:00,110.12999725341797,110.93000030517578,108.91000366210938,110.75499725341797,2463995
2026-04-27 09:30:00-04:00,107.5999984741211,110.20880126953125,105.0999984741211,109.93000030517578,6189544
2026-04-27 10:30:00-04:00,105.51000213623047,108.19989776611328,104.93000030517578,107.5199966430664,3220036
2026-04-27 11:30:00-04:00,107.83499908447266,107.86000061035156,105.5,105.5999984741211,2196710
2026-04-27 12:30:00-04:00,111.13500213623047,111.25,107.8499984741211,107.86000061035156,2625195
2026-04-27 13:30:00-04:00,111.2300033569336,112.06999969482422,110.31999969482422,111.12999725341797,2225736
2026-04-27 14:30:00-04:00,111.38999938964844,112.01000213623047,110.62999725341797,111.2249984741211,1931143
2026-04-27 15:30:00-04:00,112.0,112.80000305175781,110.68000030517578,111.38999938964844,2715854
2026-04-28 09:30:00-04:00,107.7249984741211,110.0,103.05000305175781,103.62000274658203,11786516
2026-04-28 10:30:00-04:00,105.69000244140625,108.0,104.55000305175781,107.69999694824219,4660519
2026-04-28 11:30:00-04:00,105.76000213623047,106.16999816894531,104.8499984741211,105.73999786376953,2059924
2026-04-28 12:30:00-04:00,106.57170104980469,106.9800033569336,105.4000015258789,105.74500274658203,1891404
2026-04-28 13:30:00-04:00,107.47000122070312,107.87999725341797,106.27999877929688,106.55000305175781,1746358
2026-04-28 14:30:00-04:00,107.47000122070312,108.19999694824219,106.41999816894531,107.5,1828168
2026-04-28 15:30:00-04:00,105.5,107.5199966430664,105.41000366210938,107.5199966430664,2304652
2026-04-29 09:30:00-04:00,114.23500061035156,114.69999694824219,107.05000305175781,108.19499969482422,8467954
2026-04-29 10:30:00-04:00,112.7750015258789,115.05999755859375,111.5000991821289,114.19999694824219,3945783
2026-04-29 11:30:00-04:00,111.82599639892578,112.94999694824219,111.0,112.69999694824219,1960152
2026-04-29 12:30:00-04:00,113.4000015258789,113.5999984741211,111.08000183105469,111.73999786376953,1948847
2026-04-29 13:30:00-04:00,114.46700286865234,114.58999633789062,112.75,113.4000015258789,2181882
2026-04-29 14:30:00-04:00,114.5199966430664,115.47000122070312,114.01000213623047,114.5,3241335
2026-04-29 15:30:00-04:00,114.19000244140625,114.75,113.51000213623047,114.4800033569336,2912761
2026-04-30 09:30:00-04:00,113.56999969482422,118.25,112.77999877929688,117.29000091552734,6994989
2026-04-30 10:30:00-04:00,114.90499877929688,115.1500015258789,111.51000213623047,113.55999755859375,3275148
2026-04-30 11:30:00-04:00,116.20500183105469,116.48999786376953,114.5199966430664,114.91999816894531,2422577
2026-04-30 12:30:00-04:00,115.37999725341797,116.73500061035156,115.0999984741211,116.18000030517578,1630225
2026-04-30 13:30:00-04:00,115.47000122070312,116.44989776611328,114.56999969482422,115.4000015258789,2291639
2026-04-30 14:30:00-04:00,113.59500122070312,116.05999755859375,113.58000183105469,115.44000244140625,2847931
2026-04-30 15:30:00-04:00,111.5999984741211,114.19000244140625,111.3499984741211,113.62999725341797,5023447
2026-05-01 09:30:00-04:00,119.91000366210938,121.8550033569336,113.19000244140625,114.11000061035156,10855916
2026-05-01 10:30:00-04:00,120.24500274658203,121.5199966430664,118.91000366210938,119.93000030517578,4153693
2026-05-01 11:30:00-04:00,119.8499984741211,121.3499984741211,119.13999938964844,120.27999877929688,2761661
2026-05-01 12:30:00-04:00,119.5199966430664,120.19999694824219,119.16059875488281,119.8499984741211,1791485
2026-05-01 13:30:00-04:00,118.66999816894531,119.58999633789062,118.0199966430664,119.5,2100132
2026-05-01 14:30:00-04:00,119.16999816894531,119.5,118.19999694824219,118.67500305175781,1609069
2026-05-01 15:30:00-04:00,118.9800033569336,119.5,118.73999786376953,119.20999908447266,2094672
2026-05-04 09:30:00-04:00,127.75,129.97000122070312,121.49009704589844,121.49009704589844,11584173
2026-05-04 10:30:00-04:00,126.06749725341797,129.19000244140625,125.16999816894531,127.82499694824219,4744232
2026-05-04 11:30:00-04:00,125.95999908447266,126.2300033569336,123.70999908447266,126.12000274658203,3474114
2026-05-04 12:30:00-04:00,127.29000091552734,127.30000305175781,125.62000274658203,126.0,2517606
2026-05-04 13:30:00-04:00,127.33499908447266,127.86000061035156,126.69000244140625,127.26499938964844,1780889
2026-05-04 14:30:00-04:00,127.33000183105469,128.0,126.69999694824219,127.37999725341797,2102946
2026-05-04 15:30:00-04:00,125.44999694824219,127.83499908447266,125.20999908447266,127.33999633789062,2478608
2026-05-05 09:30:00-04:00,127.4800033569336,127.69999694824219,122.52420043945312,125.04000091552734,7103437
2026-05-05 10:30:00-04:00,127.19999694824219,127.87000274658203,126.30000305175781,127.4800033569336,3249927
2026-05-05 11:30:00-04:00,128.10000610351562,129.1300048828125,126.68000030517578,127.20999908447266,2641527
2026-05-05 12:30:00-04:00,128.60000610351562,129.0,127.0999984741211,128.20579528808594,1755313
2026-05-05 13:30:00-04:00,128.4550018310547,128.80999755859375,127.58789825439453,128.60000610351562,1888684
2026-05-05 14:30:00-04:00,127.88999938964844,129.52000427246094,127.77999877929688,128.44000244140625,2637831
2026-05-05 15:30:00-04:00,127.87000274658203,128.25,127.37999725341797,127.86000061035156,2039872
2026-05-06 09:30:00-04:00,134.92999267578125,138.1999969482422,130.41000366210938,131.0749969482422,10750634
2026-05-06 10:30:00-04:00,136.35000610351562,137.39990234375,134.9199981689453,134.98500061035156,4086135
2026-05-06 11:30:00-04:00,136.99270629882812,138.1999969482422,136.16000366210938,136.4199981689453,2980107
2026-05-06 12:30:00-04:00,136.32009887695312,137.50999450683594,136.13800048828125,136.95010375976562,1994228
2026-05-06 13:30:00-04:00,137.3300018310547,137.47999572753906,136.14999389648438,136.36000061035156,2201219
2026-05-06 14:30:00-04:00,137.86000061035156,138.2100067138672,136.25,137.3800048828125,3902172
2026-05-06 15:30:00-04:00,138.02000427246094,138.25,137.25,137.83999633789062,3173356
2026-05-07 09:30:00-04:00,132.1999969482422,133.58889770507812,129.5,132.05499267578125,9957118
2026-05-07 10:30:00-04:00,129.77000427246094,132.94000244140625,129.49600219726562,132.1999969482422,4231109
2026-05-07 11:30:00-04:00,126.7300033569336,130.3800048828125,125.43000030517578,129.8000030517578,5190330
2026-05-07 12:30:00-04:00,127.23999786376953,128.32000732421875,125.69999694824219,126.75,3328378
2026-05-07 13:30:00-04:00,127.47000122070312,129.8800048828125,126.87000274658203,127.33989715576172,3103276
2026-05-07 14:30:00-04:00,127.93000030517578,128.72999572753906,126.80000305175781,127.37550354003906,2770891
2026-05-07 15:30:00-04:00,128.9199981689453,129.0,127.22000122070312,127.93000030517578,3289226
2026-05-08 09:30:00-04:00,113.52950286865234,123.75,113.38500213623047,118.45999908447266,19660069
2026-05-08 10:30:00-04:00,112.06999969482422,114.12000274658203,111.68099975585938,113.4800033569336,7497037
2026-05-08 11:30:00-04:00,111.46499633789062,112.75,110.55010223388672,112.11000061035156,4780631
2026-05-08 12:30:00-04:00,113.0999984741211,113.68000030517578,111.05500030517578,111.5199966430664,3644207
2026-05-08 13:30:00-04:00,113.71499633789062,114.09989929199219,112.59500122070312,113.05999755859375,3288713
2026-05-08 14:30:00-04:00,113.36000061035156,113.91999816894531,112.80010223388672,113.69000244140625,3088420
2026-05-08 15:30:00-04:00,114.12999725341797,114.19999694824219,112.7300033569336,113.25,3801306
2026-05-11 09:30:00-04:00,117.81500244140625,119.41000366210938,111.55000305175781,112.08999633789062,10217856
2026-05-11 10:30:00-04:00,117.33499908447266,119.4800033569336,117.11000061035156,117.81500244140625,3386398
2026-05-11 11:30:00-04:00,116.2300033569336,117.75,116.0999984741211,117.34500122070312,2264304
2026-05-11 12:30:00-04:00,114.93000030517578,116.20999908447266,114.05000305175781,116.18000030517578,2712363
2026-05-11 13:30:00-04:00,114.19499969482422,114.9800033569336,113.6500015258789,114.88999938964844,2215535
2026-05-11 14:30:00-04:00,112.7300033569336,114.80999755859375,112.55999755859375,114.22000122070312,2971507
2026-05-11 15:30:00-04:00,114.66999816894531,114.78500366210938,112.55000305175781,112.72000122070312,2726224
2026-05-12 09:30:00-04:00,105.2300033569336,110.9800033569336,105.11000061035156,110.92500305175781,11196663
2026-05-12 10:30:00-04:00,103.0,105.4800033569336,102.76100158691406,105.18000030517578,5917920
2026-05-12 11:30:00-04:00,102.27999877929688,104.0999984741211,102.22000122070312,103.01499938964844,3245846
2026-05-12 12:30:00-04:00,105.26000213623047,105.3499984741211,101.12010192871094,102.31999969482422,3415202
2026-05-12 13:30:00-04:00,105.63999938964844,106.26000213623047,104.67009735107422,105.2699966430664,2161398
2026-05-12 14:30:00-04:00,105.60980224609375,106.1885986328125,104.79000091552734,105.56999969482422,1793318
2026-05-12 15:30:00-04:00,107.76000213623047,107.8499984741211,105.61000061035156,105.61000061035156,3703716
2026-05-13 09:30:00-04:00,107.94999694824219,112.9800033569336,106.35009765625,112.94499969482422,9211842
2026-05-13 10:30:00-04:00,109.95999908447266,109.95999908447266,107.62999725341797,107.97000122070312,3005827
2026-05-13 11:30:00-04:00,111.56999969482422,111.87000274658203,109.65010070800781,109.95500183105469,2384762
2026-05-13 12:30:00-04:00,111.76000213623047,112.1050033569336,110.94000244140625,111.56500244140625,1737333
2026-05-13 13:30:00-04:00,112.22000122070312,112.44920349121094,110.94499969482422,111.74500274658203,1765314
2026-05-13 14:30:00-04:00,111.11000061035156,112.59149932861328,110.83999633789062,112.2249984741211,1934727
2026-05-13 15:30:00-04:00,111.29499816894531,112.0,111.12999725341797,111.12999725341797,1983193
2026-05-14 09:30:00-04:00,116.69999694824219,117.47989654541016,110.06009674072266,111.52999877929688,7895891
2026-05-14 10:30:00-04:00,117.54000091552734,117.91999816894531,115.86000061035156,116.62999725341797,4495767
2026-05-14 11:30:00-04:00,116.2509994506836,118.05000305175781,115.4000015258789,117.5199966430664,2589823
2026-05-14 12:30:00-04:00,113.9000015258789,118.20999908447266,113.70110321044922,116.33999633789062,3138521
2026-05-14 13:30:00-04:00,113.7750015258789,114.95999908447266,112.76000213623047,113.87999725341797,2984464
2026-05-14 14:30:00-04:00,113.68000030517578,115.38500213623047,113.56999969482422,113.7750015258789,2145845
2026-05-14 15:30:00-04:00,114.2300033569336,114.41999816894531,113.12000274658203,113.66999816894531,2386416
2026-05-15 09:30:00-04:00,108.20999908447266,110.32499694824219,107.22000122070312,109.46499633789062,6356709
2026-05-15 10:30:00-04:00,108.13999938964844,108.5999984741211,106.44000244140625,108.22000122070312,2875735
2026-05-15 11:30:00-04:00,107.30999755859375,109.4000015258789,107.0,108.18000030517578,2144980
2026-05-15 12:30:00-04:00,107.71499633789062,107.72000122070312,106.81999969482422,107.30999755859375,1322135
2026-05-15 13:30:00-04:00,108.87999725341797,109.75,107.69000244140625,107.69000244140625,2289655
2026-05-15 14:30:00-04:00,107.97000122070312,109.75,107.69999694824219,108.87000274658203,2184350
2026-05-15 15:30:00-04:00,107.4000015258789,108.59989929199219,106.70999908447266,107.90499877929688,2352786
2026-05-18 09:30:00-04:00,101.37999725341797,106.94999694824219,100.66000366210938,106.78500366210938,10841603
2026-05-18 10:30:00-04:00,100.26499938964844,101.5999984741211,99.77999877929688,101.37999725341797,5540483
2026-05-18 11:30:00-04:00,99.16500091552734,100.97000122070312,98.9000015258789,100.24500274658203,3676989
2026-05-18 12:30:00-04:00,100.5999984741211,100.77999877929688,98.6500015258789,99.16500091552734,3397521
2026-05-18 13:30:00-04:00,99.51499938964844,101.19869995117188,99.13999938964844,100.54499816894531,2424937
2026-05-18 14:30:00-04:00,101.4000015258789,101.875,99.36019897460938,99.4800033569336,3120230
2026-05-18 15:30:00-04:00,103.79830169677734,103.94999694824219,101.30000305175781,101.4000015258789,3775918
2026-05-19 09:30:00-04:00,95.54499816894531,101.30000305175781,94.81999969482422,98.61499786376953,10729705
2026-05-19 10:30:00-04:00,96.63500213623047,96.69000244140625,94.94000244140625,95.58999633789062,4061855
2026-05-19 11:30:00-04:00,97.9800033569336,98.27999877929688,96.48999786376953,96.56999969482422,3050617
2026-05-19 12:30:00-04:00,99.9000015258789,100.30000305175781,97.61000061035156,97.95999908447266,2608727
2026-05-19 13:30:00-04:00,100.23999786376953,101.30999755859375,99.26000213623047,99.9000015258789,2280081
2026-05-19 14:30:00-04:00,98.30000305175781,100.29000091552734,97.91999816894531,100.26000213623047,2616379
2026-05-19 15:30:00-04:00,99.7300033569336,99.98999786376953,97.85009765625,98.27999877929688,2742399
2026-05-20 09:30:00-04:00,100.73500061035156,102.19560241699219,98.0999984741211,101.57499694824219,6030214
2026-05-20 10:30:00-04:00,101.69999694824219,101.95999908447266,99.5999984741211,100.79000091552734,2752287
2026-05-20 11:30:00-04:00,101.37000274658203,102.73999786376953,100.87000274658203,101.7125015258789,2510981
2026-05-20 12:30:00-04:00,101.83000183105469,102.1500015258789,101.1500015258789,101.41999816894531,1451667
2026-05-20 13:30:00-04:00,101.43000030517578,102.27999877929688,101.18000030517578,101.8499984741211,1490137
2026-05-20 14:30:00-04:00,101.34500122070312,101.66069793701172,100.58000183105469,101.45999908447266,1816008
2026-05-20 15:30:00-04:00,101.27999877929688,101.95999908447266,100.7249984741211,101.36000061035156,2470594
2026-05-21 09:30:00-04:00,104.58499908447266,106.62999725341797,103.19999694824219,106.56999969482422,12143039
2026-05-21 10:30:00-04:00,105.19999694824219,106.80000305175781,104.5000991821289,104.5199966430664,3385293
2026-05-21 11:30:00-04:00,107.53500366210938,108.44000244140625,104.69999694824219,105.2249984741211,3914393
2026-05-21 12:30:00-04:00,107.12000274658203,107.83000183105469,106.27999877929688,107.53500366210938,2657806
2026-05-21 13:30:00-04:00,107.51000213623047,107.8582992553711,106.9000015258789,107.12000274658203,2234517
2026-05-21 14:30:00-04:00,106.66999816894531,108.4000015258789,106.27999877929688,107.54000091552734,3027858
2026-05-21 15:30:00-04:00,107.55999755859375,107.66000366210938,106.63999938964844,106.72000122070312,2555630
2026-05-22 09:30:00-04:00,105.79989624023438,109.80000305175781,105.06009674072266,109.30999755859375,6473303
2026-05-22 10:30:00-04:00,106.91500091552734,107.02989959716797,105.02120208740234,105.80000305175781,2912567
2026-05-22 11:30:00-04:00,106.4000015258789,107.41500091552734,106.01010131835938,106.91500091552734,1741561
2026-05-22 12:30:00-04:00,107.11000061035156,107.18000030517578,106.27999877929688,106.39990234375,1638851
2026-05-22 13:30:00-04:00,106.5999984741211,107.62999725341797,106.33000183105469,107.12999725341797,2099560
2026-05-22 14:30:00-04:00,105.07279968261719,106.59500122070312,104.88020324707031,106.56999969482422,1512572
2026-05-22 15:30:00-04:00,105.45999908447266,105.72000122070312,104.88999938964844,105.04000091552734,1843207
2026-05-26 09:30:00-04:00,107.0,109.19999694824219,106.0199966430664,108.23999786376953,7588278
2026-05-26 10:30:00-04:00,107.51010131835938,108.52999877929688,106.0999984741211,107.0,3329005
2026-05-26 11:30:00-04:00,107.05500030517578,108.2699966430664,106.36000061035156,107.51000213623047,1984887
2026-05-26 12:30:00-04:00,106.64250183105469,107.57990264892578,106.2300033569336,107.08999633789062,2154361
2026-05-26 13:30:00-04:00,106.0199966430664,107.45999908447266,105.86000061035156,106.63939666748047,1586683
2026-05-26 14:30:00-04:00,105.4800033569336,106.13999938964844,105.0,106.02549743652344,1590345
2026-05-26 15:30:00-04:00,105.8499984741211,106.06999969482422,105.37999725341797,105.47000122070312,1915144
2026-05-27 09:30:00-04:00,100.80500030517578,105.37999725341797,100.19999694824219,105.11000061035156,6532364
2026-05-27 10:30:00-04:00,100.30500030517578,101.5989990234375,100.0199966430664,100.7699966430664,3147317
2026-05-27 11:30:00-04:00,102.09500122070312,102.13999938964844,99.5999984741211,100.3499984741211,3774946
2026-05-27 12:30:00-04:00,102.6500015258789,103.95999908447266,101.81999969482422,102.09500122070312,2656147
2026-05-27 13:30:00-04:00,103.26000213623047,103.33589935302734,101.8499984741211,102.63999938964844,1379736
2026-05-27 14:30:00-04:00,103.05000305175781,103.91999816894531,102.80000305175781,103.31999969482422,1903506
2026-05-27 15:30:00-04:00,104.29000091552734,104.33000183105469,103.04000091552734,103.05000305175781,2306305
2026-05-28 09:30:00-04:00,104.95999908447266,108.48999786376953,103.62999725341797,107.98500061035156,8463094
2026-05-28 10:30:00-04:00,109.84500122070312,110.33000183105469,104.87000274658203,104.94999694824219,4729188
2026-05-28 11:30:00-04:00,107.94999694824219,109.88500213623047,107.22000122070312,109.80130004882812,2725053
2026-05-28 12:30:00-04:00,106.93000030517578,107.94499969482422,106.68000030517578,107.94000244140625,1518078
2026-05-28 13:30:00-04:00,106.94999694824219,107.30999755859375,106.5,106.92500305175781,1140415
2026-05-28 14:30:00-04:00,105.58999633789062,107.04000091552734,105.25,106.94499969482422,1577416
2026-05-28 15:30:00-04:00,106.83999633789062,107.12999725341797,105.52999877929688,105.58000183105469,1938344
2026-05-29 09:30:00-04:00,103.5199966430664,109.0,102.44999694824219,108.0199966430664,7426218
2026-05-29 10:30:00-04:00,105.125,105.61499786376953,102.30000305175781,103.49500274658203,4060905
2026-05-29 11:30:00-04:00,104.63999938964844,105.77999877929688,104.44999694824219,105.0999984741211,1887609
2026-05-29 12:30:00-04:00,105.90499877929688,106.55000305175781,104.27999877929688,104.65499877929688,1957023
2026-05-29 13:30:00-04:00,105.9749984741211,106.37000274658203,105.0999984741211,105.90499877929688,1287051
2026-05-29 14:30:00-04:00,105.76000213623047,106.18000030517578,104.91000366210938,105.9749984741211,1565425
2026-05-29 15:30:00-04:00,109.44999694824219,110.25,105.75,105.7699966430664,4930580
2026-06-01 09:30:00-04:00,125.45980072021484,125.83000183105469,114.71499633789062,115.0,19321488
2026-06-01 10:30:00-04:00,122.9000015258789,127.0,121.68499755859375,125.43000030517578,8509932
2026-06-01 11:30:00-04:00,123.18499755859375,125.0,122.63999938964844,122.86000061035156,5458748
2026-06-01 12:30:00-04:00,125.29000091552734,125.6500015258789,122.8499984741211,123.19000244140625,5648556
2026-06-01 13:30:00-04:00,127.12999725341797,127.84850311279297,124.83000183105469,125.33999633789062,4183281
2026-06-01 14:30:00-04:00,124.45999908447266,127.1698989868164,123.72000122070312,127.15499877929688,4846494
2026-06-01 15:30:00-04:00,124.95999908447266,125.55000305175781,123.31999969482422,124.44010162353516,4372071
2026-06-02 09:30:00-04:00,123.08999633789062,132.1300048828125,122.8009033203125,130.0,14560236
2026-06-02 10:30:00-04:00,124.04000091552734,124.52999877929688,122.0199966430664,123.2699966430664,5090538
2026-06-02 11:30:00-04:00,122.78459930419922,124.5,122.4000015258789,123.99500274658203,2726844
2026-06-02 12:30:00-04:00,121.5199966430664,122.8949966430664,120.61000061035156,122.80000305175781,2187380
2026-06-02 13:30:00-04:00,120.27999877929688,122.5199966430664,120.08000183105469,121.44010162353516,2036306
2026-06-02 14:30:00-04:00,119.58000183105469,121.17749786376953,118.87999725341797,120.27999877929688,2421192
2026-06-02 15:30:00-04:00,119.27999877929688,120.43000030517578,118.81999969482422,119.47000122070312,2534999
2026-06-03 09:30:00-04:00,113.93499755859375,121.95999908447266,110.69999694824219,119.69000244140625,10534272
2026-06-03 10:30:00-04:00,112.63500213623047,114.76000213623047,111.9010009765625,113.98999786376953,3269845
2026-06-03 11:30:00-04:00,111.25,112.87999725341797,110.80999755859375,112.69999694824219,2337230
2026-06-03 12:30:00-04:00,111.87000274658203,112.69000244140625,110.55000305175781,111.2300033569336,2341133
2026-06-03 13:30:00-04:00,113.05500030517578,113.0999984741211,111.5199966430664,111.81999969482422,1425791
2026-06-03 14:30:00-04:00,111.98500061035156,113.37000274658203,111.80000305175781,113.08989715576172,1647538
2026-06-03 15:30:00-04:00,110.9000015258789,112.41000366210938,110.69000244140625,111.98999786376953,2176672
2026-06-04 09:30:00-04:00,106.875,108.81999969482422,105.03949737548828,107.48999786376953,8457181
2026-06-04 10:30:00-04:00,107.25,107.77999877929688,106.04000091552734,106.875,3451098
2026-06-04 11:30:00-04:00,107.45500183105469,107.77999877929688,106.11000061035156,107.2699966430664,3892331
2026-06-04 12:30:00-04:00,108.62000274658203,108.91000366210938,107.16999816894531,107.48999786376953,1626206
2026-06-04 13:30:00-04:00,109.58000183105469,109.79000091552734,108.06999969482422,108.61000061035156,1444804
2026-06-04 14:30:00-04:00,109.66500091552734,110.44000244140625,108.5,109.54000091552734,2384643
2026-06-04 15:30:00-04:00,108.04499816894531,110.93000030517578,107.43000030517578,109.69999694824219,2140580
2026-06-05 09:30:00-04:00,101.6500015258789,104.75,100.70999908447266,104.63500213623047,7360174
2026-06-05 10:30:00-04:00,101.1449966430664,103.19999694824219,100.75,101.6500015258789,2771322
2026-06-05 11:30:00-04:00,99.23999786376953,101.26000213623047,99.19999694824219,101.08999633789062,4105533
2026-06-05 12:30:00-04:00,98.73999786376953,99.4800033569336,98.0,99.25990295410156,3725695
2026-06-05 13:30:00-04:00,96.66500091552734,99.19999694824219,96.55000305175781,98.70999908447266,2894057
2026-06-05 14:30:00-04:00,100.01499938964844,100.0199966430664,95.54010009765625,96.66500091552734,4473854
2026-06-05 15:30:00-04:00,100.4000015258789,100.77999877929688,99.125,100.0199966430664,3292294
2026-06-08 09:30:00-04:00,99.9800033569336,101.97000122070312,98.4000015258789,101.97000122070312,5897791
2026-06-08 10:30:00-04:00,102.11000061035156,102.8499984741211,99.86009979248047,99.96109771728516,2905582
2026-06-08 11:30:00-04:00,103.19999694824219,103.70099639892578,101.4800033569336,102.0999984741211,3613014
2026-06-08 12:30:00-04:00,102.8550033569336,104.30000305175781,102.12000274658203,103.24500274658203,3366299
2026-06-08 13:30:00-04:00,103.32499694824219,103.37539672851562,102.27999877929688,102.8499984741211,1415716
2026-06-08 14:30:00-04:00,101.9800033569336,103.4749984741211,101.3499984741211,103.30999755859375,1904024
2026-06-08 15:30:00-04:00,102.37000274658203,102.63999938964844,101.4000015258789,102.0199966430664,2280365
2026-06-09 09:30:00-04:00,101.80500030517578,105.37999725341797,100.54000091552734,103.98999786376953,6034207
2026-06-09 10:30:00-04:00,97.16000366210938,102.41999816894531,97.13999938964844,101.7699966430664,3749707
2026-06-09 11:30:00-04:00,95.3949966430664,98.69999694824219,94.25,97.22000122070312,3925724
2026-06-09 12:30:00-04:00,97.27999877929688,97.4800033569336,93.62000274658203,95.36000061035156,3465621
2026-06-09 13:30:00-04:00,98.19999694824219,98.5,96.30999755859375,97.29000091552734,1752303
2026-06-09 14:30:00-04:00,97.60990142822266,98.7499008178711,96.87999725341797,98.20999908447266,1866867
2026-06-09 15:30:00-04:00,98.45999908447266,98.48999786376953,97.30999755859375,97.61000061035156,2156424
2026-06-10 09:30:00-04:00,99.55000305175781,100.5,95.3499984741211,95.5,4575803
2026-06-10 10:30:00-04:00,95.90499877929688,99.88999938964844,95.33999633789062,99.51000213623047,2719442
2026-06-10 11:30:00-04:00,96.31500244140625,97.29000091552734,95.0999984741211,95.87999725341797,2041002
2026-06-10 12:30:00-04:00,96.18000030517578,96.94989776611328,95.5,96.31500244140625,1563875
2026-06-10 13:30:00-04:00,97.56999969482422,98.05000305175781,95.62999725341797,96.1500015258789,1717224
2026-06-10 14:30:00-04:00,95.70999908447266,97.55999755859375,95.41999816894531,97.55999755859375,1745271
2026-06-10 15:30:00-04:00,95.58000183105469,96.58509826660156,95.55000305175781,95.69999694824219,1933778
2026-06-11 09:30:00-04:00,92.87999725341797,94.97000122070312,91.0199966430664,92.62000274658203,6630845
2026-06-11 10:30:00-04:00,92.55999755859375,93.76000213623047,91.58499908447266,92.94999694824219,2182513
2026-06-11 11:30:00-04:00,92.3145980834961,93.56999969482422,92.30000305175781,92.51000213623047,1535113
2026-06-11 12:30:00-04:00,93.11000061035156,93.25,91.19999694824219,92.3550033569336,2245226
2026-06-11 13:30:00-04:00,93.31999969482422,94.55000305175781,92.69999694824219,93.22000122070312,2428244
2026-06-11 14:30:00-04:00,95.25,95.31999969482422,93.08999633789062,93.3499984741211,2576112
2026-06-11 15:30:00-04:00,95.81500244140625,96.5,95.19000244140625,95.2300033569336,3158827
2026-06-12 09:30:00-04:00,101.12419891357422,101.33000183105469,97.22000122070312,99.17500305175781,9823697
2026-06-12 10:30:00-04:00,105.05999755859375,105.55000305175781,100.0510025024414,101.16000366210938,9075076
2026-06-12 11:30:00-04:00,104.0199966430664,105.05999755859375,101.38999938964844,105.05999755859375,4831401
2026-06-12 12:30:00-04:00,104.5199966430664,105.3499984741211,103.94000244140625,104.04000091552734,2779584
2026-06-12 13:30:00-04:00,103.44300079345703,104.87999725341797,103.06999969482422,104.55000305175781,2452562
2026-06-12 14:30:00-04:00,101.98999786376953,103.98999786376953,101.82009887695312,103.44999694824219,2264077
2026-06-12 15:30:00-04:00,100.54000091552734,102.5999984741211,100.16000366210938,101.97000122070312,3306991
2026-06-15 09:30:00-04:00,107.33000183105469,107.94999694824219,103.80000305175781,104.1500015258789,7235389
2026-06-15 10:30:00-04:00,107.30000305175781,107.5,105.70999908447266,107.37000274658203,2713737
2026-06-15 11:30:00-04:00,108.23999786376953,108.5,107.2300033569336,107.30000305175781,2311032
2026-06-15 12:30:00-04:00,108.05999755859375,108.80000305175781,107.62999725341797,108.26000213623047,2003045
2026-06-15 13:30:00-04:00,108.0250015258789,108.37999725341797,107.6500015258789,108.06999969482422,1499584
2026-06-15 14:30:00-04:00,107.125,108.28500366210938,107.0,108.04000091552734,1667182
2026-06-15 15:30:00-04:00,106.70999908447266,108.0780029296875,106.2699966430664,107.12999725341797,2608856
2026-06-16 09:30:00-04:00,115.0199966430664,117.83000183105469,107.62000274658203,108.30000305175781,14411079
2026-06-16 10:30:00-04:00,115.44000244140625,118.11000061035156,113.33999633789062,115.05500030517578,6271293
2026-06-16 11:30:00-04:00,118.37999725341797,118.91999816894531,114.04000091552734,115.5,5053536
2026-06-16 12:30:00-04:00,117.5,118.42500305175781,116.41000366210938,118.37000274658203,2750725
2026-06-16 13:30:00-04:00,118.83499908447266,119.44999694824219,117.12000274658203,117.48999786376953,3069278
2026-06-16 14:30:00-04:00,116.76399993896484,118.9000015258789,116.19010162353516,118.83499908447266,3435910
2026-06-16 15:30:00-04:00,117.02999877929688,117.68000030517578,116.36000061035156,116.80500030517578,3808346
2026-06-17 09:30:00-04:00,119.93990325927734,121.9999008178711,116.87000274658203,116.9000015258789,8296874
2026-06-17 10:30:00-04:00,118.80999755859375,120.88999938964844,118.05999755859375,119.94000244140625,2808610
2026-06-17 11:30:00-04:00,119.54000091552734,120.00499725341797,118.5,118.79010009765625,1605302
2026-06-17 12:30:00-04:00,120.36499786376953,120.58999633789062,119.3499984741211,119.54000091552734,1620677
2026-06-17 13:30:00-04:00,119.06999969482422,120.47000122070312,117.54000091552734,120.33999633789062,2087139
2026-06-17 14:30:00-04:00,117.90499877929688,121.9800033569336,117.79000091552734,119.0199966430664,3358358
2026-06-17 15:30:00-04:00,115.25499725341797,118.5999984741211,114.9000015258789,117.81999969482422,3572554
2026-06-18 09:30:00-04:00,118.57499694824219,119.80000305175781,115.51010131835938,118.8499984741211,7153679
2026-06-18 10:30:00-04:00,118.25499725341797,119.88999938964844,117.14250183105469,118.57499694824219,3175663
2026-06-18 11:30:00-04:00,117.57499694824219,118.40499877929688,116.80000305175781,118.25499725341797,2422434
2026-06-18 12:30:00-04:00,116.125,117.89990234375,115.43000030517578,117.5999984741211,1909688
2026-06-18 13:30:00-04:00,115.73999786376953,116.69999694824219,114.70999908447266,116.13500213623047,2046817
2026-06-18 14:30:00-04:00,115.88500213623047,116.77999877929688,114.125,115.70999908447266,4098590
2026-06-18 15:30:00-04:00,118.05000305175781,118.69999694824219,115.26010131835938,115.83999633789062,6645356
2026-06-22 09:30:00-04:00,111.91999816894531,119.19000244140625,111.51000213623047,119.01000213623047,6844791
2026-06-22 10:30:00-04:00,110.00499725341797,112.62000274658203,108.58200073242188,111.94000244140625,4824944
2026-06-22 11:30:00-04:00,107.05500030517578,110.19000244140625,106.66999816894531,110.0199966430664,2830423
2026-06-22 12:30:00-04:00,110.2300033569336,110.33999633789062,106.61039733886719,107.06999969482422,3410923
2026-06-22 13:30:00-04:00,112.09919738769531,112.95999908447266,109.94000244140625,110.2300033569336,2691454
2026-06-22 14:30:00-04:00,110.37999725341797,112.92900085449219,110.31999969482422,112.09989929199219,2309452
2026-06-22 15:30:00-04:00,111.2699966430664,111.69999694824219,110.29000091552734,110.37000274658203,2414751
2026-06-23 09:30:00-04:00,110.83999633789062,111.61000061035156,101.95999908447266,102.91000366210938,9085220
2026-06-23 10:30:00-04:00,105.98999786376953,112.01000213623047,105.37999725341797,110.80999755859375,3911290
2026-06-23 11:30:00-04:00,107.37999725341797,108.4800033569336,105.41999816894531,106.0199966430664,2697719
2026-06-23 12:30:00-04:00,108.29499816894531,108.3499984741211,106.61000061035156,107.37999725341797,1365249
2026-06-23 13:30:00-04:00,106.30999755859375,108.29499816894531,106.08000183105469,108.29499816894531,1282767
2026-06-23 14:30:00-04:00,105.5999984741211,106.44000244140625,104.5,106.2699966430664,2010428
2026-06-23 15:30:00-04:00,105.68000030517578,106.29000091552734,105.05000305175781,105.5999984741211,2305450
2026-06-24 09:30:00-04:00,102.19969940185547,104.54000091552734,100.12999725341797,103.57499694824219,5740460
2026-06-24 10:30:00-04:00,103.29979705810547,103.55000305175781,101.86750030517578,102.23999786376953,2308405
2026-06-24 11:30:00-04:00,101.94300079345703,103.55000305175781,101.5999984741211,103.30000305175781,1528026
2026-06-24 12:30:00-04:00,99.93499755859375,102.08000183105469,99.9000015258789,101.94000244140625,2274711
2026-06-24 13:30:00-04:00,101.26499938964844,101.63999938964844,99.12999725341797,99.94999694824219,2602653
2026-06-24 14:30:00-04:00,99.81999969482422,101.38999938964844,98.25299835205078,101.27999877929688,2863476
2026-06-24 15:30:00-04:00,100.87000274658203,101.25,99.52999877929688,99.80000305175781,2162638
2026-06-25 09:30:00-04:00,101.9749984741211,106.54000091552734,98.41999816894531,105.01000213623047,6540001
2026-06-25 10:30:00-04:00,100.83509826660156,103.19999694824219,99.6500015258789,101.96499633789062,2494463
2026-06-25 11:30:00-04:00,101.30500030517578,102.19999694824219,100.12999725341797,100.91000366210938,1808721
2026-06-25 12:30:00-04:00,100.02010345458984,101.33000183105469,99.80999755859375,101.23999786376953,1422298
2026-06-25 13:30:00-04:00,100.30000305175781,100.51499938964844,99.62000274658203,100.05999755859375,1364963
2026-06-25 14:30:00-04:00,98.9800033569336,100.32990264892578,98.5,100.32990264892578,1775589
2026-06-25 15:30:00-04:00,98.76000213623047,99.21900177001953,98.5,99.0,1792194
2026-06-26 09:30:00-04:00,95.34500122070312,95.95999908447266,93.6500015258789,95.11000061035156,6206363
2026-06-26 10:30:00-04:00,94.30000305175781,95.55999755859375,93.5,95.30000305175781,3205348
2026-06-26 11:30:00-04:00,95.08000183105469,96.08000183105469,94.3301010131836,94.3499984741211,2606644
2026-06-26 12:30:00-04:00,95.63999938964844,96.58999633789062,95.11000061035156,95.11000061035156,1859081
2026-06-26 13:30:00-04:00,95.0199966430664,95.91999816894531,94.69999694824219,95.6500015258789,2723371
2026-06-26 14:30:00-04:00,95.62999725341797,96.05000305175781,94.54000091552734,95.01000213623047,2941154
2026-06-26 15:30:00-04:00,96.41999816894531,98.08999633789062,95.45010375976562,95.63999938964844,4051637
2026-06-29 09:30:00-04:00,91.69999694824219,98.47000122070312,89.55999755859375,98.41000366210938,8112125
2026-06-29 10:30:00-04:00,92.2699966430664,92.38999938964844,91.01000213623047,91.70989990234375,2878863
2026-06-29 11:30:00-04:00,93.98500061035156,94.58000183105469,92.125,92.31999969482422,2404686
2026-06-29 12:30:00-04:00,95.54000091552734,96.11000061035156,93.80000305175781,94.0,1930078
2026-06-29 13:30:00-04:00,94.7699966430664,95.68000030517578,94.5999984741211,95.55000305175781,1516222
2026-06-29 14:30:00-04:00,95.57730102539062,95.91999816894531,94.69999694824219,94.76000213623047,1776474
2026-06-29 15:30:00-04:00,95.45999908447266,96.16999816894531,95.18000030517578,95.56999969482422,1647951
2026-06-30 09:30:00-04:00,99.12000274658203,99.5999984741211,93.87999725341797,95.0999984741211,4860559
2026-06-30 10:30:00-04:00,97.72000122070312,99.58499908447266,96.42269897460938,99.12000274658203,3897154
2026-06-30 11:30:00-04:00,97.4749984741211,98.5,95.68000030517578,97.69000244140625,1861314
2026-06-30 12:30:00-04:00,97.79000091552734,98.7300033569336,97.3499984741211,97.4749984741211,937402
2026-06-30 13:30:00-04:00,97.73500061035156,98.61000061035156,97.73500061035156,97.86000061035156,1041569
2026-06-30 14:30:00-04:00,98.25,98.3499984741211,97.2300033569336,97.73999786376953,1160917
2026-06-30 15:30:00-04:00,99.48999786376953,99.79000091552734,97.92009735107422,98.25,2704597
2026-07-01 09:30:00-04:00,87.43000030517578,90.26000213623047,86.0,88.86499786376953,19335609
2026-07-01 10:30:00-04:00,87.44999694824219,87.80000305175781,85.05030059814453,87.43000030517578,11453025
2026-07-01 11:30:00-04:00,86.63500213623047,87.83000183105469,86.27999877929688,87.44499969482422,5183282
2026-07-01 12:30:00-04:00,87.20999908447266,87.38999938964844,85.88009643554688,86.6050033569336,5070966
2026-07-01 13:30:00-04:00,88.27999877929688,88.33000183105469,87.0199966430664,87.19999694824219,5008426
2026-07-01 14:30:00-04:00,87.05000305175781,88.72000122070312,86.35009765625,88.26000213623047,4886172
2026-07-01 15:30:00-04:00,85.68499755859375,87.56500244140625,85.01000213623047,87.04000091552734,6124934
2026-07-02 09:30:00-04:00,84.8550033569336,88.16999816894531,84.36000061035156,86.01000213623047,8518380
2026-07-02 10:30:00-04:00,82.2499008178711,85.45999908447266,81.94000244140625,84.87999725341797,6254919
2026-07-02 11:30:00-04:00,81.53620147705078,83.15499877929688,81.12999725341797,82.26499938964844,4002211
2026-07-02 12:30:00-04:00,80.95999908447266,81.54399871826172,80.55999755859375,81.5000991821289,3381022
2026-07-02 13:30:00-04:00,81.55999755859375,81.98999786376953,80.61000061035156,80.96279907226562,2735203
2026-07-02 14:30:00-04:00,81.99500274658203,82.19999694824219,81.33000183105469,81.55999755859375,2790561
2026-07-02 15:30:00-04:00,81.73999786376953,82.12999725341797,81.38999938964844,82.0,3162615
2026-07-06 09:30:00-04:00,86.1500015258789,86.86000061035156,82.50460052490234,83.01499938964844,7005959
2026-07-06 10:30:00-04:00,85.91000366210938,86.44999694824219,85.30500030517578,86.10009765625,2219973
2026-07-06 11:30:00-04:00,87.02999877929688,87.30000305175781,85.73600006103516,85.86000061035156,2278731
2026-07-06 12:30:00-04:00,86.82499694824219,87.54000091552734,86.22000122070312,87.0199966430664,1746555
2026-07-06 13:30:00-04:00,86.19999694824219,86.94999694824219,85.3499984741211,86.80000305175781,1584685
2026-07-06 14:30:00-04:00,86.02999877929688,86.62999725341797,85.81109619140625,86.18000030517578,1185962
2026-07-06 15:30:00-04:00,86.48999786376953,86.77989959716797,85.72000122070312,86.0,2054492
2026-07-07 09:30:00-04:00,80.37999725341797,85.2927017211914,79.79000091552734,83.7300033569336,6816194
2026-07-07 10:30:00-04:00,82.29000091552734,82.30999755859375,79.45600128173828,80.38500213623047,3073262
2026-07-07 11:30:00-04:00,83.4000015258789,83.6500015258789,81.37999725341797,82.30799865722656,2217848
2026-07-07 12:30:00-04:00,83.09500122070312,83.68000030517578,82.69010162353516,83.37999725341797,1562998
2026-07-07 13:30:00-04:00,82.8499984741211,84.55000305175781,82.82499694824219,83.12999725341797,2489778
2026-07-07 14:30:00-04:00,82.2300033569336,82.98999786376953,81.54000091552734,82.86509704589844,2065324
2026-07-07 15:30:00-04:00,83.55000305175781,83.7699966430664,82.16999816894531,82.22000122070312,2993709
2026-07-08 09:30:00-04:00,87.80000305175781,88.05000305175781,82.81999969482422,83.0,6472390
2026-07-08 10:30:00-04:00,84.94000244140625,88.13999938964844,84.51000213623047,87.80000305175781,3474359
2026-07-08 11:30:00-04:00,85.52999877929688,85.6980972290039,84.35009765625,84.93499755859375,1618964
2026-07-08 12:30:00-04:00,86.73999786376953,86.81999969482422,84.81999969482422,85.52999877929688,1864338
2026-07-08 13:30:00-04:00,87.11499786376953,87.98999786376953,86.1500015258789,86.76499938964844,1845247
2026-07-08 14:30:00-04:00,88.93499755859375,89.0479965209961,86.9801025390625,87.08999633789062,2553864
2026-07-08 15:30:00-04:00,90.0,90.1500015258789,88.94999694824219,88.94999694824219,3531748
2026-07-09 09:30:00-04:00,91.26499938964844,95.13590240478516,90.20999908447266,93.33000183105469,7583795
2026-07-09 10:30:00-04:00,92.9800033569336,93.34989929199219,91.12999725341797,91.2300033569336,2370660
2026-07-09 11:30:00-04:00,91.91510009765625,93.30000305175781,91.86840057373047,92.93000030517578,1474024
2026-07-09 12:30:00-04:00,91.52999877929688,92.16999816894531,91.44999694824219,91.94000244140625,1268145
2026-07-09 13:30:00-04:00,90.94000244140625,92.86000061035156,90.31009674072266,91.5199966430664,2084586
2026-07-09 14:30:00-04:00,89.62000274658203,91.29499816894531,89.4749984741211,90.95999908447266,2552402
2026-07-09 15:30:00-04:00,89.66000366210938,89.95999908447266,89.37200164794922,89.61499786376953,2513910
2026-07-10 09:30:00-04:00,89.88999938964844,91.30999755859375,87.93000030517578,89.88999938964844,3296090
2026-07-10 10:30:00-04:00,90.22000122070312,90.75,88.5999984741211,89.94000244140625,2107572
2026-07-10 11:30:00-04:00,89.2300033569336,90.29989624023438,89.01000213623047,90.20999908447266,1305274
2026-07-10 12:30:00-04:00,89.71499633789062,90.19000244140625,89.2699966430664,89.2699966430664,1269558
2026-07-10 13:30:00-04:00,89.98999786376953,90.32990264892578,89.58000183105469,89.70999908447266,981191
2026-07-10 14:30:00-04:00,89.11000061035156,90.63500213623047,88.79000091552734,89.97000122070312,1248879
2026-07-10 15:30:00-04:00,88.91000366210938,89.33999633789062,88.74500274658203,89.0999984741211,1554898
2026-07-13 09:30:00-04:00,88.02999877929688,88.17990112304688,84.23999786376953,86.94999694824219,4613797
2026-07-13 10:30:00-04:00,86.88999938964844,88.87999725341797,86.55000305175781,88.0999984741211,1969963
2026-07-13 11:30:00-04:00,84.56999969482422,86.91500091552734,84.42500305175781,86.88999938964844,1960991
2026-07-13 12:30:00-04:00,83.56999969482422,84.55000305175781,83.4000015258789,84.55000305175781,2193551
2026-07-13 13:30:00-04:00,82.94000244140625,83.66000366210938,82.89679718017578,83.59500122070312,1636571
2026-07-13 14:30:00-04:00,83.20999908447266,83.5199966430664,82.72000122070312,82.91999816894531,1758298
2026-07-13 15:30:00-04:00,83.33000183105469,83.7249984741211,82.94499969482422,83.2300033569336,2191316
2026-07-14 09:30:00-04:00,81.81999969482422,85.91000366210938,81.34860229492188,84.6449966430664,4954072
2026-07-14 10:30:00-04:00,81.69000244140625,82.60990142822266,81.44000244140625,81.86000061035156,2110016
2026-07-14 11:30:00-04:00,80.16999816894531,81.90499877929688,79.76000213623047,81.69499969482422,3385362
2026-07-14 12:30:00-04:00,79.20500183105469,80.41000366210938,78.4000015258789,80.1500015258789,3133448
2026-07-14 13:30:00-04:00,79.6500015258789,79.88500213623047,79.11119842529297,79.20999908447266,1864687
2026-07-14 14:30:00-04:00,80.1395034790039,80.6500015258789,79.2300033569336,79.66000366210938,2289795
2026-07-14 15:30:00-04:00,79.94999694824219,80.16999816894531,79.61499786376953,80.16000366210938,2020570
2026-07-15 09:30:00-04:00,77.44999694824219,80.63999938964844,77.05999755859375,78.73500061035156,5943082
2026-07-15 10:30:00-04:00,77.16500091552734,77.95500183105469,76.70999908447266,77.43000030517578,3161683
2026-07-15 11:30:00-04:00,75.32499694824219,77.19000244140625,75.09500122070312,77.19000244140625,3488144
2026-07-15 12:30:00-04:00,77.9000015258789,78.19999694824219,74.81009674072266,75.38999938964844,3875783
2026-07-15 13:30:00-04:00,78.11000061035156,78.5999984741211,77.01000213623047,77.87000274658203,1678439
2026-07-15 14:30:00-04:00,76.97000122070312,78.3667984008789,76.66000366210938,78.11000061035156,2068987
2026-07-15 15:30:00-04:00,77.13999938964844,77.5999984741211,76.7699966430664,76.9800033569336,1977009
2026-07-16 09:30:00-04:00,74.0999984741211,75.62000274658203,72.80010223388672,75.26000213623047,5340729
2026-07-16 10:30:00-04:00,73.21499633789062,74.12999725341797,72.94999694824219,74.0999984741211,2750896
2026-07-16 11:30:00-04:00,72.83000183105469,77.12000274658203,72.26000213623047,73.17500305175781,3393572
2026-07-16 12:30:00-04:00,73.27999877929688,73.87000274658203,72.63999938964844,72.8550033569336,2521617
2026-07-16 13:30:00-04:00,72.9000015258789,73.33000183105469,72.08000183105469,73.27999877929688,2661169
2026-07-16 14:30:00-04:00,73.37000274658203,73.55000305175781,72.66000366210938,72.87000274658203,2418106
2026-07-16 15:30:00-04:00,72.91999816894531,73.55000305175781,72.37000274658203,73.36000061035156,3112815
2026-07-17 09:30:00-04:00,72.89990234375,72.97579956054688,68.51000213623047,70.70999908447266,11668482
2026-07-17 10:30:00-04:00,72.9800033569336,74.47000122070312,72.30000305175781,72.86499786376953,5835088
2026-07-17 11:30:00-04:00,72.12999725341797,74.5,70.87999725341797,72.98999786376953,5243402
2026-07-17 12:30:00-04:00,73.9800033569336,74.0999984741211,71.94000244140625,72.12000274658203,2217678
2026-07-17 13:30:00-04:00,73.83000183105469,74.26000213623047,73.29000091552734,73.97000122070312,2094077
2026-07-17 14:30:00-04:00,72.90499877929688,74.23999786376953,72.19000244140625,73.80999755859375,2969791
2026-07-17 15:30:00-04:00,73.20999908447266,73.48999786376953,72.79519653320312,72.93000030517578,5322052
2026-07-20 09:30:00-04:00,77.07499694824219,79.30500030517578,75.18000030517578,75.75,7816531
2026-07-20 10:30:00-04:00,75.81340026855469,77.11499786376953,75.19999694824219,77.05999755859375,2686612
2026-07-20 11:30:00-04:00,75.09500122070312,75.97000122070312,74.83999633789062,75.82499694824219,2254704
2026-07-20 12:30:00-04:00,74.58499908447266,75.30000305175781,73.8499984741211,75.08999633789062,2230290
2026-07-20 13:30:00-04:00,74.61000061035156,75.09850311279297,74.06999969482422,74.5999984741211,1709167
2026-07-20 14:30:00-04:00,73.79000091552734,74.7300033569336,73.2699966430664,74.62999725341797,2024591
2026-07-20 15:30:00-04:00,73.05000305175781,73.98999786376953,73.01000213623047,73.81999969482422,2510751
2026-07-21 09:30:00-04:00,76.7300033569336,77.44000244140625,74.5,75.00150299072266,5349011
2026-07-21 10:30:00-04:00,77.80999755859375,78.36000061035156,76.61000061035156,76.7300033569336,3081656
2026-07-21 11:30:00-04:00,78.94000244140625,78.98999786376953,77.5,77.80000305175781,2566288
2026-07-21 12:30:00-04:00,79.86000061035156,80.44999694824219,78.93499755859375,78.93499755859375,3064437
2026-07-21 13:30:00-04:00,79.12999725341797,80.26000213623047,78.88009643554688,79.83999633789062,2563823
2026-07-21 14:30:00-04:00,78.16000366210938,79.12000274658203,77.60299682617188,79.07949829101562,1809115
2026-07-21 15:30:00-04:00,79.58000183105469,79.6500015258789,78.16000366210938,78.18000030517578,2864216
2026-07-22 09:30:00-04:00,84.15010070800781,85.37000274658203,79.58000183105469,80.29499816894531,9981509
2026-07-22 10:30:00-04:00,83.51000213623047,84.58999633789062,82.4000015258789,84.12999725341797,2604362
2026-07-22 11:30:00-04:00,83.9000015258789,84.2300033569336,83.2699966430664,83.44000244140625,1333647
2026-07-22 12:30:00-04:00,83.62000274658203,84.19000244140625,83.3499984741211,83.9000015258789,1141386
2026-07-22 13:30:00-04:00,82.67500305175781,83.63999938964844,82.29000091552734,83.62000274658203,1252253
2026-07-22 14:30:00-04:00,83.31500244140625,83.5999984741211,82.20999908447266,82.6500015258789,1503704
2026-07-22 15:30:00-04:00,82.5999984741211,83.51000213623047,82.5999984741211,83.27999877929688,2352049
2026-07-23 09:30:00-04:00,84.47000122070312,85.19000244140625,80.55999755859375,80.98999786376953,5705116
2026-07-23 10:30:00-04:00,81.3499984741211,84.72000122070312,80.91999816894531,84.5199966430664,2819816
2026-07-23 11:30:00-04:00,83.2750015258789,83.29000091552734,81.08000183105469,81.32499694824219,2017814
2026-07-23 12:30:00-04:00,82.73999786376953,83.37999725341797,82.08100128173828,83.27690124511719,1378848
2026-07-23 13:30:00-04:00,81.66000366210938,82.83499908447266,81.38999938964844,82.73999786376953,986789
2026-07-23 14:30:00-04:00,81.53500366210938,81.81999969482422,80.55000305175781,81.69000244140625,1375527
2026-07-23 15:30:00-04:00,81.11000061035156,81.68000030517578,80.62999725341797,81.55999755859375,2080387
2026-07-24 09:30:00-04:00,75.4000015258789,79.56929779052734,74.19999694824219,79.44999694824219,5767226
2026-07-24 10:30:00-04:00,74.99500274658203,75.78500366210938,74.31999969482422,75.43499755859375,3032166
2026-07-24 11:30:00-04:00,75.55500030517578,76.22000122070312,74.9000015258789,74.9800033569336,2055931
2026-07-24 12:30:00-04:00,74.54000091552734,75.58000183105469,73.9800033569336,75.5199966430664,2044732
2026-07-24 13:30:00-04:00,73.65499877929688,74.69000244140625,73.48149871826172,74.55999755859375,1815657
2026-07-24 14:30:00-04:00,73.19999694824219,73.69000244140625,72.97000122070312,73.66999816894531,2727983
2026-07-24 15:30:00-04:00,71.8499984741211,73.33000183105469,71.68190002441406,73.22000122070312,5494077
2026-07-27 09:30:00-04:00,70.58499908447266,74.91000366210938,70.56999969482422,73.70999908447266,5085582
2026-07-27 10:30:00-04:00,70.55999755859375,71.29000091552734,69.69000244140625,70.65499877929688,3128506
2026-07-27 11:30:00-04:00,71.05000305175781,71.12999725341797,69.73999786376953,70.51000213623047,2125946
2026-07-27 12:30:00-04:00,70.08999633789062,71.52799987792969,70.0250015258789,71.08999633789062,1321178
2026-07-27 13:30:00-04:00,70.4000015258789,70.87999725341797,70.07499694824219,70.08000183105469,1129332
2026-07-27 14:30:00-04:00,71.4000015258789,71.67459869384766,69.97000122070312,70.41000366210938,1824001
2026-07-27 15:30:00-04:00,70.79000091552734,71.4800033569336,70.27999877929688,71.38500213623047,2195710
2026-07-28 09:30:00-04:00,65.33999633789062,69.1500015258789,64.63300323486328,69.0,10376870
2026-07-28 10:30:00-04:00,66.80989837646484,66.96990203857422,64.83000183105469,65.3499984741211,4985985
2026-07-28 11:30:00-04:00,66.87000274658203,67.7300033569336,66.3499984741211,66.76000213623047,2760468
2026-07-28 12:30:00-04:00,67.29499816894531,68.1500015258789,66.43000030517578,66.86000061035156,3328132
2026-07-28 13:30:00-04:00,66.28500366210938,67.30999755859375,66.04010009765625,67.27999877929688,1976240
2026-07-28 14:30:00-04:00,67.13999938964844,67.13999938964844,66.16000366210938,66.30000305175781,1822400
2026-07-28 15:30:00-04:00,67.33999633789062,67.3949966430664,66.55000305175781,67.16999816894531,2459808
2026-07-29 09:30:00-04:00,63.18000030517578,66.88999938964844,63.09000015258789,66.65499877929688,7603203
2026-07-29 10:30:00-04:00,61.8849983215332,63.94499969482422,61.81999969482422,63.150001525878906,4706676
2026-07-29 11:30:00-04:00,61.599998474121094,62.36989974975586,60.54999923706055,61.8400993347168,5197404
2026-07-29 12:30:00-04:00,62.70000076293945,63.08000183105469,61.345001220703125,61.599998474121094,3312723
2026-07-29 13:30:00-04:00,63.029998779296875,64.73999786376953,62.654998779296875,62.68000030517578,4547930
2026-07-29 14:30:00-04:00,62.7400016784668,65.26000213623047,62.310001373291016,63.040000915527344,3966728
2026-07-29 15:30:00-04:00,60.810001373291016,63.040000915527344,60.599998474121094,62.73500061035156,5005931
2026-07-30 09:30:00-04:00,74.54000091552734,74.79149627685547,67.5999984741211,68.29499816894531,18520226
2026-07-30 10:30:00-04:00,74.4800033569336,74.91999816894531,72.33999633789062,74.53500366210938,6067102
2026-07-30 11:30:00-04:00,75.58999633789062,75.87000274658203,74.29499816894531,74.47000122070312,4605899
2026-07-30 12:30:00-04:00,74.06999969482422,75.56999969482422,73.5,75.56999969482422,3267461
2026-07-30 13:30:00-04:00,73.79000091552734,74.55899810791016,73.55010223388672,74.08999633789062,1816294
2026-07-30 14:30:00-04:00,74.44999694824219,75.24949645996094,73.30999755859375,73.79000091552734,2766676
2026-07-30 15:30:00-04:00,73.87999725341797,74.69000244140625,73.67250061035156,74.41000366210938,3977120
2026-07-31 09:30:00-04:00,71.87000274658203,78.5,69.97000122070312,77.03500366210938,10320626
2026-07-31 10:30:00-04:00,71.33000183105469,72.83000183105469,71.04000091552734,71.83999633789062,3368770
2026-07-31 11:30:00-04:00,71.49500274658203,71.68000030517578,70.47000122070312,71.33499908447266,2174371
2026-07-31 12:30:00-04:00,72.04000091552734,72.31999969482422,71.27999877929688,71.5,1552775
2026-07-31 13:30:00-04:00,71.94000244140625,72.43000030517578,71.56009674072266,72.01000213623047,1462032
2026-07-31 14:30:00-04:00,72.36000061035156,72.91999816894531,71.83999633789062,71.94999694824219,2026672
2026-07-31 15:30:00-04:00,71.77999877929688,72.41999816894531,71.62999725341797,72.3499984741211,3156846
2026-08-03 09:30:00-04:00,79.91000366210938,80.95999908447266,69.88999938964844,70.73999786376953,12897201
2026-08-03 10:30:00-04:00,82.22000122070312,82.86000061035156,79.35009765625,79.87999725341797,6275563
2026-08-03 11:30:00-04:00,84.1500015258789,84.3949966430664,81.88999938964844,82.19999694824219,4108045
2026-08-03 12:30:00-04:00,83.2301025390625,84.19989776611328,82.302001953125,84.1500015258789,3405712
2026-08-03 13:30:00-04:00,83.91999816894531,84.19999694824219,83.01000213623047,83.25499725341797,2210837
2026-08-03 14:30:00-04:00,85.63500213623047,86.19999694824219,83.5,83.93000030517578,5744428
2026-08-03 15:30:00-04:00,85.73999786376953,86.13999938964844,85.19000244140625,85.6500015258789,4529034
2026-08-04 09:30:00-04:00,90.62229919433594,91.73999786376953,86.34500122070312,86.36000061035156,11408320
2026-08-04 10:30:00-04:00,91.06500244140625,91.61000061035156,90.2699966430664,90.69999694824219,3556463
2026-08-04 11:30:00-04:00,92.16000366210938,92.80000305175781,90.93000030517578,91.09989929199219,3147039
2026-08-04 12:30:00-04:00,93.625,93.73999786376953,91.69999694824219,92.12999725341797,2956813
2026-08-04 13:30:00-04:00,93.30560302734375,94.30000305175781,92.9800033569336,93.625,3356992
2026-08-04 14:30:00-04:00,93.002197265625,93.83000183105469,92.55010223388672,93.30000305175781,2148825
2026-08-04 15:30:00-04:00,91.88999938964844,93.05999755859375,91.23999786376953,93.01000213623047,3395467
2026-08-05 09:30:00-04:00,91.94000244140625,94.14990234375,89.9000015258789,92.30000305175781,5934261
2026-08-05 10:30:00-04:00,92.2750015258789,92.91999816894531,90.81999969482422,91.80000305175781,2489618
2026-08-05 11:30:00-04:00,92.47000122070312,92.87999725341797,91.52999877929688,92.2750015258789,1700911
2026-08-05 12:30:00-04:00,91.3550033569336,92.5199966430664,91.08000183105469,92.4625015258789,1119230
2026-08-05 13:30:00-04:00,91.48999786376953,92.30500030517578,91.18000030517578,91.34500122070312,957462
2026-08-05 14:30:00-04:00,92.08000183105469,92.3499984741211,90.88999938964844,91.45999908447266,2342220
2026-08-05 15:30:00-04:00,89.87000274658203,92.44000244140625,89.77999877929688,92.11499786376953,3230218
2026-08-06 09:30:00-04:00,88.12999725341797,89.2300033569336,85.80000305175781,86.23999786376953,4980884
2026-08-06 10:30:00-04:00,88.79000091552734,89.04000091552734,86.80999755859375,88.19000244140625,1948698
2026-08-06 11:30:00-04:00,86.76000213623047,89.0,86.36000061035156,88.77999877929688,1436461
2026-08-06 12:30:00-04:00,86.5009994506836,87.11000061035156,86.30000305175781,86.76429748535156,1853690
2026-08-06 13:30:00-04:00,87.19999694824219,87.87999725341797,85.80000305175781,86.54000091552734,1458158
2026-08-06 14:30:00-04:00,86.5999984741211,87.18000030517578,86.18499755859375,87.15499877929688,1158468
2026-08-06 15:30:00-04:00,85.3499984741211,86.69999694824219,85.26000213623047,86.5999984741211,2305933
2026-08-07 09:30:00-04:00,87.94999694824219,90.80000305175781,85.58350372314453,89.2300033569336,6578718
2026-08-07 10:30:00-04:00,89.63500213623047,89.69999694824219,87.26000213623047,87.94999694824219,2333327
2026-08-07 11:30:00-04:00,89.38999938964844,90.02999877929688,89.06999969482422,89.6500015258789,1599205
2026-08-07 12:30:00-04:00,88.63999938964844,89.48999786376953,88.2699966430664,89.4000015258789,1197540
2026-08-07 13:30:00-04:00,89.8499984741211,90.2417984008789,88.61000061035156,88.63999938964844,1308325
2026-08-07 14:30:00-04:00,90.62999725341797,90.92500305175781,89.5,89.8499984741211,1676701
2026-08-07 15:30:00-04:00,90.66999816894531,91.02999877929688,89.72000122070312,90.58000183105469,2450265
2026-08-10 09:30:00-04:00,90.8125,93.9800033569336,89.30000305175781,92.3550033569336,6145005
2026-08-10 10:30:00-04:00,89.38999938964844,91.46990203857422,89.0999984741211,90.80339813232422,2462256
2026-08-10 11:30:00-04:00,89.90499877929688,90.51000213623047,89.01000213623047,89.4000015258789,1876034
2026-08-10 12:30:00-04:00,90.3499984741211,90.3499984741211,89.30999755859375,89.87999725341797,2002684
2026-08-10 13:30:00-04:00,88.75990295410156,90.30000305175781,88.62999725341797,90.30000305175781,1555120
2026-08-10 14:30:00-04:00,89.36000061035156,89.5199966430664,88.69499969482422,88.74569702148438,1424995
2026-08-10 15:30:00-04:00,88.18000030517578,89.4000015258789,88.18000030517578,89.36499786376953,2366895
2026-08-11 09:30:00-04:00,89.70999908447266,93.59549713134766,88.30000305175781,91.21499633789062,8218414
2026-08-11 10:30:00-04:00,89.1094970703125,89.80999755859375,88.59010314941406,89.70999908447266,3009531
2026-08-11 11:30:00-04:00,88.62000274658203,89.40029907226562,88.11000061035156,89.07499694824219,1873003
2026-08-11 12:30:00-04:00,88.94000244140625,89.55000305175781,88.56999969482422,88.63500213623047,1977288
2026-08-11 13:30:00-04:00,87.61000061035156,88.97000122070312,87.45999908447266,88.94999694824219,2679688
2026-08-11 14:30:00-04:00,88.79000091552734,88.8230972290039,87.46109771728516,87.63500213623047,2613409
2026-08-11 15:30:00-04:00,90.31999969482422,90.4990005493164,88.43479919433594,88.80999755859375,4937610
2026-08-12 09:30:00-04:00,107.31999969482422,111.81999969482422,105.94999694824219,108.69999694824219,42040553
2026-08-12 10:30:00-04:00,106.47989654541016,108.08999633789062,105.44000244140625,107.30999755859375,10160348
2026-08-12 11:30:00-04:00,106.6449966430664,108.05000305175781,105.95999908447266,106.43000030517578,6406025
2026-08-12 12:30:00-04:00,107.47000122070312,108.75,105.9800033569336,106.65499877929688,6884607
2026-08-12 13:30:00-04:00,108.23999786376953,108.5999984741211,107.13999938964844,107.5,5257957
2026-08-12 14:30:00-04:00,107.76000213623047,108.30999755859375,106.88999938964844,108.2300033569336,5357897
2026-08-12 15:30:00-04:00,107.67500305175781,108.44999694824219,107.55500030517578,107.76000213623047,6825996
2026-08-13 09:30:00-04:00,110.81999969482422,117.48999786376953,107.25,107.25,22630878
2026-08-13 10:30:00-04:00,110.05500030517578,111.69999694824219,109.6709976196289,110.80000305175781,6224466
2026-08-13 11:30:00-04:00,108.125,110.98999786376953,107.43009948730469,110.01000213623047,6043921
2026-08-13 12:30:00-04:00,108.04000091552734,109.06999969482422,107.08999633789062,108.11000061035156,4002402
2026-08-13 13:30:00-04:00,107.37000274658203,108.10980224609375,106.8499984741211,108.04000091552734,2535471
2026-08-13 14:30:00-04:00,107.30000305175781,108.52510070800781,107.16000366210938,107.37000274658203,3265904
2026-08-13 15:30:00-04:00,106.30999755859375,107.27999877929688,105.83999633789062,107.27999877929688,3567937
2026-08-14 09:30:00-04:00,104.52999877929688,110.30000305175781,103.50080108642578,106.9000015258789,11706056
2026-08-14 10:30:00-04:00,104.91000366210938,107.69000244140625,103.87000274658203,104.52999877929688,5488030
2026-08-14 11:30:00-04:00,104.69999694824219,105.52999877929688,103.58000183105469,104.91000366210938,3035220
2026-08-14 12:30:00-04:00,105.47000122070312,106.19999694824219,104.0999984741211,104.69999694824219,2782204
2026-08-14 13:30:00-04:00,104.69999694824219,105.69999694824219,104.54499816894531,105.47000122070312,1568141
2026-08-14 14:30:00-04:00,103.48500061035156,105.30999755859375,102.5,104.72000122070312,3373063
2026-08-14 15:30:00-04:00,105.25,105.98999786376953,103.47000122070312,103.4999008178711,3884125
2026-08-17 09:30:00-04:00,103.62999725341797,108.0,101.22000122070312,107.05000305175781,10584748
2026-08-17 10:30:00-04:00,105.68990325927734,105.74500274658203,103.08080291748047,103.66000366210938,3197438
2026-08-17 11:30:00-04:00,107.26000213623047,107.88999938964844,105.38999938964844,105.69000244140625,3960164
2026-08-17 12:30:00-04:00,106.97000122070312,108.20500183105469,106.33999633789062,107.2750015258789,3316417
2026-08-17 13:30:00-04:00,108.26499938964844,108.29949951171875,106.77999877929688,106.98999786376953,2314198
2026-08-17 14:30:00-04:00,107.1635971069336,109.9000015258789,106.88999938964844,108.29000091552734,3780915
2026-08-17 15:30:00-04:00,105.97000122070312,107.4198989868164,105.8499984741211,107.19000244140625,3227368
2026-08-18 09:30:00-04:00,98.76499938964844,102.37999725341797,97.12999725341797,101.48500061035156,12394533
2026-08-18 10:30:00-04:00,97.15989685058594,98.94000244140625,95.85009765625,98.7300033569336,4253040
2026-08-18 11:30:00-04:00,96.04000091552734,97.44000244140625,96.04000091552734,97.1500015258789,2040823
2026-08-18 12:30:00-04:00,94.76499938964844,96.44000244140625,94.1500015258789,96.04000091552734,4629263
2026-08-18 13:30:00-04:00,94.02999877929688,94.87999725341797,93.5,94.75,3233471
2026-08-18 14:30:00-04:00,94.1050033569336,94.16999816894531,94.02999877929688,94.02999877929688,116467
